date,district_code,district,region,latitude,longitude,imd_actual_mm,imd_normal_mm,imd_departure_percent,source_report
2025-02-01,492,Dakshina Kannada,Coastal Karnataka,12.84,74.86,0.00,0.00,-100.00,2025/FEB 2025/daily cum dated 01.02.2025.xls
2025-02-01,493,Udupi,Coastal Karnataka,13.34,74.74,0.00,0.00,-100.00,2025/FEB 2025/daily cum dated 01.02.2025.xls
2025-02-01,494,Uttara Kannada,Coastal Karnataka,14.79,74.69,0.00,0.00,-100.00,2025/FEB 2025/daily cum dated 01.02.2025.xls
2025-02-02,492,Dakshina Kannada,Coastal Karnataka,12.84,74.86,0.00,0.00,-100.00,2025/FEB 2025/daily cum dated 02.02.2025.xls
2025-02-02,493,Udupi,Coastal Karnataka,13.34,74.74,0.00,0.00,-100.00,2025/FEB 2025/daily cum dated 02.02.2025.xls
2025-02-02,494,Uttara Kannada,Coastal Karnataka,14.79,74.69,0.00,0.10,-100.00,2025/FEB 2025/daily cum dated 02.02.2025.xls
2025-02-03,492,Dakshina Kannada,Coastal Karnataka,12.84,74.86,0.00,0.00,-100.00,2025/FEB 2025/daily cum dated 03.02.2025.xls
2025-02-03,493,Udupi,Coastal Karnataka,13.34,74.74,0.00,0.10,-100.00,2025/FEB 2025/daily cum dated 03.02.2025.xls
2025-02-03,494,Uttara Kannada,Coastal Karnataka,14.79,74.69,0.00,0.00,-100.00,2025/FEB 2025/daily cum dated 03.02.2025.xls
2025-02-04,492,Dakshina Kannada,Coastal Karnataka,12.84,74.86,0.00,0.00,-100.00,2025/FEB 2025/daily cum dated 04.02.2025.xls
2025-02-04,493,Udupi,Coastal Karnataka,13.34,74.74,0.00,0.00,-100.00,2025/FEB 2025/daily cum dated 04.02.2025.xls
2025-02-04,494,Uttara Kannada,Coastal Karnataka,14.79,74.69,0.00,0.00,-100.00,2025/FEB 2025/daily cum dated 04.02.2025.xls
2025-02-05,492,Dakshina Kannada,Coastal Karnataka,12.84,74.86,0.00,0.10,-100.00,2025/FEB 2025/dailu cum dated 05.02.2025.xls
2025-02-05,493,Udupi,Coastal Karnataka,13.34,74.74,0.00,0.00,-100.00,2025/FEB 2025/dailu cum dated 05.02.2025.xls
2025-02-05,494,Uttara Kannada,Coastal Karnataka,14.79,74.69,0.00,0.00,-100.00,2025/FEB 2025/dailu cum dated 05.02.2025.xls
2025-02-06,492,Dakshina Kannada,Coastal Karnataka,12.84,74.86,0.00,0.10,-100.00,2025/FEB 2025/daily cum dated 06.02.2025.xls
2025-02-06,493,Udupi,Coastal Karnataka,13.34,74.74,0.00,0.00,-100.00,2025/FEB 2025/daily cum dated 06.02.2025.xls
2025-02-06,494,Uttara Kannada,Coastal Karnataka,14.79,74.69,0.00,0.10,-100.00,2025/FEB 2025/daily cum dated 06.02.2025.xls
2025-02-07,492,Dakshina Kannada,Coastal Karnataka,12.84,74.86,0.00,0.40,-100.00,2025/FEB 2025/daily cum dated 07.02.2025.xls
2025-02-07,493,Udupi,Coastal Karnataka,13.34,74.74,0.00,0.00,-100.00,2025/FEB 2025/daily cum dated 07.02.2025.xls
2025-02-07,494,Uttara Kannada,Coastal Karnataka,14.79,74.69,0.00,0.00,-100.00,2025/FEB 2025/daily cum dated 07.02.2025.xls
2025-02-08,492,Dakshina Kannada,Coastal Karnataka,12.84,74.86,0.00,0.00,-100.00,2025/FEB 2025/daily cum dated 08.02.2025.xls
2025-02-08,493,Udupi,Coastal Karnataka,13.34,74.74,0.00,0.10,-100.00,2025/FEB 2025/daily cum dated 08.02.2025.xls
2025-02-08,494,Uttara Kannada,Coastal Karnataka,14.79,74.69,0.00,0.00,-100.00,2025/FEB 2025/daily cum dated 08.02.2025.xls
2025-02-09,492,Dakshina Kannada,Coastal Karnataka,12.84,74.86,0.00,0.10,-100.00,2025/FEB 2025/daily Cum dated 09.02.2025.xls
2025-02-09,493,Udupi,Coastal Karnataka,13.34,74.74,0.00,0.00,-100.00,2025/FEB 2025/daily Cum dated 09.02.2025.xls
2025-02-09,494,Uttara Kannada,Coastal Karnataka,14.79,74.69,0.00,0.00,-100.00,2025/FEB 2025/daily Cum dated 09.02.2025.xls
2025-02-10,492,Dakshina Kannada,Coastal Karnataka,12.84,74.86,0.00,0.20,-100.00,2025/FEB 2025/daily cum dated 10.02.2025.xls
2025-02-10,493,Udupi,Coastal Karnataka,13.34,74.74,0.00,0.00,-100.00,2025/FEB 2025/daily cum dated 10.02.2025.xls
2025-02-10,494,Uttara Kannada,Coastal Karnataka,14.79,74.69,0.00,0.00,-100.00,2025/FEB 2025/daily cum dated 10.02.2025.xls
2025-02-11,492,Dakshina Kannada,Coastal Karnataka,12.84,74.86,0.00,0.00,-100.00,2025/FEB 2025/daily Cum dated 11.02.2025.xls
2025-02-11,493,Udupi,Coastal Karnataka,13.34,74.74,0.00,0.00,-100.00,2025/FEB 2025/daily Cum dated 11.02.2025.xls
2025-02-11,494,Uttara Kannada,Coastal Karnataka,14.79,74.69,0.00,0.00,-100.00,2025/FEB 2025/daily Cum dated 11.02.2025.xls
2025-02-12,492,Dakshina Kannada,Coastal Karnataka,12.84,74.86,0.00,0.10,-100.00,2025/FEB 2025/daily cum dated 12.02.2025.xls
2025-02-12,493,Udupi,Coastal Karnataka,13.34,74.74,0.00,0.10,-100.00,2025/FEB 2025/daily cum dated 12.02.2025.xls
2025-02-12,494,Uttara Kannada,Coastal Karnataka,14.79,74.69,0.00,0.00,-100.00,2025/FEB 2025/daily cum dated 12.02.2025.xls
2025-02-13,492,Dakshina Kannada,Coastal Karnataka,12.84,74.86,0.00,0.00,-100.00,2025/FEB 2025/daily cum dated 13.02.2025.xls
2025-02-13,493,Udupi,Coastal Karnataka,13.34,74.74,0.00,0.10,-100.00,2025/FEB 2025/daily cum dated 13.02.2025.xls
2025-02-13,494,Uttara Kannada,Coastal Karnataka,14.79,74.69,0.00,0.00,-100.00,2025/FEB 2025/daily cum dated 13.02.2025.xls
2025-02-14,492,Dakshina Kannada,Coastal Karnataka,12.84,74.86,0.00,0.20,-100.00,2025/FEB 2025/daily cum dated 14.02.2025.xls
2025-02-14,493,Udupi,Coastal Karnataka,13.34,74.74,0.00,0.00,-100.00,2025/FEB 2025/daily cum dated 14.02.2025.xls
2025-02-14,494,Uttara Kannada,Coastal Karnataka,14.79,74.69,0.00,0.00,-100.00,2025/FEB 2025/daily cum dated 14.02.2025.xls
2025-02-15,492,Dakshina Kannada,Coastal Karnataka,12.84,74.86,0.00,0.50,-100.00,2025/FEB 2025/daily cum dated 15.02.2025.xls
2025-02-15,493,Udupi,Coastal Karnataka,13.34,74.74,0.00,0.20,-100.00,2025/FEB 2025/daily cum dated 15.02.2025.xls
2025-02-15,494,Uttara Kannada,Coastal Karnataka,14.79,74.69,0.00,0.20,-100.00,2025/FEB 2025/daily cum dated 15.02.2025.xls
2025-02-16,492,Dakshina Kannada,Coastal Karnataka,12.84,74.86,0.00,0.10,-100.00,2025/FEB 2025/daily Cum dated 16.02.2025.xls
2025-02-16,493,Udupi,Coastal Karnataka,13.34,74.74,0.00,0.10,-100.00,2025/FEB 2025/daily Cum dated 16.02.2025.xls
2025-02-16,494,Uttara Kannada,Coastal Karnataka,14.79,74.69,0.00,0.10,-100.00,2025/FEB 2025/daily Cum dated 16.02.2025.xls
2025-02-17,492,Dakshina Kannada,Coastal Karnataka,12.84,74.86,0.00,0.40,-100.00,2025/FEB 2025/daily cum dated 17.02.2025.xls
2025-02-17,493,Udupi,Coastal Karnataka,13.34,74.74,0.00,0.10,-100.00,2025/FEB 2025/daily cum dated 17.02.2025.xls
2025-02-17,494,Uttara Kannada,Coastal Karnataka,14.79,74.69,0.00,0.20,-100.00,2025/FEB 2025/daily cum dated 17.02.2025.xls
2025-02-18,492,Dakshina Kannada,Coastal Karnataka,12.84,74.86,0.00,0.10,-100.00,2025/FEB 2025/daily Cum dated 18.02.2025.xls
2025-02-18,493,Udupi,Coastal Karnataka,13.34,74.74,0.00,0.00,-100.00,2025/FEB 2025/daily Cum dated 18.02.2025.xls
2025-02-18,494,Uttara Kannada,Coastal Karnataka,14.79,74.69,0.00,0.00,-100.00,2025/FEB 2025/daily Cum dated 18.02.2025.xls
2025-02-19,492,Dakshina Kannada,Coastal Karnataka,12.84,74.86,0.00,0.00,-100.00,2025/FEB 2025/daily cum dated 19.02.2025.xls
2025-02-19,493,Udupi,Coastal Karnataka,13.34,74.74,0.00,0.00,-100.00,2025/FEB 2025/daily cum dated 19.02.2025.xls
2025-02-19,494,Uttara Kannada,Coastal Karnataka,14.79,74.69,0.00,0.00,-100.00,2025/FEB 2025/daily cum dated 19.02.2025.xls
2025-02-20,492,Dakshina Kannada,Coastal Karnataka,12.84,74.86,0.00,0.20,-100.00,2025/FEB 2025/daily cum dated 20.02.2025.xls
2025-02-20,493,Udupi,Coastal Karnataka,13.34,74.74,0.00,0.00,-100.00,2025/FEB 2025/daily cum dated 20.02.2025.xls
2025-02-20,494,Uttara Kannada,Coastal Karnataka,14.79,74.69,0.00,0.00,-100.00,2025/FEB 2025/daily cum dated 20.02.2025.xls
2025-02-21,492,Dakshina Kannada,Coastal Karnataka,12.84,74.86,0.00,0.00,-100.00,2025/FEB 2025/daily cum dated 21.02.2025.xls
2025-02-21,493,Udupi,Coastal Karnataka,13.34,74.74,0.00,0.00,-100.00,2025/FEB 2025/daily cum dated 21.02.2025.xls
2025-02-21,494,Uttara Kannada,Coastal Karnataka,14.79,74.69,0.00,0.00,-100.00,2025/FEB 2025/daily cum dated 21.02.2025.xls
2025-02-22,492,Dakshina Kannada,Coastal Karnataka,12.84,74.86,0.00,0.00,-100.00,2025/FEB 2025/daily cum dated 22.02.2025.xls
2025-02-22,493,Udupi,Coastal Karnataka,13.34,74.74,0.00,0.00,-100.00,2025/FEB 2025/daily cum dated 22.02.2025.xls
2025-02-22,494,Uttara Kannada,Coastal Karnataka,14.79,74.69,0.00,0.10,-100.00,2025/FEB 2025/daily cum dated 22.02.2025.xls
2025-02-23,492,Dakshina Kannada,Coastal Karnataka,12.84,74.86,0.30,0.10,178.00,2025/FEB 2025/daily cum dated 23.02.2025.xls
2025-02-23,493,Udupi,Coastal Karnataka,13.34,74.74,0.00,0.00,-100.00,2025/FEB 2025/daily cum dated 23.02.2025.xls
2025-02-23,494,Uttara Kannada,Coastal Karnataka,14.79,74.69,0.00,0.00,-100.00,2025/FEB 2025/daily cum dated 23.02.2025.xls
2025-02-24,492,Dakshina Kannada,Coastal Karnataka,12.84,74.86,0.00,0.00,-100.00,2025/FEB 2025/daily Cum dated 24.02.2025.xls
2025-02-24,493,Udupi,Coastal Karnataka,13.34,74.74,0.00,0.00,-100.00,2025/FEB 2025/daily Cum dated 24.02.2025.xls
2025-02-24,494,Uttara Kannada,Coastal Karnataka,14.79,74.69,1.60,0.00,200.00,2025/FEB 2025/daily Cum dated 24.02.2025.xls
2025-02-25,492,Dakshina Kannada,Coastal Karnataka,12.84,74.86,0.00,0.00,-100.00,2025/FEB 2025/daily Cum dated 25.02.2025.xls
2025-02-25,493,Udupi,Coastal Karnataka,13.34,74.74,0.00,0.00,-100.00,2025/FEB 2025/daily Cum dated 25.02.2025.xls
2025-02-25,494,Uttara Kannada,Coastal Karnataka,14.79,74.69,0.00,0.00,-100.00,2025/FEB 2025/daily Cum dated 25.02.2025.xls
2025-02-26,492,Dakshina Kannada,Coastal Karnataka,12.84,74.86,0.00,0.00,-100.00,2025/FEB 2025/daily Cum dated 26.02.2025.xls
2025-02-26,493,Udupi,Coastal Karnataka,13.34,74.74,0.00,0.00,-100.00,2025/FEB 2025/daily Cum dated 26.02.2025.xls
2025-02-26,494,Uttara Kannada,Coastal Karnataka,14.79,74.69,0.00,0.00,-100.00,2025/FEB 2025/daily Cum dated 26.02.2025.xls
2025-02-27,492,Dakshina Kannada,Coastal Karnataka,12.84,74.86,0.00,0.00,-100.00,2025/FEB 2025/daily Cum dated 27.02.2025.xls
2025-02-27,493,Udupi,Coastal Karnataka,13.34,74.74,0.00,0.00,-100.00,2025/FEB 2025/daily Cum dated 27.02.2025.xls
2025-02-27,494,Uttara Kannada,Coastal Karnataka,14.79,74.69,0.00,0.00,-100.00,2025/FEB 2025/daily Cum dated 27.02.2025.xls
2025-02-28,492,Dakshina Kannada,Coastal Karnataka,12.84,74.86,0.00,0.00,-100.00,2025/FEB 2025/daily cum dated 28.02.2025.xls
2025-02-28,493,Udupi,Coastal Karnataka,13.34,74.74,0.00,0.00,-100.00,2025/FEB 2025/daily cum dated 28.02.2025.xls
2025-02-28,494,Uttara Kannada,Coastal Karnataka,14.79,74.69,0.00,0.00,-100.00,2025/FEB 2025/daily cum dated 28.02.2025.xls
2025-03-01,492,Dakshina Kannada,Coastal Karnataka,12.84,74.86,0.00,0.00,-100.00,2025/March 2025/daily cum dated 01.03.2025.xls
2025-03-01,493,Udupi,Coastal Karnataka,13.34,74.74,0.00,0.00,-100.00,2025/March 2025/daily cum dated 01.03.2025.xls
2025-03-01,494,Uttara Kannada,Coastal Karnataka,14.79,74.69,0.00,0.20,-100.00,2025/March 2025/daily cum dated 01.03.2025.xls
2025-03-02,492,Dakshina Kannada,Coastal Karnataka,12.84,74.86,0.00,0.20,-100.00,2025/March 2025/daily cum dated 02.03.2025.xls
2025-03-02,493,Udupi,Coastal Karnataka,13.34,74.74,0.00,0.30,-100.00,2025/March 2025/daily cum dated 02.03.2025.xls
2025-03-02,494,Uttara Kannada,Coastal Karnataka,14.79,74.69,0.00,0.10,-100.00,2025/March 2025/daily cum dated 02.03.2025.xls
2025-03-03,492,Dakshina Kannada,Coastal Karnataka,12.84,74.86,0.00,0.00,-100.00,2025/March 2025/daily cum dated 03.03.2025.xls
2025-03-03,493,Udupi,Coastal Karnataka,13.34,74.74,0.00,0.00,-100.00,2025/March 2025/daily cum dated 03.03.2025.xls
2025-03-03,494,Uttara Kannada,Coastal Karnataka,14.79,74.69,0.00,0.00,-100.00,2025/March 2025/daily cum dated 03.03.2025.xls
2025-03-04,492,Dakshina Kannada,Coastal Karnataka,12.84,74.86,0.00,0.10,-100.00,2025/March 2025/daily cum dated 04.03.2025.xls
2025-03-04,493,Udupi,Coastal Karnataka,13.34,74.74,0.00,0.00,-100.00,2025/March 2025/daily cum dated 04.03.2025.xls
2025-03-04,494,Uttara Kannada,Coastal Karnataka,14.79,74.69,0.00,0.00,-100.00,2025/March 2025/daily cum dated 04.03.2025.xls
2025-03-05,492,Dakshina Kannada,Coastal Karnataka,12.84,74.86,0.00,0.60,-100.00,2025/March 2025/daily cum dated 05.03.2025.xls
2025-03-05,493,Udupi,Coastal Karnataka,13.34,74.74,0.00,0.10,-100.00,2025/March 2025/daily cum dated 05.03.2025.xls
2025-03-05,494,Uttara Kannada,Coastal Karnataka,14.79,74.69,0.00,0.00,-100.00,2025/March 2025/daily cum dated 05.03.2025.xls
2025-03-06,492,Dakshina Kannada,Coastal Karnataka,12.84,74.86,0.00,0.30,-100.00,2025/March 2025/daily cum dated 06.03.2025.xls
2025-03-06,493,Udupi,Coastal Karnataka,13.34,74.74,0.00,0.00,-100.00,2025/March 2025/daily cum dated 06.03.2025.xls
2025-03-06,494,Uttara Kannada,Coastal Karnataka,14.79,74.69,0.00,0.00,-100.00,2025/March 2025/daily cum dated 06.03.2025.xls
2025-03-07,492,Dakshina Kannada,Coastal Karnataka,12.84,74.86,0.00,0.30,-100.00,2025/March 2025/daily cum dated 07.03.2025.xls
2025-03-07,493,Udupi,Coastal Karnataka,13.34,74.74,0.00,0.10,-100.00,2025/March 2025/daily cum dated 07.03.2025.xls
2025-03-07,494,Uttara Kannada,Coastal Karnataka,14.79,74.69,0.00,0.00,-100.00,2025/March 2025/daily cum dated 07.03.2025.xls
2025-03-08,492,Dakshina Kannada,Coastal Karnataka,12.84,74.86,0.00,0.80,-100.00,2025/March 2025/daily cum dated 08.03.2025.xls
2025-03-08,493,Udupi,Coastal Karnataka,13.34,74.74,0.00,0.30,-100.00,2025/March 2025/daily cum dated 08.03.2025.xls
2025-03-08,494,Uttara Kannada,Coastal Karnataka,14.79,74.69,0.00,0.20,-100.00,2025/March 2025/daily cum dated 08.03.2025.xls
2025-03-09,492,Dakshina Kannada,Coastal Karnataka,12.84,74.86,0.00,0.70,-100.00,2025/March 2025/daily cum dated 09.03.2025.xls
2025-03-09,493,Udupi,Coastal Karnataka,13.34,74.74,0.00,0.20,-100.00,2025/March 2025/daily cum dated 09.03.2025.xls
2025-03-09,494,Uttara Kannada,Coastal Karnataka,14.79,74.69,0.00,0.10,-100.00,2025/March 2025/daily cum dated 09.03.2025.xls
2025-03-10,492,Dakshina Kannada,Coastal Karnataka,12.84,74.86,0.00,0.40,-100.00,2025/March 2025/Specified Period 10.03.2025.xls
2025-03-10,493,Udupi,Coastal Karnataka,13.34,74.74,0.00,0.10,-100.00,2025/March 2025/Specified Period 10.03.2025.xls
2025-03-10,494,Uttara Kannada,Coastal Karnataka,14.79,74.69,0.00,0.10,-100.00,2025/March 2025/Specified Period 10.03.2025.xls
2025-03-11,492,Dakshina Kannada,Coastal Karnataka,12.84,74.86,0.00,0.30,-100.00,2025/March 2025/daily cum dated 11.03.2025.xls
2025-03-11,493,Udupi,Coastal Karnataka,13.34,74.74,0.00,0.00,-100.00,2025/March 2025/daily cum dated 11.03.2025.xls
2025-03-11,494,Uttara Kannada,Coastal Karnataka,14.79,74.69,0.00,0.20,-100.00,2025/March 2025/daily cum dated 11.03.2025.xls
2025-03-12,492,Dakshina Kannada,Coastal Karnataka,12.84,74.86,0.00,0.70,-100.00,2025/March 2025/Specified Period 12.03.2025.xls
2025-03-12,493,Udupi,Coastal Karnataka,13.34,74.74,0.00,0.20,-100.00,2025/March 2025/Specified Period 12.03.2025.xls
2025-03-12,494,Uttara Kannada,Coastal Karnataka,14.79,74.69,0.00,0.00,-100.00,2025/March 2025/Specified Period 12.03.2025.xls
2025-03-13,492,Dakshina Kannada,Coastal Karnataka,12.84,74.86,33.90,0.50,6671.00,2025/March 2025/Specified Period 13.03.2025.xls
2025-03-13,493,Udupi,Coastal Karnataka,13.34,74.74,0.00,0.20,-100.00,2025/March 2025/Specified Period 13.03.2025.xls
2025-03-13,494,Uttara Kannada,Coastal Karnataka,14.79,74.69,0.00,0.10,-100.00,2025/March 2025/Specified Period 13.03.2025.xls
2025-03-14,492,Dakshina Kannada,Coastal Karnataka,12.84,74.86,0.00,0.40,-100.00,2025/March 2025/Specified Period 14.03.2025.xls
2025-03-14,493,Udupi,Coastal Karnataka,13.34,74.74,0.00,0.50,-100.00,2025/March 2025/Specified Period 14.03.2025.xls
2025-03-14,494,Uttara Kannada,Coastal Karnataka,14.79,74.69,0.00,0.20,-100.00,2025/March 2025/Specified Period 14.03.2025.xls
2025-03-15,492,Dakshina Kannada,Coastal Karnataka,12.84,74.86,0.00,0.80,-100.00,2025/March 2025/Specified Period 15.03.2025.xls
2025-03-15,493,Udupi,Coastal Karnataka,13.34,74.74,0.00,0.90,-100.00,2025/March 2025/Specified Period 15.03.2025.xls
2025-03-15,494,Uttara Kannada,Coastal Karnataka,14.79,74.69,0.00,0.10,-100.00,2025/March 2025/Specified Period 15.03.2025.xls
2025-03-16,492,Dakshina Kannada,Coastal Karnataka,12.84,74.86,0.00,0.50,-100.00,2025/March 2025/Specified Period 16.03.2025.xls
2025-03-16,493,Udupi,Coastal Karnataka,13.34,74.74,0.00,0.40,-100.00,2025/March 2025/Specified Period 16.03.2025.xls
2025-03-16,494,Uttara Kannada,Coastal Karnataka,14.79,74.69,0.00,0.20,-100.00,2025/March 2025/Specified Period 16.03.2025.xls
2025-03-17,492,Dakshina Kannada,Coastal Karnataka,12.84,74.86,0.00,0.60,-100.00,2025/March 2025/Specified Period 17.03.2025.xls
2025-03-17,493,Udupi,Coastal Karnataka,13.34,74.74,0.00,0.20,-100.00,2025/March 2025/Specified Period 17.03.2025.xls
2025-03-17,494,Uttara Kannada,Coastal Karnataka,14.79,74.69,0.00,0.20,-100.00,2025/March 2025/Specified Period 17.03.2025.xls
2025-03-18,492,Dakshina Kannada,Coastal Karnataka,12.84,74.86,0.00,0.30,-100.00,2025/March 2025/Specified Period 18.03.2025.xls
2025-03-18,493,Udupi,Coastal Karnataka,13.34,74.74,0.00,0.10,-100.00,2025/March 2025/Specified Period 18.03.2025.xls
2025-03-18,494,Uttara Kannada,Coastal Karnataka,14.79,74.69,0.00,0.20,-100.00,2025/March 2025/Specified Period 18.03.2025.xls
2025-03-19,492,Dakshina Kannada,Coastal Karnataka,12.84,74.86,0.00,0.40,-100.00,2025/March 2025/Specified Period 19.03.2025.xls
2025-03-19,493,Udupi,Coastal Karnataka,13.34,74.74,0.00,0.00,-100.00,2025/March 2025/Specified Period 19.03.2025.xls
2025-03-19,494,Uttara Kannada,Coastal Karnataka,14.79,74.69,0.00,0.10,-100.00,2025/March 2025/Specified Period 19.03.2025.xls
2025-03-20,492,Dakshina Kannada,Coastal Karnataka,12.84,74.86,0.00,0.30,-100.00,2025/March 2025/Specified Period 20.03.2025.xls
2025-03-20,493,Udupi,Coastal Karnataka,13.34,74.74,0.00,0.00,-100.00,2025/March 2025/Specified Period 20.03.2025.xls
2025-03-20,494,Uttara Kannada,Coastal Karnataka,14.79,74.69,0.00,0.20,-100.00,2025/March 2025/Specified Period 20.03.2025.xls
2025-03-21,492,Dakshina Kannada,Coastal Karnataka,12.84,74.86,0.00,1.00,-100.00,2025/March 2025/Specified Period 21.03.2025.xls
2025-03-21,493,Udupi,Coastal Karnataka,13.34,74.74,0.00,0.70,-100.00,2025/March 2025/Specified Period 21.03.2025.xls
2025-03-21,494,Uttara Kannada,Coastal Karnataka,14.79,74.69,0.00,0.10,-100.00,2025/March 2025/Specified Period 21.03.2025.xls
2025-03-22,492,Dakshina Kannada,Coastal Karnataka,12.84,74.86,0.00,0.90,-100.00,2025/March 2025/Specified Period dated 22.03.2025.xls
2025-03-22,493,Udupi,Coastal Karnataka,13.34,74.74,0.00,1.00,-100.00,2025/March 2025/Specified Period dated 22.03.2025.xls
2025-03-22,494,Uttara Kannada,Coastal Karnataka,14.79,74.69,0.00,0.50,-100.00,2025/March 2025/Specified Period dated 22.03.2025.xls
2025-03-23,492,Dakshina Kannada,Coastal Karnataka,12.84,74.86,0.00,2.00,-100.00,2025/March 2025/Specified Period dated 23.03.2025.xls
2025-03-23,493,Udupi,Coastal Karnataka,13.34,74.74,0.00,1.90,-100.00,2025/March 2025/Specified Period dated 23.03.2025.xls
2025-03-23,494,Uttara Kannada,Coastal Karnataka,14.79,74.69,0.00,0.80,-100.00,2025/March 2025/Specified Period dated 23.03.2025.xls
2025-03-24,492,Dakshina Kannada,Coastal Karnataka,12.84,74.86,0.00,1.20,-100.00,2025/March 2025/Specified Period 24.03.2025.xls
2025-03-24,493,Udupi,Coastal Karnataka,13.34,74.74,0.00,0.70,-100.00,2025/March 2025/Specified Period 24.03.2025.xls
2025-03-24,494,Uttara Kannada,Coastal Karnataka,14.79,74.69,0.00,0.30,-100.00,2025/March 2025/Specified Period 24.03.2025.xls
2025-03-25,492,Dakshina Kannada,Coastal Karnataka,12.84,74.86,0.00,0.70,-100.00,2025/March 2025/Specified Period dated 25.03.2025.xls
2025-03-25,493,Udupi,Coastal Karnataka,13.34,74.74,0.00,1.00,-100.00,2025/March 2025/Specified Period dated 25.03.2025.xls
2025-03-25,494,Uttara Kannada,Coastal Karnataka,14.79,74.69,0.00,0.60,-100.00,2025/March 2025/Specified Period dated 25.03.2025.xls
2025-03-26,492,Dakshina Kannada,Coastal Karnataka,12.84,74.86,0.00,0.40,-100.00,2025/March 2025/Specified Period dated 26.03.2025.xls
2025-03-26,493,Udupi,Coastal Karnataka,13.34,74.74,3.60,0.10,3480.00,2025/March 2025/Specified Period dated 26.03.2025.xls
2025-03-26,494,Uttara Kannada,Coastal Karnataka,14.79,74.69,4.80,0.20,2303.00,2025/March 2025/Specified Period dated 26.03.2025.xls
2025-03-27,492,Dakshina Kannada,Coastal Karnataka,12.84,74.86,0.00,0.40,-100.00,2025/March 2025/Specified Period dated 27.03.2025.xls
2025-03-27,493,Udupi,Coastal Karnataka,13.34,74.74,1.50,0.10,1420.00,2025/March 2025/Specified Period dated 27.03.2025.xls
2025-03-27,494,Uttara Kannada,Coastal Karnataka,14.79,74.69,0.00,0.20,-100.00,2025/March 2025/Specified Period dated 27.03.2025.xls
2025-03-28,492,Dakshina Kannada,Coastal Karnataka,12.84,74.86,0.00,0.40,-100.00,2025/March 2025/daily cum dated 28.03.2025.xls
2025-03-28,493,Udupi,Coastal Karnataka,13.34,74.74,0.00,0.00,-100.00,2025/March 2025/daily cum dated 28.03.2025.xls
2025-03-28,494,Uttara Kannada,Coastal Karnataka,14.79,74.69,0.00,0.00,-100.00,2025/March 2025/daily cum dated 28.03.2025.xls
2025-03-29,492,Dakshina Kannada,Coastal Karnataka,12.84,74.86,0.80,0.40,97.00,2025/March 2025/daily cum dated 29.03.2025.xls
2025-03-29,493,Udupi,Coastal Karnataka,13.34,74.74,0.00,0.30,-100.00,2025/March 2025/daily cum dated 29.03.2025.xls
2025-03-29,494,Uttara Kannada,Coastal Karnataka,14.79,74.69,0.00,0.10,-100.00,2025/March 2025/daily cum dated 29.03.2025.xls
2025-03-30,492,Dakshina Kannada,Coastal Karnataka,12.84,74.86,0.00,0.30,-100.00,2025/March 2025/daily cum dated 30.03.2025.xls
2025-03-30,493,Udupi,Coastal Karnataka,13.34,74.74,0.00,0.10,-100.00,2025/March 2025/daily cum dated 30.03.2025.xls
2025-03-30,494,Uttara Kannada,Coastal Karnataka,14.79,74.69,0.00,0.30,-100.00,2025/March 2025/daily cum dated 30.03.2025.xls
2025-03-31,492,Dakshina Kannada,Coastal Karnataka,12.84,74.86,0.00,0.50,-100.00,2025/March 2025/Specified Period 31.03.2025.xls
2025-03-31,493,Udupi,Coastal Karnataka,13.34,74.74,0.00,0.90,-100.00,2025/March 2025/Specified Period 31.03.2025.xls
2025-03-31,494,Uttara Kannada,Coastal Karnataka,14.79,74.69,9.70,0.30,3144.00,2025/March 2025/Specified Period 31.03.2025.xls
2025-04-01,492,Dakshina Kannada,Coastal Karnataka,12.84,74.86,0.00,1.10,-100.00,2025/APRIL 2025/daily cum dated 01.04.2025.xls
2025-04-01,493,Udupi,Coastal Karnataka,13.34,74.74,0.00,0.70,-100.00,2025/APRIL 2025/daily cum dated 01.04.2025.xls
2025-04-01,494,Uttara Kannada,Coastal Karnataka,14.79,74.69,0.20,0.10,57.00,2025/APRIL 2025/daily cum dated 01.04.2025.xls
2025-04-02,492,Dakshina Kannada,Coastal Karnataka,12.84,74.86,0.00,0.70,-100.00,2025/APRIL 2025/daily cum dated 02.04.2025.xls
2025-04-02,493,Udupi,Coastal Karnataka,13.34,74.74,0.00,0.20,-100.00,2025/APRIL 2025/daily cum dated 02.04.2025.xls
2025-04-02,494,Uttara Kannada,Coastal Karnataka,14.79,74.69,0.00,0.20,-100.00,2025/APRIL 2025/daily cum dated 02.04.2025.xls
2025-04-03,492,Dakshina Kannada,Coastal Karnataka,12.84,74.86,0.90,0.90,1.00,2025/APRIL 2025/daily cum dated 03.04.2025.xls
2025-04-03,493,Udupi,Coastal Karnataka,13.34,74.74,2.60,0.50,412.00,2025/APRIL 2025/daily cum dated 03.04.2025.xls
2025-04-03,494,Uttara Kannada,Coastal Karnataka,14.79,74.69,0.40,0.20,79.00,2025/APRIL 2025/daily cum dated 03.04.2025.xls
2025-04-04,492,Dakshina Kannada,Coastal Karnataka,12.84,74.86,1.70,2.00,-16.00,2025/APRIL 2025/daily cum dated 04.04.2025.xls
2025-04-04,493,Udupi,Coastal Karnataka,13.34,74.74,0.00,1.00,-100.00,2025/APRIL 2025/daily cum dated 04.04.2025.xls
2025-04-04,494,Uttara Kannada,Coastal Karnataka,14.79,74.69,4.30,0.20,2043.00,2025/APRIL 2025/daily cum dated 04.04.2025.xls
2025-04-05,492,Dakshina Kannada,Coastal Karnataka,12.84,74.86,2.40,1.60,50.00,2025/APRIL 2025/daily cum dated 05.04.2025.xls
2025-04-05,493,Udupi,Coastal Karnataka,13.34,74.74,0.60,0.70,-18.00,2025/APRIL 2025/daily cum dated 05.04.2025.xls
2025-04-05,494,Uttara Kannada,Coastal Karnataka,14.79,74.69,0.60,0.70,-11.00,2025/APRIL 2025/daily cum dated 05.04.2025.xls
2025-04-06,492,Dakshina Kannada,Coastal Karnataka,12.84,74.86,12.00,0.90,1235.00,2025/APRIL 2025/daily cum dated 06.04.2025.xls
2025-04-06,493,Udupi,Coastal Karnataka,13.34,74.74,10.20,0.30,3287.00,2025/APRIL 2025/daily cum dated 06.04.2025.xls
2025-04-06,494,Uttara Kannada,Coastal Karnataka,14.79,74.69,3.10,0.40,670.00,2025/APRIL 2025/daily cum dated 06.04.2025.xls
2025-04-07,492,Dakshina Kannada,Coastal Karnataka,12.84,74.86,0.00,1.30,-100.00,2025/APRIL 2025/daily cum dated 07.04.2025.xls
2025-04-07,493,Udupi,Coastal Karnataka,13.34,74.74,0.00,0.40,-100.00,2025/APRIL 2025/daily cum dated 07.04.2025.xls
2025-04-07,494,Uttara Kannada,Coastal Karnataka,14.79,74.69,0.00,0.40,-100.00,2025/APRIL 2025/daily cum dated 07.04.2025.xls
2025-04-08,492,Dakshina Kannada,Coastal Karnataka,12.84,74.86,0.00,0.90,-100.00,2025/APRIL 2025/daily cum dated 08.04.2025.xls
2025-04-08,493,Udupi,Coastal Karnataka,13.34,74.74,0.00,0.50,-100.00,2025/APRIL 2025/daily cum dated 08.04.2025.xls
2025-04-08,494,Uttara Kannada,Coastal Karnataka,14.79,74.69,3.50,0.40,765.00,2025/APRIL 2025/daily cum dated 08.04.2025.xls
2025-04-09,492,Dakshina Kannada,Coastal Karnataka,12.84,74.86,3.50,1.90,85.00,2025/APRIL 2025/daily cum dated 09.04.2025.xls
2025-04-09,493,Udupi,Coastal Karnataka,13.34,74.74,2.20,0.40,460.00,2025/APRIL 2025/daily cum dated 09.04.2025.xls
2025-04-09,494,Uttara Kannada,Coastal Karnataka,14.79,74.69,4.90,0.40,1131.00,2025/APRIL 2025/daily cum dated 09.04.2025.xls
2025-04-10,492,Dakshina Kannada,Coastal Karnataka,12.84,74.86,2.70,0.60,342.00,2025/APRIL 2025/DAILY CUM DATED 10.04.2025.xls
2025-04-10,493,Udupi,Coastal Karnataka,13.34,74.74,3.70,0.40,820.00,2025/APRIL 2025/DAILY CUM DATED 10.04.2025.xls
2025-04-10,494,Uttara Kannada,Coastal Karnataka,14.79,74.69,1.90,0.70,167.00,2025/APRIL 2025/DAILY CUM DATED 10.04.2025.xls
2025-04-11,492,Dakshina Kannada,Coastal Karnataka,12.84,74.86,7.30,2.10,246.00,2025/APRIL 2025/daily cum dated 11.04.2025.xls
2025-04-11,493,Udupi,Coastal Karnataka,13.34,74.74,8.90,1.00,790.00,2025/APRIL 2025/daily cum dated 11.04.2025.xls
2025-04-11,494,Uttara Kannada,Coastal Karnataka,14.79,74.69,0.20,0.80,-70.00,2025/APRIL 2025/daily cum dated 11.04.2025.xls
2025-04-12,492,Dakshina Kannada,Coastal Karnataka,12.84,74.86,0.10,2.90,-97.00,2025/APRIL 2025/daily cum dated 12.04.2025.xls
2025-04-12,493,Udupi,Coastal Karnataka,13.34,74.74,0.40,2.30,-84.00,2025/APRIL 2025/daily cum dated 12.04.2025.xls
2025-04-12,494,Uttara Kannada,Coastal Karnataka,14.79,74.69,2.70,1.20,122.00,2025/APRIL 2025/daily cum dated 12.04.2025.xls
2025-04-13,492,Dakshina Kannada,Coastal Karnataka,12.84,74.86,4.60,1.70,171.00,2025/APRIL 2025/daily cum dated 13.04.2025.xls
2025-04-13,493,Udupi,Coastal Karnataka,13.34,74.74,2.00,0.80,155.00,2025/APRIL 2025/daily cum dated 13.04.2025.xls
2025-04-13,494,Uttara Kannada,Coastal Karnataka,14.79,74.69,0.60,0.50,14.00,2025/APRIL 2025/daily cum dated 13.04.2025.xls
2025-04-14,492,Dakshina Kannada,Coastal Karnataka,12.84,74.86,0.00,1.80,-100.00,2025/APRIL 2025/daily cum dated 14.04.2025.xls
2025-04-14,493,Udupi,Coastal Karnataka,13.34,74.74,0.00,0.20,-100.00,2025/APRIL 2025/daily cum dated 14.04.2025.xls
2025-04-14,494,Uttara Kannada,Coastal Karnataka,14.79,74.69,0.00,0.80,-100.00,2025/APRIL 2025/daily cum dated 14.04.2025.xls
2025-04-15,492,Dakshina Kannada,Coastal Karnataka,12.84,74.86,0.80,2.40,-67.00,2025/APRIL 2025/daily cum dated 15.04.2025.xls
2025-04-15,493,Udupi,Coastal Karnataka,13.34,74.74,4.90,0.90,444.00,2025/APRIL 2025/daily cum dated 15.04.2025.xls
2025-04-15,494,Uttara Kannada,Coastal Karnataka,14.79,74.69,0.00,0.90,-100.00,2025/APRIL 2025/daily cum dated 15.04.2025.xls
2025-04-16,492,Dakshina Kannada,Coastal Karnataka,12.84,74.86,0.00,1.80,-100.00,2025/APRIL 2025/daily cum dated 16.04.2025 .xls
2025-04-16,493,Udupi,Coastal Karnataka,13.34,74.74,0.00,0.80,-100.00,2025/APRIL 2025/daily cum dated 16.04.2025 .xls
2025-04-16,494,Uttara Kannada,Coastal Karnataka,14.79,74.69,0.00,1.10,-100.00,2025/APRIL 2025/daily cum dated 16.04.2025 .xls
2025-04-17,492,Dakshina Kannada,Coastal Karnataka,12.84,74.86,0.00,1.50,-100.00,2025/APRIL 2025/daily cum dated 17.04.2025 .xls
2025-04-17,493,Udupi,Coastal Karnataka,13.34,74.74,0.00,0.70,-100.00,2025/APRIL 2025/daily cum dated 17.04.2025 .xls
2025-04-17,494,Uttara Kannada,Coastal Karnataka,14.79,74.69,0.00,1.10,-100.00,2025/APRIL 2025/daily cum dated 17.04.2025 .xls
2025-04-18,492,Dakshina Kannada,Coastal Karnataka,12.84,74.86,0.00,1.30,-100.00,2025/APRIL 2025/daily cum dated 18.04.2025 .xls
2025-04-18,493,Udupi,Coastal Karnataka,13.34,74.74,0.00,0.40,-100.00,2025/APRIL 2025/daily cum dated 18.04.2025 .xls
2025-04-18,494,Uttara Kannada,Coastal Karnataka,14.79,74.69,0.00,0.60,-100.00,2025/APRIL 2025/daily cum dated 18.04.2025 .xls
2025-04-19,492,Dakshina Kannada,Coastal Karnataka,12.84,74.86,0.00,2.00,-100.00,2025/APRIL 2025/daily cum dated 19.04.2025 .xls
2025-04-19,493,Udupi,Coastal Karnataka,13.34,74.74,0.00,0.70,-100.00,2025/APRIL 2025/daily cum dated 19.04.2025 .xls
2025-04-19,494,Uttara Kannada,Coastal Karnataka,14.79,74.69,0.00,1.00,-100.00,2025/APRIL 2025/daily cum dated 19.04.2025 .xls
2025-04-20,492,Dakshina Kannada,Coastal Karnataka,12.84,74.86,6.70,2.20,206.00,2025/APRIL 2025/daily cum dated 20.04.2025 .xls
2025-04-20,493,Udupi,Coastal Karnataka,13.34,74.74,0.00,0.60,-100.00,2025/APRIL 2025/daily cum dated 20.04.2025 .xls
2025-04-20,494,Uttara Kannada,Coastal Karnataka,14.79,74.69,0.00,0.40,-100.00,2025/APRIL 2025/daily cum dated 20.04.2025 .xls
2025-04-21,492,Dakshina Kannada,Coastal Karnataka,12.84,74.86,1.70,2.20,-23.00,2025/APRIL 2025/daily cum dated 21.04.2025.xls
2025-04-21,493,Udupi,Coastal Karnataka,13.34,74.74,15.00,0.90,1571.00,2025/APRIL 2025/daily cum dated 21.04.2025.xls
2025-04-21,494,Uttara Kannada,Coastal Karnataka,14.79,74.69,0.80,0.50,68.00,2025/APRIL 2025/daily cum dated 21.04.2025.xls
2025-04-23,492,Dakshina Kannada,Coastal Karnataka,12.84,74.86,0.40,3.10,-86.00,2025/APRIL 2025/daily cum dated 23.04.2025.xls
2025-04-23,493,Udupi,Coastal Karnataka,13.34,74.74,0.10,0.30,-73.00,2025/APRIL 2025/daily cum dated 23.04.2025.xls
2025-04-23,494,Uttara Kannada,Coastal Karnataka,14.79,74.69,2.00,0.90,124.00,2025/APRIL 2025/daily cum dated 23.04.2025.xls
2025-04-24,492,Dakshina Kannada,Coastal Karnataka,12.84,74.86,0.00,3.30,-99.00,2025/APRIL 2025/daily cum dated 24.04.2025.xls
2025-04-24,493,Udupi,Coastal Karnataka,13.34,74.74,3.50,1.40,149.00,2025/APRIL 2025/daily cum dated 24.04.2025.xls
2025-04-24,494,Uttara Kannada,Coastal Karnataka,14.79,74.69,0.00,0.70,-100.00,2025/APRIL 2025/daily cum dated 24.04.2025.xls
2025-04-25,492,Dakshina Kannada,Coastal Karnataka,12.84,74.86,2.10,1.30,62.00,2025/APRIL 2025/daily cum dated 25.04.2025.xls
2025-04-25,493,Udupi,Coastal Karnataka,13.34,74.74,0.00,1.00,-100.00,2025/APRIL 2025/daily cum dated 25.04.2025.xls
2025-04-25,494,Uttara Kannada,Coastal Karnataka,14.79,74.69,0.00,1.00,-100.00,2025/APRIL 2025/daily cum dated 25.04.2025.xls
2025-04-26,492,Dakshina Kannada,Coastal Karnataka,12.84,74.86,0.00,1.10,-100.00,2025/APRIL 2025/daily cum dated 26.04.2025.xls
2025-04-26,493,Udupi,Coastal Karnataka,13.34,74.74,1.70,0.70,146.00,2025/APRIL 2025/daily cum dated 26.04.2025.xls
2025-04-26,494,Uttara Kannada,Coastal Karnataka,14.79,74.69,0.00,0.70,-100.00,2025/APRIL 2025/daily cum dated 26.04.2025.xls
2025-04-27,492,Dakshina Kannada,Coastal Karnataka,12.84,74.86,12.80,3.00,326.00,2025/APRIL 2025/daily cum dated 27.04.2025.xls
2025-04-27,493,Udupi,Coastal Karnataka,13.34,74.74,2.30,1.20,90.00,2025/APRIL 2025/daily cum dated 27.04.2025.xls
2025-04-27,494,Uttara Kannada,Coastal Karnataka,14.79,74.69,4.40,1.10,304.00,2025/APRIL 2025/daily cum dated 27.04.2025.xls
2025-04-28,492,Dakshina Kannada,Coastal Karnataka,12.84,74.86,14.50,1.70,755.00,2025/APRIL 2025/daily cum dated 28.04.2025.xls
2025-04-28,493,Udupi,Coastal Karnataka,13.34,74.74,9.10,1.20,657.00,2025/APRIL 2025/daily cum dated 28.04.2025.xls
2025-04-28,494,Uttara Kannada,Coastal Karnataka,14.79,74.69,7.30,1.00,632.00,2025/APRIL 2025/daily cum dated 28.04.2025.xls
2025-04-29,492,Dakshina Kannada,Coastal Karnataka,12.84,74.86,2.00,1.30,54.00,2025/APRIL 2025/daily cum dated 29.04.2025.xls
2025-04-29,493,Udupi,Coastal Karnataka,13.34,74.74,3.00,0.80,270.00,2025/APRIL 2025/daily cum dated 29.04.2025.xls
2025-04-29,494,Uttara Kannada,Coastal Karnataka,14.79,74.69,0.20,0.70,-71.00,2025/APRIL 2025/daily cum dated 29.04.2025.xls
2025-04-30,492,Dakshina Kannada,Coastal Karnataka,12.84,74.86,1.80,1.80,1.00,2025/APRIL 2025/daily cum dated 30.04.2025.xls
2025-04-30,493,Udupi,Coastal Karnataka,13.34,74.74,2.30,1.20,93.00,2025/APRIL 2025/daily cum dated 30.04.2025.xls
2025-04-30,494,Uttara Kannada,Coastal Karnataka,14.79,74.69,0.00,0.80,-100.00,2025/APRIL 2025/daily cum dated 30.04.2025.xls
2025-05-01,492,Dakshina Kannada,Coastal Karnataka,12.84,74.86,6.20,3.30,88.00,2025/May 2025/daily cum dated 01.05.2025.xls
2025-05-01,493,Udupi,Coastal Karnataka,13.34,74.74,3.80,1.10,245.00,2025/May 2025/daily cum dated 01.05.2025.xls
2025-05-01,494,Uttara Kannada,Coastal Karnataka,14.79,74.69,0.00,0.70,-100.00,2025/May 2025/daily cum dated 01.05.2025.xls
2025-05-02,492,Dakshina Kannada,Coastal Karnataka,12.84,74.86,4.30,2.40,78.00,2025/May 2025/daily cum dated 02.05.2025.xls
2025-05-02,493,Udupi,Coastal Karnataka,13.34,74.74,0.00,0.30,-100.00,2025/May 2025/daily cum dated 02.05.2025.xls
2025-05-02,494,Uttara Kannada,Coastal Karnataka,14.79,74.69,0.00,0.90,-100.00,2025/May 2025/daily cum dated 02.05.2025.xls
2025-05-03,492,Dakshina Kannada,Coastal Karnataka,12.84,74.86,6.40,1.90,238.00,2025/May 2025/daily cum dated 03.05.2025.xls
2025-05-03,493,Udupi,Coastal Karnataka,13.34,74.74,2.10,1.30,62.00,2025/May 2025/daily cum dated 03.05.2025.xls
2025-05-03,494,Uttara Kannada,Coastal Karnataka,14.79,74.69,0.70,1.10,-33.00,2025/May 2025/daily cum dated 03.05.2025.xls
2025-05-04,492,Dakshina Kannada,Coastal Karnataka,12.84,74.86,3.40,3.20,5.00,2025/May 2025/daily cum dated 04.05.2025.xls
2025-05-04,493,Udupi,Coastal Karnataka,13.34,74.74,2.30,2.30,0.00,2025/May 2025/daily cum dated 04.05.2025.xls
2025-05-04,494,Uttara Kannada,Coastal Karnataka,14.79,74.69,0.00,1.00,-100.00,2025/May 2025/daily cum dated 04.05.2025.xls
2025-05-05,492,Dakshina Kannada,Coastal Karnataka,12.84,74.86,0.00,3.10,-100.00,2025/May 2025/daily cum dated 05.05.2025.xls
2025-05-05,493,Udupi,Coastal Karnataka,13.34,74.74,0.00,2.60,-100.00,2025/May 2025/daily cum dated 05.05.2025.xls
2025-05-05,494,Uttara Kannada,Coastal Karnataka,14.79,74.69,0.00,1.10,-100.00,2025/May 2025/daily cum dated 05.05.2025.xls
2025-05-06,492,Dakshina Kannada,Coastal Karnataka,12.84,74.86,0.00,3.70,-100.00,2025/May 2025/daily cum dated 06.05.2025.xls
2025-05-06,493,Udupi,Coastal Karnataka,13.34,74.74,0.00,2.70,-100.00,2025/May 2025/daily cum dated 06.05.2025.xls
2025-05-06,494,Uttara Kannada,Coastal Karnataka,14.79,74.69,0.00,1.50,-100.00,2025/May 2025/daily cum dated 06.05.2025.xls
2025-05-07,492,Dakshina Kannada,Coastal Karnataka,12.84,74.86,0.00,3.70,-100.00,2025/May 2025/daily cum dated 07.05.2025.xls
2025-05-07,493,Udupi,Coastal Karnataka,13.34,74.74,0.00,2.50,-100.00,2025/May 2025/daily cum dated 07.05.2025.xls
2025-05-07,494,Uttara Kannada,Coastal Karnataka,14.79,74.69,0.00,1.60,-100.00,2025/May 2025/daily cum dated 07.05.2025.xls
2025-05-08,492,Dakshina Kannada,Coastal Karnataka,12.84,74.86,0.00,3.90,-100.00,2025/May 2025/daily cum dated 08.05.2025.xls
2025-05-08,493,Udupi,Coastal Karnataka,13.34,74.74,0.00,2.00,-100.00,2025/May 2025/daily cum dated 08.05.2025.xls
2025-05-08,494,Uttara Kannada,Coastal Karnataka,14.79,74.69,0.00,2.10,-100.00,2025/May 2025/daily cum dated 08.05.2025.xls
2025-05-09,492,Dakshina Kannada,Coastal Karnataka,12.84,74.86,0.00,5.60,-100.00,2025/May 2025/daily cum dated 09.05.2025.xls
2025-05-09,493,Udupi,Coastal Karnataka,13.34,74.74,0.00,3.70,-100.00,2025/May 2025/daily cum dated 09.05.2025.xls
2025-05-09,494,Uttara Kannada,Coastal Karnataka,14.79,74.69,0.00,2.10,-100.00,2025/May 2025/daily cum dated 09.05.2025.xls
2025-05-10,492,Dakshina Kannada,Coastal Karnataka,12.84,74.86,0.00,4.50,-100.00,2025/May 2025/daily cum dated 10.05.2025.xls
2025-05-10,493,Udupi,Coastal Karnataka,13.34,74.74,0.00,3.30,-100.00,2025/May 2025/daily cum dated 10.05.2025.xls
2025-05-10,494,Uttara Kannada,Coastal Karnataka,14.79,74.69,0.00,1.00,-100.00,2025/May 2025/daily cum dated 10.05.2025.xls
2025-05-11,492,Dakshina Kannada,Coastal Karnataka,12.84,74.86,4.20,2.80,51.00,2025/May 2025/daily cum dated 11.05.2025.xls
2025-05-11,493,Udupi,Coastal Karnataka,13.34,74.74,0.20,1.90,-87.00,2025/May 2025/daily cum dated 11.05.2025.xls
2025-05-11,494,Uttara Kannada,Coastal Karnataka,14.79,74.69,0.00,0.90,-100.00,2025/May 2025/daily cum dated 11.05.2025.xls
2025-05-12,492,Dakshina Kannada,Coastal Karnataka,12.84,74.86,2.60,4.50,-42.00,2025/May 2025/daily cum dated 12.05.2025.xls
2025-05-12,493,Udupi,Coastal Karnataka,13.34,74.74,1.50,2.10,-30.00,2025/May 2025/daily cum dated 12.05.2025.xls
2025-05-12,494,Uttara Kannada,Coastal Karnataka,14.79,74.69,0.10,1.40,-95.00,2025/May 2025/daily cum dated 12.05.2025.xls
2025-05-13,492,Dakshina Kannada,Coastal Karnataka,12.84,74.86,1.70,3.60,-53.00,2025/May 2025/daily cum dated 13.05.2025.xls
2025-05-13,493,Udupi,Coastal Karnataka,13.34,74.74,0.80,2.00,-58.00,2025/May 2025/daily cum dated 13.05.2025.xls
2025-05-13,494,Uttara Kannada,Coastal Karnataka,14.79,74.69,4.80,1.50,222.00,2025/May 2025/daily cum dated 13.05.2025.xls
2025-05-14,492,Dakshina Kannada,Coastal Karnataka,12.84,74.86,10.00,3.10,222.00,2025/May 2025/daily cum dated 14.05.2025.xls
2025-05-14,493,Udupi,Coastal Karnataka,13.34,74.74,10.70,2.30,367.00,2025/May 2025/daily cum dated 14.05.2025.xls
2025-05-14,494,Uttara Kannada,Coastal Karnataka,14.79,74.69,3.20,1.80,80.00,2025/May 2025/daily cum dated 14.05.2025.xls
2025-05-15,492,Dakshina Kannada,Coastal Karnataka,12.84,74.86,0.00,7.30,-100.00,2025/May 2025/daily cum dated 15.05.2025.xls
2025-05-15,493,Udupi,Coastal Karnataka,13.34,74.74,0.00,4.30,-100.00,2025/May 2025/daily cum dated 15.05.2025.xls
2025-05-15,494,Uttara Kannada,Coastal Karnataka,14.79,74.69,2.50,3.60,-32.00,2025/May 2025/daily cum dated 15.05.2025.xls
2025-05-16,492,Dakshina Kannada,Coastal Karnataka,12.84,74.86,1.10,4.90,-78.00,2025/May 2025/daily cum dated 16.05.2025.xls
2025-05-16,493,Udupi,Coastal Karnataka,13.34,74.74,6.60,4.20,56.00,2025/May 2025/daily cum dated 16.05.2025.xls
2025-05-16,494,Uttara Kannada,Coastal Karnataka,14.79,74.69,2.60,1.70,56.00,2025/May 2025/daily cum dated 16.05.2025.xls
2025-05-17,492,Dakshina Kannada,Coastal Karnataka,12.84,74.86,8.00,4.10,96.00,2025/May 2025/daily cum dated 17.05.2025.xls
2025-05-17,493,Udupi,Coastal Karnataka,13.34,74.74,2.80,3.50,-21.00,2025/May 2025/daily cum dated 17.05.2025.xls
2025-05-17,494,Uttara Kannada,Coastal Karnataka,14.79,74.69,6.60,2.90,127.00,2025/May 2025/daily cum dated 17.05.2025.xls
2025-05-18,492,Dakshina Kannada,Coastal Karnataka,12.84,74.86,6.90,5.00,39.00,2025/May 2025/daily cum dated 18.05.2025.xls
2025-05-18,493,Udupi,Coastal Karnataka,13.34,74.74,1.50,6.20,-76.00,2025/May 2025/daily cum dated 18.05.2025.xls
2025-05-18,494,Uttara Kannada,Coastal Karnataka,14.79,74.69,8.10,3.30,146.00,2025/May 2025/daily cum dated 18.05.2025.xls
2025-05-19,492,Dakshina Kannada,Coastal Karnataka,12.84,74.86,4.80,6.10,-21.00,2025/May 2025/daily cum dated 19.05.2025.xls
2025-05-19,493,Udupi,Coastal Karnataka,13.34,74.74,0.10,6.00,-99.00,2025/May 2025/daily cum dated 19.05.2025.xls
2025-05-19,494,Uttara Kannada,Coastal Karnataka,14.79,74.69,5.90,3.80,54.00,2025/May 2025/daily cum dated 19.05.2025.xls
2025-05-20,492,Dakshina Kannada,Coastal Karnataka,12.84,74.86,45.30,6.70,576.00,2025/May 2025/daily cum dated 20.05.2025.xls
2025-05-20,493,Udupi,Coastal Karnataka,13.34,74.74,52.50,6.30,733.00,2025/May 2025/daily cum dated 20.05.2025.xls
2025-05-20,494,Uttara Kannada,Coastal Karnataka,14.79,74.69,25.60,3.20,701.00,2025/May 2025/daily cum dated 20.05.2025.xls
2025-05-21,492,Dakshina Kannada,Coastal Karnataka,12.84,74.86,77.20,6.00,1186.00,2025/May 2025/daily cum dated 21.05.2025.xls
2025-05-21,493,Udupi,Coastal Karnataka,13.34,74.74,146.20,6.70,2081.00,2025/May 2025/daily cum dated 21.05.2025.xls
2025-05-21,494,Uttara Kannada,Coastal Karnataka,14.79,74.69,97.80,3.00,3161.00,2025/May 2025/daily cum dated 21.05.2025.xls
2025-05-22,492,Dakshina Kannada,Coastal Karnataka,12.84,74.86,21.80,4.90,346.00,2025/May 2025/daily cum dated 22.05.2025.xls
2025-05-22,493,Udupi,Coastal Karnataka,13.34,74.74,38.10,5.90,546.00,2025/May 2025/daily cum dated 22.05.2025.xls
2025-05-22,494,Uttara Kannada,Coastal Karnataka,14.79,74.69,58.50,3.50,1571.00,2025/May 2025/daily cum dated 22.05.2025.xls
2025-05-23,492,Dakshina Kannada,Coastal Karnataka,12.84,74.86,18.50,3.70,399.00,2025/May 2025/daily cum dated 23.05.2025.xls
2025-05-23,493,Udupi,Coastal Karnataka,13.34,74.74,41.40,3.60,1051.00,2025/May 2025/daily cum dated 23.05.2025.xls
2025-05-23,494,Uttara Kannada,Coastal Karnataka,14.79,74.69,61.40,2.10,2824.00,2025/May 2025/daily cum dated 23.05.2025.xls
2025-05-24,492,Dakshina Kannada,Coastal Karnataka,12.84,74.86,62.50,4.60,1258.00,2025/May 2025/daily cum dated 24.05.2025.xls
2025-05-24,493,Udupi,Coastal Karnataka,13.34,74.74,55.60,5.10,989.00,2025/May 2025/daily cum dated 24.05.2025.xls
2025-05-24,494,Uttara Kannada,Coastal Karnataka,14.79,74.69,60.50,3.20,1789.00,2025/May 2025/daily cum dated 24.05.2025.xls
2025-05-25,492,Dakshina Kannada,Coastal Karnataka,12.84,74.86,68.60,6.30,988.00,2025/May 2025/daily cum dated 25.05.2025.xls
2025-05-25,493,Udupi,Coastal Karnataka,13.34,74.74,104.00,7.30,1325.00,2025/May 2025/daily cum dated 25.05.2025.xls
2025-05-25,494,Uttara Kannada,Coastal Karnataka,14.79,74.69,36.30,3.20,1035.00,2025/May 2025/daily cum dated 25.05.2025.xls
2025-05-26,492,Dakshina Kannada,Coastal Karnataka,12.84,74.86,128.90,7.30,1666.00,2025/May 2025/daily cum dated 26.05.2025.xls
2025-05-26,493,Udupi,Coastal Karnataka,13.34,74.74,58.20,6.40,809.00,2025/May 2025/daily cum dated 26.05.2025.xls
2025-05-26,494,Uttara Kannada,Coastal Karnataka,14.79,74.69,38.20,2.60,1369.00,2025/May 2025/daily cum dated 26.05.2025.xls
2025-05-27,492,Dakshina Kannada,Coastal Karnataka,12.84,74.86,134.30,7.10,1792.00,2025/May 2025/daily cum dated 27.05.2025.xls
2025-05-27,493,Udupi,Coastal Karnataka,13.34,74.74,107.20,5.90,1716.00,2025/May 2025/daily cum dated 27.05.2025.xls
2025-05-27,494,Uttara Kannada,Coastal Karnataka,14.79,74.69,25.40,3.90,552.00,2025/May 2025/daily cum dated 27.05.2025.xls
2025-05-28,492,Dakshina Kannada,Coastal Karnataka,12.84,74.86,47.40,10.70,343.00,2025/May 2025/daily cum dated 28.05.2025.xls
2025-05-28,493,Udupi,Coastal Karnataka,13.34,74.74,76.20,10.40,633.00,2025/May 2025/daily cum dated 28.05.2025.xls
2025-05-28,494,Uttara Kannada,Coastal Karnataka,14.79,74.69,22.10,4.20,427.00,2025/May 2025/daily cum dated 28.05.2025.xls
2025-05-29,492,Dakshina Kannada,Coastal Karnataka,12.84,74.86,80.20,11.20,616.00,2025/May 2025/daily cum dated 29.05.2025.xls
2025-05-29,493,Udupi,Coastal Karnataka,13.34,74.74,86.50,9.10,851.00,2025/May 2025/daily cum dated 29.05.2025.xls
2025-05-29,494,Uttara Kannada,Coastal Karnataka,14.79,74.69,65.40,4.90,1234.00,2025/May 2025/daily cum dated 29.05.2025.xls
2025-05-30,492,Dakshina Kannada,Coastal Karnataka,12.84,74.86,123.20,12.90,855.00,2025/May 2025/daily cum dated 30.05.2025.xls
2025-05-30,493,Udupi,Coastal Karnataka,13.34,74.74,141.40,12.40,1040.00,2025/May 2025/daily cum dated 30.05.2025.xls
2025-05-30,494,Uttara Kannada,Coastal Karnataka,14.79,74.69,60.20,7.50,702.00,2025/May 2025/daily cum dated 30.05.2025.xls
2025-05-31,492,Dakshina Kannada,Coastal Karnataka,12.84,74.86,130.30,11.80,1004.00,2025/May 2025/daily cum dated 31.05.2025.xls
2025-05-31,493,Udupi,Coastal Karnataka,13.34,74.74,13.20,10.90,21.00,2025/May 2025/daily cum dated 31.05.2025.xls
2025-05-31,494,Uttara Kannada,Coastal Karnataka,14.79,74.69,2.10,6.90,-70.00,2025/May 2025/daily cum dated 31.05.2025.xls
2025-06-01,492,Dakshina Kannada,Coastal Karnataka,12.84,74.86,11.10,11.20,-1.00,2025/June 2025/daily cum dated 01.06.2025.xls
2025-06-01,493,Udupi,Coastal Karnataka,13.34,74.74,17.00,12.60,35.00,2025/June 2025/daily cum dated 01.06.2025.xls
2025-06-01,494,Uttara Kannada,Coastal Karnataka,14.79,74.69,12.10,8.70,39.00,2025/June 2025/daily cum dated 01.06.2025.xls
2025-06-02,492,Dakshina Kannada,Coastal Karnataka,12.84,74.86,11.90,12.70,-6.00,2025/June 2025/daily cum dated 02.06.2025.xls
2025-06-02,493,Udupi,Coastal Karnataka,13.34,74.74,12.50,13.00,-4.00,2025/June 2025/daily cum dated 02.06.2025.xls
2025-06-02,494,Uttara Kannada,Coastal Karnataka,14.79,74.69,16.90,7.40,129.00,2025/June 2025/daily cum dated 02.06.2025.xls
2025-06-03,492,Dakshina Kannada,Coastal Karnataka,12.84,74.86,30.40,17.70,72.00,2025/June 2025/daily cum dated 03.06.2025.xls
2025-06-03,493,Udupi,Coastal Karnataka,13.34,74.74,35.70,20.10,78.00,2025/June 2025/daily cum dated 03.06.2025.xls
2025-06-03,494,Uttara Kannada,Coastal Karnataka,14.79,74.69,22.50,11.70,92.00,2025/June 2025/daily cum dated 03.06.2025.xls
2025-06-04,492,Dakshina Kannada,Coastal Karnataka,12.84,74.86,18.10,13.60,33.00,2025/June 2025/daily cum dated 04.06.2025.xls
2025-06-04,493,Udupi,Coastal Karnataka,13.34,74.74,12.80,18.90,-32.00,2025/June 2025/daily cum dated 04.06.2025.xls
2025-06-04,494,Uttara Kannada,Coastal Karnataka,14.79,74.69,8.30,11.10,-25.00,2025/June 2025/daily cum dated 04.06.2025.xls
2025-06-05,492,Dakshina Kannada,Coastal Karnataka,12.84,74.86,3.10,20.00,-84.00,2025/June 2025/daily cum dated 05.06.2025.xls
2025-06-05,493,Udupi,Coastal Karnataka,13.34,74.74,4.40,20.80,-79.00,2025/June 2025/daily cum dated 05.06.2025.xls
2025-06-05,494,Uttara Kannada,Coastal Karnataka,14.79,74.69,14.60,13.00,13.00,2025/June 2025/daily cum dated 05.06.2025.xls
2025-06-06,492,Dakshina Kannada,Coastal Karnataka,12.84,74.86,0.60,26.60,-98.00,2025/June 2025/daily cum dated 06.06.2025.xls
2025-06-06,493,Udupi,Coastal Karnataka,13.34,74.74,0.40,27.60,-99.00,2025/June 2025/daily cum dated 06.06.2025.xls
2025-06-06,494,Uttara Kannada,Coastal Karnataka,14.79,74.69,2.80,17.60,-84.00,2025/June 2025/daily cum dated 06.06.2025.xls
2025-06-07,492,Dakshina Kannada,Coastal Karnataka,12.84,74.86,0.30,22.40,-99.00,2025/June 2025/daily cum dated 07.06.2025.xls
2025-06-07,493,Udupi,Coastal Karnataka,13.34,74.74,0.70,31.20,-98.00,2025/June 2025/daily cum dated 07.06.2025.xls
2025-06-07,494,Uttara Kannada,Coastal Karnataka,14.79,74.69,1.30,20.00,-93.00,2025/June 2025/daily cum dated 07.06.2025.xls
2025-06-08,492,Dakshina Kannada,Coastal Karnataka,12.84,74.86,2.70,25.50,-90.00,2025/June 2025/daily cum dated 08.06.2025.xls
2025-06-08,493,Udupi,Coastal Karnataka,13.34,74.74,5.50,31.90,-83.00,2025/June 2025/daily cum dated 08.06.2025.xls
2025-06-08,494,Uttara Kannada,Coastal Karnataka,14.79,74.69,5.10,19.20,-74.00,2025/June 2025/daily cum dated 08.06.2025.xls
2025-06-09,492,Dakshina Kannada,Coastal Karnataka,12.84,74.86,12.80,27.20,-53.00,2025/June 2025/daily cum dated 09.06.2025.xls
2025-06-09,493,Udupi,Coastal Karnataka,13.34,74.74,30.70,33.40,-8.00,2025/June 2025/daily cum dated 09.06.2025.xls
2025-06-09,494,Uttara Kannada,Coastal Karnataka,14.79,74.69,6.90,18.10,-62.00,2025/June 2025/daily cum dated 09.06.2025.xls
2025-06-10,492,Dakshina Kannada,Coastal Karnataka,12.84,74.86,5.50,25.10,-78.00,2025/June 2025/daily cum dated 10.06.2025.xls
2025-06-10,493,Udupi,Coastal Karnataka,13.34,74.74,5.80,34.30,-83.00,2025/June 2025/daily cum dated 10.06.2025.xls
2025-06-10,494,Uttara Kannada,Coastal Karnataka,14.79,74.69,1.80,21.80,-92.00,2025/June 2025/daily cum dated 10.06.2025.xls
2025-06-11,492,Dakshina Kannada,Coastal Karnataka,12.84,74.86,19.00,31.50,-40.00,2025/June 2025/daily cum dated 11.06.2025.xls
2025-06-11,493,Udupi,Coastal Karnataka,13.34,74.74,24.80,38.20,-35.00,2025/June 2025/daily cum dated 11.06.2025.xls
2025-06-11,494,Uttara Kannada,Coastal Karnataka,14.79,74.69,0.70,23.70,-97.00,2025/June 2025/daily cum dated 11.06.2025.xls
2025-06-12,492,Dakshina Kannada,Coastal Karnataka,12.84,74.86,65.70,33.00,99.00,2025/June 2025/daily cum dated 12.06.2025.xls
2025-06-12,493,Udupi,Coastal Karnataka,13.34,74.74,107.80,42.50,154.00,2025/June 2025/daily cum dated 12.06.2025.xls
2025-06-12,494,Uttara Kannada,Coastal Karnataka,14.79,74.69,80.00,28.20,184.00,2025/June 2025/daily cum dated 12.06.2025.xls
2025-06-13,492,Dakshina Kannada,Coastal Karnataka,12.84,74.86,51.40,33.70,52.00,2025/June 2025/daily cum dated 13.06.2025.xls
2025-06-13,493,Udupi,Coastal Karnataka,13.34,74.74,113.40,46.10,146.00,2025/June 2025/daily cum dated 13.06.2025.xls
2025-06-13,494,Uttara Kannada,Coastal Karnataka,14.79,74.69,61.00,25.60,138.00,2025/June 2025/daily cum dated 13.06.2025.xls
2025-06-14,492,Dakshina Kannada,Coastal Karnataka,12.84,74.86,54.20,41.50,31.00,2025/June 2025/daily cum dated 14.06.2025.xls
2025-06-14,493,Udupi,Coastal Karnataka,13.34,74.74,60.80,44.60,36.00,2025/June 2025/daily cum dated 14.06.2025.xls
2025-06-14,494,Uttara Kannada,Coastal Karnataka,14.79,74.69,29.00,27.20,7.00,2025/June 2025/daily cum dated 14.06.2025.xls
2025-06-15,492,Dakshina Kannada,Coastal Karnataka,12.84,74.86,118.30,35.20,236.00,2025/June 2025/daily cum dated 15.06.2025.xls
2025-06-15,493,Udupi,Coastal Karnataka,13.34,74.74,57.80,40.60,42.00,2025/June 2025/daily cum dated 15.06.2025.xls
2025-06-15,494,Uttara Kannada,Coastal Karnataka,14.79,74.69,45.80,27.10,69.00,2025/June 2025/daily cum dated 15.06.2025.xls
2025-06-16,492,Dakshina Kannada,Coastal Karnataka,12.84,74.86,140.80,34.40,309.00,2025/June 2025/daily cum dated 16.06.2025.xls
2025-06-16,493,Udupi,Coastal Karnataka,13.34,74.74,161.40,43.60,270.00,2025/June 2025/daily cum dated 16.06.2025.xls
2025-06-16,494,Uttara Kannada,Coastal Karnataka,14.79,74.69,111.40,33.20,236.00,2025/June 2025/daily cum dated 16.06.2025.xls
2025-06-18,492,Dakshina Kannada,Coastal Karnataka,12.84,74.86,60.30,41.90,44.00,2025/June 2025/daily cum dated 18.06.2025.xls
2025-06-18,493,Udupi,Coastal Karnataka,13.34,74.74,46.90,47.50,-1.00,2025/June 2025/daily cum dated 18.06.2025.xls
2025-06-18,494,Uttara Kannada,Coastal Karnataka,14.79,74.69,21.40,32.60,-34.00,2025/June 2025/daily cum dated 18.06.2025.xls
2025-06-19,492,Dakshina Kannada,Coastal Karnataka,12.84,74.86,17.40,39.00,-56.00,2025/June 2025/daily cum dated 19.06.2025.xls
2025-06-19,493,Udupi,Coastal Karnataka,13.34,74.74,11.00,48.00,-77.00,2025/June 2025/daily cum dated 19.06.2025.xls
2025-06-19,494,Uttara Kannada,Coastal Karnataka,14.79,74.69,23.00,34.20,-33.00,2025/June 2025/daily cum dated 19.06.2025.xls
2025-06-20,492,Dakshina Kannada,Coastal Karnataka,12.84,74.86,16.00,36.70,-57.00,2025/June 2025/daily cum dated 20.06.2025.xls
2025-06-20,493,Udupi,Coastal Karnataka,13.34,74.74,8.70,43.50,-80.00,2025/June 2025/daily cum dated 20.06.2025.xls
2025-06-20,494,Uttara Kannada,Coastal Karnataka,14.79,74.69,15.70,30.80,-49.00,2025/June 2025/daily cum dated 20.06.2025.xls
2025-06-21,492,Dakshina Kannada,Coastal Karnataka,12.84,74.86,13.00,35.80,-64.00,2025/June 2025/daily cum dated 21.06.2025.xls
2025-06-21,493,Udupi,Coastal Karnataka,13.34,74.74,12.60,39.00,-68.00,2025/June 2025/daily cum dated 21.06.2025.xls
2025-06-21,494,Uttara Kannada,Coastal Karnataka,14.79,74.69,19.80,26.40,-25.00,2025/June 2025/daily cum dated 21.06.2025.xls
2025-06-22,492,Dakshina Kannada,Coastal Karnataka,12.84,74.86,14.20,35.90,-61.00,2025/June 2025/daily cum dated 22.06.2025.xls
2025-06-22,493,Udupi,Coastal Karnataka,13.34,74.74,23.00,39.30,-41.00,2025/June 2025/daily cum dated 22.06.2025.xls
2025-06-22,494,Uttara Kannada,Coastal Karnataka,14.79,74.69,16.40,28.70,-43.00,2025/June 2025/daily cum dated 22.06.2025.xls
2025-06-23,492,Dakshina Kannada,Coastal Karnataka,12.84,74.86,72.10,35.80,101.00,2025/June 2025/daily cum dated 23.06.2025.xls
2025-06-23,493,Udupi,Coastal Karnataka,13.34,74.74,37.00,40.40,-8.00,2025/June 2025/daily cum dated 23.06.2025.xls
2025-06-23,494,Uttara Kannada,Coastal Karnataka,14.79,74.69,32.40,28.80,13.00,2025/June 2025/daily cum dated 23.06.2025.xls
2025-06-24,492,Dakshina Kannada,Coastal Karnataka,12.84,74.86,33.90,37.40,-9.00,2025/June 2025/daily cum dated 24.06.2025.xls
2025-06-24,493,Udupi,Coastal Karnataka,13.34,74.74,55.70,41.10,35.00,2025/June 2025/daily cum dated 24.06.2025.xls
2025-06-24,494,Uttara Kannada,Coastal Karnataka,14.79,74.69,40.50,27.90,45.00,2025/June 2025/daily cum dated 24.06.2025.xls
2025-06-25,492,Dakshina Kannada,Coastal Karnataka,12.84,74.86,43.50,34.80,25.00,2025/June 2025/daily cum dated 25.06.2025.xls
2025-06-25,493,Udupi,Coastal Karnataka,13.34,74.74,28.60,40.40,-29.00,2025/June 2025/daily cum dated 25.06.2025.xls
2025-06-25,494,Uttara Kannada,Coastal Karnataka,14.79,74.69,40.00,26.90,49.00,2025/June 2025/daily cum dated 25.06.2025.xls
2025-06-26,492,Dakshina Kannada,Coastal Karnataka,12.84,74.86,40.80,39.30,4.00,2025/June 2025/daily cum dated 26.06.2025.xls
2025-06-26,493,Udupi,Coastal Karnataka,13.34,74.74,32.90,42.60,-23.00,2025/June 2025/daily cum dated 26.06.2025.xls
2025-06-26,494,Uttara Kannada,Coastal Karnataka,14.79,74.69,36.50,30.40,20.00,2025/June 2025/daily cum dated 26.06.2025.xls
2025-06-27,492,Dakshina Kannada,Coastal Karnataka,12.84,74.86,41.40,36.40,14.00,2025/June 2025/daily cum dated 27.06.2025.xls
2025-06-27,493,Udupi,Coastal Karnataka,13.34,74.74,26.70,39.40,-32.00,2025/June 2025/daily cum dated 27.06.2025.xls
2025-06-27,494,Uttara Kannada,Coastal Karnataka,14.79,74.69,26.80,30.40,-12.00,2025/June 2025/daily cum dated 27.06.2025.xls
2025-06-28,492,Dakshina Kannada,Coastal Karnataka,12.84,74.86,20.70,38.60,-46.00,2025/June 2025/daily cum dated 28.06.2025.xls
2025-06-28,493,Udupi,Coastal Karnataka,13.34,74.74,18.70,44.50,-58.00,2025/June 2025/daily cum dated 28.06.2025.xls
2025-06-28,494,Uttara Kannada,Coastal Karnataka,14.79,74.69,24.60,28.20,-13.00,2025/June 2025/daily cum dated 28.06.2025.xls
2025-06-29,492,Dakshina Kannada,Coastal Karnataka,12.84,74.86,38.20,42.50,-10.00,2025/June 2025/daily cum dated 29.06.2025.xls
2025-06-29,493,Udupi,Coastal Karnataka,13.34,74.74,21.90,46.00,-52.00,2025/June 2025/daily cum dated 29.06.2025.xls
2025-06-29,494,Uttara Kannada,Coastal Karnataka,14.79,74.69,19.50,34.90,-44.00,2025/June 2025/daily cum dated 29.06.2025.xls
2025-06-30,492,Dakshina Kannada,Coastal Karnataka,12.84,74.86,19.70,41.90,-53.00,2025/June 2025/daily cum dated 30.06.2025.xls
2025-06-30,493,Udupi,Coastal Karnataka,13.34,74.74,24.80,45.40,-45.00,2025/June 2025/daily cum dated 30.06.2025.xls
2025-06-30,494,Uttara Kannada,Coastal Karnataka,14.79,74.69,13.60,35.30,-62.00,2025/June 2025/daily cum dated 30.06.2025.xls
2025-07-01,492,Dakshina Kannada,Coastal Karnataka,12.84,74.86,17.50,36.00,-51.00,2025/JULY 2025/daily cum dated 01.07.2025.xls
2025-07-01,493,Udupi,Coastal Karnataka,13.34,74.74,19.40,43.10,-55.00,2025/JULY 2025/daily cum dated 01.07.2025.xls
2025-07-01,494,Uttara Kannada,Coastal Karnataka,14.79,74.69,12.90,35.60,-64.00,2025/JULY 2025/daily cum dated 01.07.2025.xls
2025-07-02,492,Dakshina Kannada,Coastal Karnataka,12.84,74.86,26.90,39.60,-32.00,2025/JULY 2025/daily cum dated 02.07.2025.xls
2025-07-02,493,Udupi,Coastal Karnataka,13.34,74.74,30.00,47.80,-37.00,2025/JULY 2025/daily cum dated 02.07.2025.xls
2025-07-02,494,Uttara Kannada,Coastal Karnataka,14.79,74.69,35.10,34.90,0.00,2025/JULY 2025/daily cum dated 02.07.2025.xls
2025-07-03,492,Dakshina Kannada,Coastal Karnataka,12.84,74.86,65.20,37.40,74.00,2025/JULY 2025/daily cum dated 03.07.2025.xls
2025-07-03,493,Udupi,Coastal Karnataka,13.34,74.74,64.60,45.50,42.00,2025/JULY 2025/daily cum dated 03.07.2025.xls
2025-07-03,494,Uttara Kannada,Coastal Karnataka,14.79,74.69,55.00,35.70,54.00,2025/JULY 2025/daily cum dated 03.07.2025.xls
2025-07-04,492,Dakshina Kannada,Coastal Karnataka,12.84,74.86,65.30,40.40,62.00,2025/JULY 2025/daily cum dated 04.07.2025.xls
2025-07-04,493,Udupi,Coastal Karnataka,13.34,74.74,91.40,41.50,120.00,2025/JULY 2025/daily cum dated 04.07.2025.xls
2025-07-04,494,Uttara Kannada,Coastal Karnataka,14.79,74.69,57.40,27.10,112.00,2025/JULY 2025/daily cum dated 04.07.2025.xls
2025-07-05,492,Dakshina Kannada,Coastal Karnataka,12.84,74.86,51.50,33.30,55.00,2025/JULY 2025/daily cum dated 05.07.2025.xls
2025-07-05,493,Udupi,Coastal Karnataka,13.34,74.74,81.80,43.70,87.00,2025/JULY 2025/daily cum dated 05.07.2025.xls
2025-07-05,494,Uttara Kannada,Coastal Karnataka,14.79,74.69,49.10,31.50,56.00,2025/JULY 2025/daily cum dated 05.07.2025.xls
2025-07-06,492,Dakshina Kannada,Coastal Karnataka,12.84,74.86,48.50,30.40,60.00,2025/JULY 2025/daily cum dated 06.07.2025.xls
2025-07-06,493,Udupi,Coastal Karnataka,13.34,74.74,58.10,38.30,52.00,2025/JULY 2025/daily cum dated 06.07.2025.xls
2025-07-06,494,Uttara Kannada,Coastal Karnataka,14.79,74.69,48.40,25.60,89.00,2025/JULY 2025/daily cum dated 06.07.2025.xls
2025-07-07,492,Dakshina Kannada,Coastal Karnataka,12.84,74.86,39.70,35.80,11.00,2025/JULY 2025/daily cum dated 07.07.2025.xls
2025-07-07,493,Udupi,Coastal Karnataka,13.34,74.74,26.10,35.10,-26.00,2025/JULY 2025/daily cum dated 07.07.2025.xls
2025-07-07,494,Uttara Kannada,Coastal Karnataka,14.79,74.69,27.00,26.70,1.00,2025/JULY 2025/daily cum dated 07.07.2025.xls
2025-07-08,492,Dakshina Kannada,Coastal Karnataka,12.84,74.86,18.70,36.80,-49.00,2025/JULY 2025/daily cum dated 08.07.2025.xls
2025-07-08,493,Udupi,Coastal Karnataka,13.34,74.74,22.00,41.60,-47.00,2025/JULY 2025/daily cum dated 08.07.2025.xls
2025-07-08,494,Uttara Kannada,Coastal Karnataka,14.79,74.69,15.40,31.30,-51.00,2025/JULY 2025/daily cum dated 08.07.2025.xls
2025-07-09,492,Dakshina Kannada,Coastal Karnataka,12.84,74.86,23.30,33.90,-31.00,2025/JULY 2025/daily cum dated 09.07.2025.xls
2025-07-09,493,Udupi,Coastal Karnataka,13.34,74.74,40.80,38.80,5.00,2025/JULY 2025/daily cum dated 09.07.2025.xls
2025-07-09,494,Uttara Kannada,Coastal Karnataka,14.79,74.69,31.20,30.60,2.00,2025/JULY 2025/daily cum dated 09.07.2025.xls
2025-07-10,492,Dakshina Kannada,Coastal Karnataka,12.84,74.86,35.50,38.70,-8.00,2025/JULY 2025/daily cum dated 10.07.2025.xls
2025-07-10,493,Udupi,Coastal Karnataka,13.34,74.74,44.70,42.70,5.00,2025/JULY 2025/daily cum dated 10.07.2025.xls
2025-07-10,494,Uttara Kannada,Coastal Karnataka,14.79,74.69,20.50,28.30,-28.00,2025/JULY 2025/daily cum dated 10.07.2025.xls
2025-07-11,492,Dakshina Kannada,Coastal Karnataka,12.84,74.86,54.40,41.20,32.00,2025/JULY 2025/daily cum dated 11.07.2025.xls
2025-07-11,493,Udupi,Coastal Karnataka,13.34,74.74,33.30,44.70,-25.00,2025/JULY 2025/daily cum dated 11.07.2025.xls
2025-07-11,494,Uttara Kannada,Coastal Karnataka,14.79,74.69,14.30,30.30,-53.00,2025/JULY 2025/daily cum dated 11.07.2025.xls
2025-07-13,492,Dakshina Kannada,Coastal Karnataka,12.84,74.86,21.00,34.30,-39.00,2025/JULY 2025/daily cum dated 13.07.2025.xls
2025-07-13,493,Udupi,Coastal Karnataka,13.34,74.74,43.30,45.30,-4.00,2025/JULY 2025/daily cum dated 13.07.2025.xls
2025-07-13,494,Uttara Kannada,Coastal Karnataka,14.79,74.69,28.20,31.50,-11.00,2025/JULY 2025/daily cum dated 13.07.2025.xls
2025-07-14,492,Dakshina Kannada,Coastal Karnataka,12.84,74.86,59.30,40.70,46.00,2025/JULY 2025/daily cum dated 14.07.2025.xls
2025-07-14,493,Udupi,Coastal Karnataka,13.34,74.74,57.40,46.10,25.00,2025/JULY 2025/daily cum dated 14.07.2025.xls
2025-07-14,494,Uttara Kannada,Coastal Karnataka,14.79,74.69,26.90,34.00,-21.00,2025/JULY 2025/daily cum dated 14.07.2025.xls
2025-07-15,492,Dakshina Kannada,Coastal Karnataka,12.84,74.86,81.50,38.20,113.00,2025/JULY 2025/daily cum dated 15.07.2025.xls
2025-07-15,493,Udupi,Coastal Karnataka,13.34,74.74,70.40,43.70,61.00,2025/JULY 2025/daily cum dated 15.07.2025.xls
2025-07-15,494,Uttara Kannada,Coastal Karnataka,14.79,74.69,62.10,31.40,98.00,2025/JULY 2025/daily cum dated 15.07.2025.xls
2025-07-16,492,Dakshina Kannada,Coastal Karnataka,12.84,74.86,57.50,37.70,52.00,2025/JULY 2025/daily cum dated 16.07.2025.xls
2025-07-16,493,Udupi,Coastal Karnataka,13.34,74.74,73.50,44.10,67.00,2025/JULY 2025/daily cum dated 16.07.2025.xls
2025-07-16,494,Uttara Kannada,Coastal Karnataka,14.79,74.69,24.00,35.00,-31.00,2025/JULY 2025/daily cum dated 16.07.2025.xls
2025-07-17,492,Dakshina Kannada,Coastal Karnataka,12.84,74.86,161.10,43.00,275.00,2025/JULY 2025/daily cum dated 17.07.2025.xls
2025-07-17,493,Udupi,Coastal Karnataka,13.34,74.74,101.10,47.20,114.00,2025/JULY 2025/daily cum dated 17.07.2025.xls
2025-07-17,494,Uttara Kannada,Coastal Karnataka,14.79,74.69,54.20,39.00,39.00,2025/JULY 2025/daily cum dated 17.07.2025.xls
2025-07-18,492,Dakshina Kannada,Coastal Karnataka,12.84,74.86,26.90,38.80,-31.00,2025/JULY 2025/daily cum dated 18.07.2025.xls
2025-07-18,493,Udupi,Coastal Karnataka,13.34,74.74,30.00,45.50,-34.00,2025/JULY 2025/daily cum dated 18.07.2025.xls
2025-07-18,494,Uttara Kannada,Coastal Karnataka,14.79,74.69,53.80,38.80,39.00,2025/JULY 2025/daily cum dated 18.07.2025.xls
2025-07-19,492,Dakshina Kannada,Coastal Karnataka,12.84,74.86,42.60,36.30,17.00,2025/JULY 2025/daily cum dated 19.07.2025.xls
2025-07-19,493,Udupi,Coastal Karnataka,13.34,74.74,28.70,41.50,-31.00,2025/JULY 2025/daily cum dated 19.07.2025.xls
2025-07-19,494,Uttara Kannada,Coastal Karnataka,14.79,74.69,49.60,33.30,49.00,2025/JULY 2025/daily cum dated 19.07.2025.xls
2025-07-20,492,Dakshina Kannada,Coastal Karnataka,12.84,74.86,38.80,40.50,-4.00,2025/JULY 2025/daily cum dated 20.07.2025.xls
2025-07-20,493,Udupi,Coastal Karnataka,13.34,74.74,71.50,45.60,57.00,2025/JULY 2025/daily cum dated 20.07.2025.xls
2025-07-20,494,Uttara Kannada,Coastal Karnataka,14.79,74.69,42.70,34.70,23.00,2025/JULY 2025/daily cum dated 20.07.2025.xls
2025-07-21,492,Dakshina Kannada,Coastal Karnataka,12.84,74.86,29.80,38.30,-22.00,2025/JULY 2025/daily cum dated 21.07.2025.xls
2025-07-21,493,Udupi,Coastal Karnataka,13.34,74.74,33.60,38.10,-12.00,2025/JULY 2025/daily cum dated 21.07.2025.xls
2025-07-21,494,Uttara Kannada,Coastal Karnataka,14.79,74.69,27.60,33.80,-18.00,2025/JULY 2025/daily cum dated 21.07.2025.xls
2025-07-22,492,Dakshina Kannada,Coastal Karnataka,12.84,74.86,25.20,39.60,-36.00,2025/JULY 2025/daily cum dated 22.07.2025.xls
2025-07-22,493,Udupi,Coastal Karnataka,13.34,74.74,24.30,41.30,-41.00,2025/JULY 2025/daily cum dated 22.07.2025.xls
2025-07-22,494,Uttara Kannada,Coastal Karnataka,14.79,74.69,30.90,36.00,-14.00,2025/JULY 2025/daily cum dated 22.07.2025.xls
2025-07-23,492,Dakshina Kannada,Coastal Karnataka,12.84,74.86,41.90,35.20,19.00,2025/JULY 2025/daily cum dated 23.07.2025.xls
2025-07-23,493,Udupi,Coastal Karnataka,13.34,74.74,52.60,43.00,22.00,2025/JULY 2025/daily cum dated 23.07.2025.xls
2025-07-23,494,Uttara Kannada,Coastal Karnataka,14.79,74.69,78.20,35.30,122.00,2025/JULY 2025/daily cum dated 23.07.2025.xls
2025-07-24,492,Dakshina Kannada,Coastal Karnataka,12.84,74.86,63.30,36.80,72.00,2025/JULY 2025/daily cum dated 24.07.2025.xls
2025-07-24,493,Udupi,Coastal Karnataka,13.34,74.74,91.30,41.40,121.00,2025/JULY 2025/daily cum dated 24.07.2025.xls
2025-07-24,494,Uttara Kannada,Coastal Karnataka,14.79,74.69,79.20,31.70,150.00,2025/JULY 2025/daily cum dated 24.07.2025.xls
2025-07-25,492,Dakshina Kannada,Coastal Karnataka,12.84,74.86,85.10,39.00,118.00,2025/JULY 2025/daily cum dated 25.07.2025.xls
2025-07-25,493,Udupi,Coastal Karnataka,13.34,74.74,66.90,47.50,41.00,2025/JULY 2025/daily cum dated 25.07.2025.xls
2025-07-25,494,Uttara Kannada,Coastal Karnataka,14.79,74.69,81.00,32.00,153.00,2025/JULY 2025/daily cum dated 25.07.2025.xls
2025-07-26,492,Dakshina Kannada,Coastal Karnataka,12.84,74.86,32.10,35.80,-10.00,2025/JULY 2025/daily cum dated 26.07.2025.xls
2025-07-26,493,Udupi,Coastal Karnataka,13.34,74.74,44.20,37.40,18.00,2025/JULY 2025/daily cum dated 26.07.2025.xls
2025-07-26,494,Uttara Kannada,Coastal Karnataka,14.79,74.69,85.50,30.40,181.00,2025/JULY 2025/daily cum dated 26.07.2025.xls
2025-07-27,492,Dakshina Kannada,Coastal Karnataka,12.84,74.86,53.00,37.80,40.00,2025/JULY 2025/daily cum dated 27.07.2025.xls
2025-07-27,493,Udupi,Coastal Karnataka,13.34,74.74,59.70,38.70,54.00,2025/JULY 2025/daily cum dated 27.07.2025.xls
2025-07-27,494,Uttara Kannada,Coastal Karnataka,14.79,74.69,40.70,30.20,35.00,2025/JULY 2025/daily cum dated 27.07.2025.xls
2025-07-28,492,Dakshina Kannada,Coastal Karnataka,12.84,74.86,17.00,35.20,-52.00,2025/JULY 2025/daily cum dated 28.07.2025.xls
2025-07-28,493,Udupi,Coastal Karnataka,13.34,74.74,27.30,35.40,-23.00,2025/JULY 2025/daily cum dated 28.07.2025.xls
2025-07-28,494,Uttara Kannada,Coastal Karnataka,14.79,74.69,16.40,28.80,-43.00,2025/JULY 2025/daily cum dated 28.07.2025.xls
2025-07-29,492,Dakshina Kannada,Coastal Karnataka,12.84,74.86,12.00,33.30,-64.00,2025/JULY 2025/daily cum dated 29.07.2025.xls
2025-07-29,493,Udupi,Coastal Karnataka,13.34,74.74,15.00,38.50,-61.00,2025/JULY 2025/daily cum dated 29.07.2025.xls
2025-07-29,494,Uttara Kannada,Coastal Karnataka,14.79,74.69,9.70,28.60,-66.00,2025/JULY 2025/daily cum dated 29.07.2025.xls
2025-07-30,492,Dakshina Kannada,Coastal Karnataka,12.84,74.86,15.50,32.70,-53.00,2025/JULY 2025/daily cum dated 30.07.2025.xls
2025-07-30,493,Udupi,Coastal Karnataka,13.34,74.74,31.60,36.60,-14.00,2025/JULY 2025/daily cum dated 30.07.2025.xls
2025-07-30,494,Uttara Kannada,Coastal Karnataka,14.79,74.69,13.20,28.20,-53.00,2025/JULY 2025/daily cum dated 30.07.2025.xls
2025-07-31,492,Dakshina Kannada,Coastal Karnataka,12.84,74.86,14.90,32.50,-54.00,2025/JULY 2025/daily cum dated 31.07.2025.xls
2025-07-31,493,Udupi,Coastal Karnataka,13.34,74.74,15.40,32.60,-53.00,2025/JULY 2025/daily cum dated 31.07.2025.xls
2025-07-31,494,Uttara Kannada,Coastal Karnataka,14.79,74.69,14.20,29.60,-52.00,2025/JULY 2025/daily cum dated 31.07.2025.xls
2025-08-01,492,Dakshina Kannada,Coastal Karnataka,12.84,74.86,12.90,34.30,-62.00,2025/AUGUST 2025/daily cum dated 01.08.2025.xls
2025-08-01,493,Udupi,Coastal Karnataka,13.34,74.74,17.80,40.10,-56.00,2025/AUGUST 2025/daily cum dated 01.08.2025.xls
2025-08-01,494,Uttara Kannada,Coastal Karnataka,14.79,74.69,6.60,30.10,-78.00,2025/AUGUST 2025/daily cum dated 01.08.2025.xls
2025-08-02,492,Dakshina Kannada,Coastal Karnataka,12.84,74.86,7.90,40.00,-80.00,2025/AUGUST 2025/daily cum dated 02.08.2025.xls
2025-08-02,493,Udupi,Coastal Karnataka,13.34,74.74,16.60,42.10,-61.00,2025/AUGUST 2025/daily cum dated 02.08.2025.xls
2025-08-02,494,Uttara Kannada,Coastal Karnataka,14.79,74.69,10.90,30.90,-65.00,2025/AUGUST 2025/daily cum dated 02.08.2025.xls
2025-08-03,492,Dakshina Kannada,Coastal Karnataka,12.84,74.86,11.80,32.70,-64.00,2025/AUGUST 2025/daily cum dated 03.08.2025.xls
2025-08-03,493,Udupi,Coastal Karnataka,13.34,74.74,50.90,35.80,42.00,2025/AUGUST 2025/daily cum dated 03.08.2025.xls
2025-08-03,494,Uttara Kannada,Coastal Karnataka,14.79,74.69,20.60,33.00,-38.00,2025/AUGUST 2025/daily cum dated 03.08.2025.xls
2025-08-04,492,Dakshina Kannada,Coastal Karnataka,12.84,74.86,21.20,36.10,-41.00,2025/AUGUST 2025/daily cum dated 04.08.2025.xls
2025-08-04,493,Udupi,Coastal Karnataka,13.34,74.74,23.50,38.80,-39.00,2025/AUGUST 2025/daily cum dated 04.08.2025.xls
2025-08-04,494,Uttara Kannada,Coastal Karnataka,14.79,74.69,2.20,34.10,-94.00,2025/AUGUST 2025/daily cum dated 04.08.2025.xls
2025-08-05,492,Dakshina Kannada,Coastal Karnataka,12.84,74.86,0.50,35.10,-99.00,2025/AUGUST 2025/daily cum dated 05.08.2025.xls
2025-08-05,493,Udupi,Coastal Karnataka,13.34,74.74,2.30,35.30,-94.00,2025/AUGUST 2025/daily cum dated 05.08.2025.xls
2025-08-05,494,Uttara Kannada,Coastal Karnataka,14.79,74.69,3.30,31.20,-90.00,2025/AUGUST 2025/daily cum dated 05.08.2025.xls
2025-08-06,492,Dakshina Kannada,Coastal Karnataka,12.84,74.86,43.90,33.10,32.00,2025/AUGUST 2025/daily cum dated 06.08.2025.xls
2025-08-06,493,Udupi,Coastal Karnataka,13.34,74.74,42.50,33.20,28.00,2025/AUGUST 2025/daily cum dated 06.08.2025.xls
2025-08-06,494,Uttara Kannada,Coastal Karnataka,14.79,74.69,49.80,28.40,75.00,2025/AUGUST 2025/daily cum dated 06.08.2025.xls
2025-08-07,492,Dakshina Kannada,Coastal Karnataka,12.84,74.86,4.50,30.50,-85.00,2025/AUGUST 2025/daily cum dated 07.08.2025.xls
2025-08-07,493,Udupi,Coastal Karnataka,13.34,74.74,8.00,32.10,-75.00,2025/AUGUST 2025/daily cum dated 07.08.2025.xls
2025-08-07,494,Uttara Kannada,Coastal Karnataka,14.79,74.69,3.80,29.30,-87.00,2025/AUGUST 2025/daily cum dated 07.08.2025.xls
2025-08-08,492,Dakshina Kannada,Coastal Karnataka,12.84,74.86,5.20,32.30,-84.00,2025/AUGUST 2025/daily cum dated 08.08.2025.xls
2025-08-08,493,Udupi,Coastal Karnataka,13.34,74.74,0.50,39.70,-99.00,2025/AUGUST 2025/daily cum dated 08.08.2025.xls
2025-08-08,494,Uttara Kannada,Coastal Karnataka,14.79,74.69,2.20,30.60,-93.00,2025/AUGUST 2025/daily cum dated 08.08.2025.xls
2025-08-09,492,Dakshina Kannada,Coastal Karnataka,12.84,74.86,0.90,31.70,-97.00,2025/AUGUST 2025/daily cum dated 09.08.2025.xls
2025-08-09,493,Udupi,Coastal Karnataka,13.34,74.74,0.20,37.60,-99.00,2025/AUGUST 2025/daily cum dated 09.08.2025.xls
2025-08-09,494,Uttara Kannada,Coastal Karnataka,14.79,74.69,2.50,31.90,-92.00,2025/AUGUST 2025/daily cum dated 09.08.2025.xls
2025-08-10,492,Dakshina Kannada,Coastal Karnataka,12.84,74.86,2.10,34.00,-94.00,2025/AUGUST 2025/daily cum dated 10.08.2025.xls
2025-08-10,493,Udupi,Coastal Karnataka,13.34,74.74,5.60,38.30,-85.00,2025/AUGUST 2025/daily cum dated 10.08.2025.xls
2025-08-10,494,Uttara Kannada,Coastal Karnataka,14.79,74.69,2.20,29.60,-93.00,2025/AUGUST 2025/daily cum dated 10.08.2025.xls
2025-08-11,492,Dakshina Kannada,Coastal Karnataka,12.84,74.86,4.90,36.20,-86.00,2025/AUGUST 2025/daily cum dated 11.08.2025.xls
2025-08-11,493,Udupi,Coastal Karnataka,13.34,74.74,16.80,41.20,-59.00,2025/AUGUST 2025/daily cum dated 11.08.2025.xls
2025-08-11,494,Uttara Kannada,Coastal Karnataka,14.79,74.69,11.50,31.10,-63.00,2025/AUGUST 2025/daily cum dated 11.08.2025.xls
2025-08-12,492,Dakshina Kannada,Coastal Karnataka,12.84,74.86,8.60,38.80,-78.00,2025/AUGUST 2025/daily cum dated 12.08.2025.xls
2025-08-12,493,Udupi,Coastal Karnataka,13.34,74.74,12.60,44.00,-71.00,2025/AUGUST 2025/daily cum dated 12.08.2025.xls
2025-08-12,494,Uttara Kannada,Coastal Karnataka,14.79,74.69,12.30,31.30,-61.00,2025/AUGUST 2025/daily cum dated 12.08.2025.xls
2025-08-13,492,Dakshina Kannada,Coastal Karnataka,12.84,74.86,16.40,33.40,-51.00,2025/AUGUST 2025/daily cum dated 13.08.2025.xls
2025-08-13,493,Udupi,Coastal Karnataka,13.34,74.74,24.90,35.10,-29.00,2025/AUGUST 2025/daily cum dated 13.08.2025.xls
2025-08-13,494,Uttara Kannada,Coastal Karnataka,14.79,74.69,19.30,29.60,-35.00,2025/AUGUST 2025/daily cum dated 13.08.2025.xls
2025-08-14,492,Dakshina Kannada,Coastal Karnataka,12.84,74.86,16.70,31.60,-47.00,2025/AUGUST 2025/daily cum dated 14.08.2025.xls
2025-08-14,493,Udupi,Coastal Karnataka,13.34,74.74,37.20,35.00,6.00,2025/AUGUST 2025/daily cum dated 14.08.2025.xls
2025-08-14,494,Uttara Kannada,Coastal Karnataka,14.79,74.69,34.40,26.30,31.00,2025/AUGUST 2025/daily cum dated 14.08.2025.xls
2025-08-15,492,Dakshina Kannada,Coastal Karnataka,12.84,74.86,33.10,28.50,16.00,2025/AUGUST 2025/daily cum dated 15.08.2025.xls
2025-08-15,493,Udupi,Coastal Karnataka,13.34,74.74,46.00,30.60,50.00,2025/AUGUST 2025/daily cum dated 15.08.2025.xls
2025-08-15,494,Uttara Kannada,Coastal Karnataka,14.79,74.69,53.70,24.40,120.00,2025/AUGUST 2025/daily cum dated 15.08.2025.xls
2025-08-16,492,Dakshina Kannada,Coastal Karnataka,12.84,74.86,40.80,28.80,41.00,2025/AUGUST 2025/daily cum dated 16.08.2025.xls
2025-08-16,493,Udupi,Coastal Karnataka,13.34,74.74,28.10,30.50,-8.00,2025/AUGUST 2025/daily cum dated 16.08.2025.xls
2025-08-16,494,Uttara Kannada,Coastal Karnataka,14.79,74.69,29.50,23.30,27.00,2025/AUGUST 2025/daily cum dated 16.08.2025.xls
2025-08-17,492,Dakshina Kannada,Coastal Karnataka,12.84,74.86,42.30,32.10,32.00,2025/AUGUST 2025/daily cum dated 17.08.2025.xls
2025-08-17,493,Udupi,Coastal Karnataka,13.34,74.74,40.70,33.70,21.00,2025/AUGUST 2025/daily cum dated 17.08.2025.xls
2025-08-17,494,Uttara Kannada,Coastal Karnataka,14.79,74.69,41.10,25.90,59.00,2025/AUGUST 2025/daily cum dated 17.08.2025.xls
2025-08-18,492,Dakshina Kannada,Coastal Karnataka,12.84,74.86,34.70,30.70,13.00,2025/AUGUST 2025/daily cum dated 18.08.2025.xls
2025-08-18,493,Udupi,Coastal Karnataka,13.34,74.74,53.20,34.50,54.00,2025/AUGUST 2025/daily cum dated 18.08.2025.xls
2025-08-18,494,Uttara Kannada,Coastal Karnataka,14.79,74.69,97.20,22.50,332.00,2025/AUGUST 2025/daily cum dated 18.08.2025.xls
2025-08-19,492,Dakshina Kannada,Coastal Karnataka,12.84,74.86,30.10,24.80,21.00,2025/AUGUST 2025/daily cum dated 19.08.2025.xls
2025-08-19,493,Udupi,Coastal Karnataka,13.34,74.74,76.50,31.80,141.00,2025/AUGUST 2025/daily cum dated 19.08.2025.xls
2025-08-19,494,Uttara Kannada,Coastal Karnataka,14.79,74.69,76.40,21.00,264.00,2025/AUGUST 2025/daily cum dated 19.08.2025.xls
2025-08-20,492,Dakshina Kannada,Coastal Karnataka,12.84,74.86,1.30,24.00,-94.00,2025/AUGUST 2025/daily cum dated 20.08.2025.xls
2025-08-20,493,Udupi,Coastal Karnataka,13.34,74.74,3.30,25.40,-87.00,2025/AUGUST 2025/daily cum dated 20.08.2025.xls
2025-08-20,494,Uttara Kannada,Coastal Karnataka,14.79,74.69,50.40,15.90,217.00,2025/AUGUST 2025/daily cum dated 20.08.2025.xls
2025-08-21,492,Dakshina Kannada,Coastal Karnataka,12.84,74.86,8.30,21.30,-61.00,2025/AUGUST 2025/daily cum dated 21.08.2025.xls
2025-08-21,493,Udupi,Coastal Karnataka,13.34,74.74,19.40,24.60,-21.00,2025/AUGUST 2025/daily cum dated 21.08.2025.xls
2025-08-21,494,Uttara Kannada,Coastal Karnataka,14.79,74.69,28.00,17.50,60.00,2025/AUGUST 2025/daily cum dated 21.08.2025.xls
2025-08-22,492,Dakshina Kannada,Coastal Karnataka,12.84,74.86,9.70,26.30,-63.00,2025/AUGUST 2025/daily cum dated 22.08.2025.xls
2025-08-22,493,Udupi,Coastal Karnataka,13.34,74.74,11.90,24.50,-51.00,2025/AUGUST 2025/daily cum dated 22.08.2025.xls
2025-08-22,494,Uttara Kannada,Coastal Karnataka,14.79,74.69,10.60,15.20,-30.00,2025/AUGUST 2025/daily cum dated 22.08.2025.xls
2025-08-23,492,Dakshina Kannada,Coastal Karnataka,12.84,74.86,0.40,20.80,-98.00,2025/AUGUST 2025/daily cum dated 23.08.2025.xls
2025-08-23,493,Udupi,Coastal Karnataka,13.34,74.74,1.20,24.40,-95.00,2025/AUGUST 2025/daily cum dated 23.08.2025.xls
2025-08-23,494,Uttara Kannada,Coastal Karnataka,14.79,74.69,6.10,15.30,-60.00,2025/AUGUST 2025/daily cum dated 23.08.2025.xls
2025-08-24,492,Dakshina Kannada,Coastal Karnataka,12.84,74.86,5.50,20.50,-73.00,2025/AUGUST 2025/daily cum dated 24.08.2025.xls
2025-08-24,493,Udupi,Coastal Karnataka,13.34,74.74,11.40,20.80,-45.00,2025/AUGUST 2025/daily cum dated 24.08.2025.xls
2025-08-24,494,Uttara Kannada,Coastal Karnataka,14.79,74.69,8.20,15.40,-47.00,2025/AUGUST 2025/daily cum dated 24.08.2025.xls
2025-08-25,492,Dakshina Kannada,Coastal Karnataka,12.84,74.86,0.10,26.10,-99.00,2025/AUGUST 2025/daily cum dated 25.08.2025.xls
2025-08-25,493,Udupi,Coastal Karnataka,13.34,74.74,0.20,28.70,-99.00,2025/AUGUST 2025/daily cum dated 25.08.2025.xls
2025-08-25,494,Uttara Kannada,Coastal Karnataka,14.79,74.69,3.20,17.10,-81.00,2025/AUGUST 2025/daily cum dated 25.08.2025.xls
2025-08-26,492,Dakshina Kannada,Coastal Karnataka,12.84,74.86,1.40,22.70,-94.00,2025/AUGUST 2025/daily cum dated 26.08.2025.xls
2025-08-26,493,Udupi,Coastal Karnataka,13.34,74.74,10.30,27.10,-62.00,2025/AUGUST 2025/daily cum dated 26.08.2025.xls
2025-08-26,494,Uttara Kannada,Coastal Karnataka,14.79,74.69,12.70,18.10,-30.00,2025/AUGUST 2025/daily cum dated 26.08.2025.xls
2025-08-27,492,Dakshina Kannada,Coastal Karnataka,12.84,74.86,51.90,20.70,151.00,2025/AUGUST 2025/daily cum dated 27.08.2025.xls
2025-08-27,493,Udupi,Coastal Karnataka,13.34,74.74,68.00,21.70,213.00,2025/AUGUST 2025/daily cum dated 27.08.2025.xls
2025-08-27,494,Uttara Kannada,Coastal Karnataka,14.79,74.69,63.00,13.80,357.00,2025/AUGUST 2025/daily cum dated 27.08.2025.xls
2025-08-28,492,Dakshina Kannada,Coastal Karnataka,12.84,74.86,71.80,18.50,288.00,2025/AUGUST 2025/daily cum dated 28.08.2025.xls
2025-08-28,493,Udupi,Coastal Karnataka,13.34,74.74,78.70,20.00,293.00,2025/AUGUST 2025/daily cum dated 28.08.2025.xls
2025-08-28,494,Uttara Kannada,Coastal Karnataka,14.79,74.69,93.10,13.90,569.00,2025/AUGUST 2025/daily cum dated 28.08.2025.xls
2025-08-29,492,Dakshina Kannada,Coastal Karnataka,12.84,74.86,109.30,20.10,444.00,2025/AUGUST 2025/daily cum dated 29.08.2025.xls
2025-08-29,493,Udupi,Coastal Karnataka,13.34,74.74,96.80,22.10,338.00,2025/AUGUST 2025/daily cum dated 29.08.2025.xls
2025-08-29,494,Uttara Kannada,Coastal Karnataka,14.79,74.69,51.90,16.70,211.00,2025/AUGUST 2025/daily cum dated 29.08.2025.xls
2025-08-30,492,Dakshina Kannada,Coastal Karnataka,12.84,74.86,48.90,17.10,186.00,2025/AUGUST 2025/daily cum dated 30.08.2025.xls
2025-08-30,493,Udupi,Coastal Karnataka,13.34,74.74,31.40,23.10,36.00,2025/AUGUST 2025/daily cum dated 30.08.2025.xls
2025-08-30,494,Uttara Kannada,Coastal Karnataka,14.79,74.69,47.10,16.50,185.00,2025/AUGUST 2025/daily cum dated 30.08.2025.xls
2025-08-31,492,Dakshina Kannada,Coastal Karnataka,12.84,74.86,19.90,21.10,-6.00,2025/AUGUST 2025/daily cum dated 31.08.2025.xls
2025-08-31,493,Udupi,Coastal Karnataka,13.34,74.74,16.50,24.50,-33.00,2025/AUGUST 2025/daily cum dated 31.08.2025.xls
2025-08-31,494,Uttara Kannada,Coastal Karnataka,14.79,74.69,12.40,17.80,-30.00,2025/AUGUST 2025/daily cum dated 31.08.2025.xls
2025-09-01,492,Dakshina Kannada,Coastal Karnataka,12.84,74.86,12.20,15.50,-22.00,2025/SEPT 2025/daily dated cum 01.09.2025.xls
2025-09-01,493,Udupi,Coastal Karnataka,13.34,74.74,24.40,20.70,18.00,2025/SEPT 2025/daily dated cum 01.09.2025.xls
2025-09-01,494,Uttara Kannada,Coastal Karnataka,14.79,74.69,16.30,15.90,3.00,2025/SEPT 2025/daily dated cum 01.09.2025.xls
2025-09-02,492,Dakshina Kannada,Coastal Karnataka,12.84,74.86,8.40,15.80,-47.00,2025/SEPT 2025/daily dated cum 02.09.2025.xls
2025-09-02,493,Udupi,Coastal Karnataka,13.34,74.74,11.90,17.50,-32.00,2025/SEPT 2025/daily dated cum 02.09.2025.xls
2025-09-02,494,Uttara Kannada,Coastal Karnataka,14.79,74.69,10.80,12.30,-12.00,2025/SEPT 2025/daily dated cum 02.09.2025.xls
2025-09-03,492,Dakshina Kannada,Coastal Karnataka,12.84,74.86,60.00,15.40,289.00,2025/SEPT 2025/daily dated cum 03.09.2025.xls
2025-09-03,493,Udupi,Coastal Karnataka,13.34,74.74,36.40,19.30,89.00,2025/SEPT 2025/daily dated cum 03.09.2025.xls
2025-09-03,494,Uttara Kannada,Coastal Karnataka,14.79,74.69,20.00,14.60,37.00,2025/SEPT 2025/daily dated cum 03.09.2025.xls
2025-09-04,492,Dakshina Kannada,Coastal Karnataka,12.84,74.86,30.90,16.70,85.00,2025/SEPT 2025/daily dated cum 04.09.2025.xls
2025-09-04,493,Udupi,Coastal Karnataka,13.34,74.74,23.60,15.80,49.00,2025/SEPT 2025/daily dated cum 04.09.2025.xls
2025-09-04,494,Uttara Kannada,Coastal Karnataka,14.79,74.69,13.20,12.10,9.00,2025/SEPT 2025/daily dated cum 04.09.2025.xls
2025-09-05,492,Dakshina Kannada,Coastal Karnataka,12.84,74.86,22.70,15.00,51.00,2025/SEPT 2025/daily dated cum 05.09.2025.xls
2025-09-05,493,Udupi,Coastal Karnataka,13.34,74.74,12.70,16.00,-21.00,2025/SEPT 2025/daily dated cum 05.09.2025.xls
2025-09-05,494,Uttara Kannada,Coastal Karnataka,14.79,74.69,7.40,11.50,-36.00,2025/SEPT 2025/daily dated cum 05.09.2025.xls
2025-09-06,492,Dakshina Kannada,Coastal Karnataka,12.84,74.86,8.40,15.10,-45.00,2025/SEPT 2025/daily dated cum 06.09.2025.xls
2025-09-06,493,Udupi,Coastal Karnataka,13.34,74.74,15.60,17.20,-10.00,2025/SEPT 2025/daily dated cum 06.09.2025.xls
2025-09-06,494,Uttara Kannada,Coastal Karnataka,14.79,74.69,6.10,12.70,-52.00,2025/SEPT 2025/daily dated cum 06.09.2025.xls
2025-09-07,492,Dakshina Kannada,Coastal Karnataka,12.84,74.86,4.50,14.60,-69.00,2025/SEPT 2025/daily dated cum 07.09.2025.xls
2025-09-07,493,Udupi,Coastal Karnataka,13.34,74.74,8.60,18.00,-52.00,2025/SEPT 2025/daily dated cum 07.09.2025.xls
2025-09-07,494,Uttara Kannada,Coastal Karnataka,14.79,74.69,7.00,11.80,-41.00,2025/SEPT 2025/daily dated cum 07.09.2025.xls
2025-09-08,492,Dakshina Kannada,Coastal Karnataka,12.84,74.86,9.70,11.30,-14.00,2025/SEPT 2025/daily dated cum 08.09.2025.xls
2025-09-08,493,Udupi,Coastal Karnataka,13.34,74.74,7.00,12.50,-44.00,2025/SEPT 2025/daily dated cum 08.09.2025.xls
2025-09-08,494,Uttara Kannada,Coastal Karnataka,14.79,74.69,5.00,8.90,-44.00,2025/SEPT 2025/daily dated cum 08.09.2025.xls
2025-09-09,492,Dakshina Kannada,Coastal Karnataka,12.84,74.86,0.20,11.80,-98.00,2025/SEPT 2025/daily dated cum 09.09.2025.xls
2025-09-09,493,Udupi,Coastal Karnataka,13.34,74.74,2.00,12.50,-84.00,2025/SEPT 2025/daily dated cum 09.09.2025.xls
2025-09-09,494,Uttara Kannada,Coastal Karnataka,14.79,74.69,6.10,7.50,-18.00,2025/SEPT 2025/daily dated cum 09.09.2025.xls
2025-09-10,492,Dakshina Kannada,Coastal Karnataka,12.84,74.86,0.00,12.80,-100.00,2025/SEPT 2025/daily dated cum 10.09.2025.xls
2025-09-10,493,Udupi,Coastal Karnataka,13.34,74.74,0.00,14.00,-100.00,2025/SEPT 2025/daily dated cum 10.09.2025.xls
2025-09-10,494,Uttara Kannada,Coastal Karnataka,14.79,74.69,0.20,8.10,-98.00,2025/SEPT 2025/daily dated cum 10.09.2025.xls
2025-09-11,492,Dakshina Kannada,Coastal Karnataka,12.84,74.86,0.00,10.70,-100.00,2025/SEPT 2025/daily dated cum 11.09.2025.xls
2025-09-11,493,Udupi,Coastal Karnataka,13.34,74.74,0.00,13.60,-100.00,2025/SEPT 2025/daily dated cum 11.09.2025.xls
2025-09-11,494,Uttara Kannada,Coastal Karnataka,14.79,74.69,0.40,6.40,-94.00,2025/SEPT 2025/daily dated cum 11.09.2025.xls
2025-09-12,492,Dakshina Kannada,Coastal Karnataka,12.84,74.86,0.00,11.90,-100.00,2025/SEPT 2025/daily dated cum 12.09.2025.xls
2025-09-12,493,Udupi,Coastal Karnataka,13.34,74.74,0.00,13.80,-100.00,2025/SEPT 2025/daily dated cum 12.09.2025.xls
2025-09-12,494,Uttara Kannada,Coastal Karnataka,14.79,74.69,0.10,7.60,-98.00,2025/SEPT 2025/daily dated cum 12.09.2025.xls
2025-09-13,492,Dakshina Kannada,Coastal Karnataka,12.84,74.86,0.00,13.40,-100.00,2025/SEPT 2025/daily dated cum 13.09.2025.xls
2025-09-13,493,Udupi,Coastal Karnataka,13.34,74.74,0.00,13.20,-100.00,2025/SEPT 2025/daily dated cum 13.09.2025.xls
2025-09-13,494,Uttara Kannada,Coastal Karnataka,14.79,74.69,1.20,8.00,-85.00,2025/SEPT 2025/daily dated cum 13.09.2025.xls
2025-09-14,492,Dakshina Kannada,Coastal Karnataka,12.84,74.86,0.80,11.90,-94.00,2025/SEPT 2025/daily dated cum 14.09.2025.xls
2025-09-14,493,Udupi,Coastal Karnataka,13.34,74.74,4.90,14.20,-65.00,2025/SEPT 2025/daily dated cum 14.09.2025.xls
2025-09-14,494,Uttara Kannada,Coastal Karnataka,14.79,74.69,0.10,8.60,-99.00,2025/SEPT 2025/daily dated cum 14.09.2025.xls
2025-09-15,492,Dakshina Kannada,Coastal Karnataka,12.84,74.86,7.10,13.40,-47.00,2025/SEPT 2025/daily dated cum 15.09.2025.xls
2025-09-15,493,Udupi,Coastal Karnataka,13.34,74.74,5.90,15.30,-61.00,2025/SEPT 2025/daily dated cum 15.09.2025.xls
2025-09-15,494,Uttara Kannada,Coastal Karnataka,14.79,74.69,7.00,9.20,-24.00,2025/SEPT 2025/daily dated cum 15.09.2025.xls
2025-09-16,492,Dakshina Kannada,Coastal Karnataka,12.84,74.86,9.00,10.80,-17.00,2025/SEPT 2025/daily dated cum 16.09.2025.xls
2025-09-16,493,Udupi,Coastal Karnataka,13.34,74.74,6.80,13.40,-49.00,2025/SEPT 2025/daily dated cum 16.09.2025.xls
2025-09-16,494,Uttara Kannada,Coastal Karnataka,14.79,74.69,4.80,9.30,-49.00,2025/SEPT 2025/daily dated cum 16.09.2025.xls
2025-09-17,492,Dakshina Kannada,Coastal Karnataka,12.84,74.86,5.10,9.20,-44.00,2025/SEPT 2025/daily dated cum 17.09.2025.xls
2025-09-17,493,Udupi,Coastal Karnataka,13.34,74.74,4.90,9.90,-50.00,2025/SEPT 2025/daily dated cum 17.09.2025.xls
2025-09-17,494,Uttara Kannada,Coastal Karnataka,14.79,74.69,4.40,8.90,-50.00,2025/SEPT 2025/daily dated cum 17.09.2025.xls
2025-09-18,492,Dakshina Kannada,Coastal Karnataka,12.84,74.86,12.30,10.10,22.00,2025/SEPT 2025/daily dated cum 18.09.2025.xls
2025-09-18,493,Udupi,Coastal Karnataka,13.34,74.74,29.10,9.50,206.00,2025/SEPT 2025/daily dated cum 18.09.2025.xls
2025-09-18,494,Uttara Kannada,Coastal Karnataka,14.79,74.69,8.60,8.50,1.00,2025/SEPT 2025/daily dated cum 18.09.2025.xls
2025-09-19,492,Dakshina Kannada,Coastal Karnataka,12.84,74.86,17.50,10.20,71.00,2025/SEPT 2025/daily dated cum 19.09.2025.xls
2025-09-19,493,Udupi,Coastal Karnataka,13.34,74.74,16.90,9.90,71.00,2025/SEPT 2025/daily dated cum 19.09.2025.xls
2025-09-19,494,Uttara Kannada,Coastal Karnataka,14.79,74.69,3.70,8.30,-56.00,2025/SEPT 2025/daily dated cum 19.09.2025.xls
2025-09-20,492,Dakshina Kannada,Coastal Karnataka,12.84,74.86,4.40,12.40,-64.00,2025/SEPT 2025/daily dated cum 20.09.2025.xls
2025-09-20,493,Udupi,Coastal Karnataka,13.34,74.74,10.60,10.80,-2.00,2025/SEPT 2025/daily dated cum 20.09.2025.xls
2025-09-20,494,Uttara Kannada,Coastal Karnataka,14.79,74.69,6.90,8.80,-22.00,2025/SEPT 2025/daily dated cum 20.09.2025.xls
2025-09-21,492,Dakshina Kannada,Coastal Karnataka,12.84,74.86,2.40,10.70,-77.00,2025/SEPT 2025/daily dated cum 21.09.2025.xls
2025-09-21,493,Udupi,Coastal Karnataka,13.34,74.74,2.30,9.80,-76.00,2025/SEPT 2025/daily dated cum 21.09.2025.xls
2025-09-21,494,Uttara Kannada,Coastal Karnataka,14.79,74.69,4.00,9.00,-56.00,2025/SEPT 2025/daily dated cum 21.09.2025.xls
2025-09-22,492,Dakshina Kannada,Coastal Karnataka,12.84,74.86,5.60,7.90,-29.00,2025/SEPT 2025/daily dated cum 22.09.2025.xls
2025-09-22,493,Udupi,Coastal Karnataka,13.34,74.74,3.80,10.20,-63.00,2025/SEPT 2025/daily dated cum 22.09.2025.xls
2025-09-22,494,Uttara Kannada,Coastal Karnataka,14.79,74.69,3.00,9.40,-68.00,2025/SEPT 2025/daily dated cum 22.09.2025.xls
2025-09-23,492,Dakshina Kannada,Coastal Karnataka,12.84,74.86,11.90,8.70,37.00,2025/SEPT 2025/daily dated cum 23.09.2025.xls
2025-09-23,493,Udupi,Coastal Karnataka,13.34,74.74,20.40,8.70,134.00,2025/SEPT 2025/daily dated cum 23.09.2025.xls
2025-09-23,494,Uttara Kannada,Coastal Karnataka,14.79,74.69,5.50,7.60,-28.00,2025/SEPT 2025/daily dated cum 23.09.2025.xls
2025-09-24,492,Dakshina Kannada,Coastal Karnataka,12.84,74.86,5.20,10.70,-52.00,2025/SEPT 2025/daily dated cum 24.09.2025.xls
2025-09-24,493,Udupi,Coastal Karnataka,13.34,74.74,16.90,12.20,39.00,2025/SEPT 2025/daily dated cum 24.09.2025.xls
2025-09-24,494,Uttara Kannada,Coastal Karnataka,14.79,74.69,9.80,8.50,16.00,2025/SEPT 2025/daily dated cum 24.09.2025.xls
2025-09-25,492,Dakshina Kannada,Coastal Karnataka,12.84,74.86,4.90,8.20,-40.00,2025/SEPT 2025/daily dated cum 25.09.2025.xls
2025-09-25,493,Udupi,Coastal Karnataka,13.34,74.74,4.10,10.10,-59.00,2025/SEPT 2025/daily dated cum 25.09.2025.xls
2025-09-25,494,Uttara Kannada,Coastal Karnataka,14.79,74.69,10.40,6.40,62.00,2025/SEPT 2025/daily dated cum 25.09.2025.xls
2025-09-26,492,Dakshina Kannada,Coastal Karnataka,12.84,74.86,5.40,14.70,-63.00,2025/SEPT 2025/daily dated cum 26.09.2025.xls
2025-09-26,493,Udupi,Coastal Karnataka,13.34,74.74,4.00,11.50,-65.00,2025/SEPT 2025/daily dated cum 26.09.2025.xls
2025-09-26,494,Uttara Kannada,Coastal Karnataka,14.79,74.69,5.40,8.90,-39.00,2025/SEPT 2025/daily dated cum 26.09.2025.xls
2025-09-27,492,Dakshina Kannada,Coastal Karnataka,12.84,74.86,18.10,9.20,96.00,2025/SEPT 2025/daily dated cum 27.09.2025.xls
2025-09-27,493,Udupi,Coastal Karnataka,13.34,74.74,27.60,10.30,168.00,2025/SEPT 2025/daily dated cum 27.09.2025.xls
2025-09-27,494,Uttara Kannada,Coastal Karnataka,14.79,74.69,21.40,7.00,206.00,2025/SEPT 2025/daily dated cum 27.09.2025.xls
2025-09-28,492,Dakshina Kannada,Coastal Karnataka,12.84,74.86,46.50,7.70,504.00,2025/SEPT 2025/daily dated cum 28.09.2025.xls
2025-09-28,493,Udupi,Coastal Karnataka,13.34,74.74,21.70,8.80,147.00,2025/SEPT 2025/daily dated cum 28.09.2025.xls
2025-09-28,494,Uttara Kannada,Coastal Karnataka,14.79,74.69,15.80,6.30,150.00,2025/SEPT 2025/daily dated cum 28.09.2025.xls
2025-09-29,492,Dakshina Kannada,Coastal Karnataka,12.84,74.86,17.40,11.80,47.00,2025/SEPT 2025/daily dated cum 29.09.2025.xls
2025-09-29,493,Udupi,Coastal Karnataka,13.34,74.74,30.70,14.30,115.00,2025/SEPT 2025/daily dated cum 29.09.2025.xls
2025-09-29,494,Uttara Kannada,Coastal Karnataka,14.79,74.69,72.70,7.90,820.00,2025/SEPT 2025/daily dated cum 29.09.2025.xls
2025-09-30,492,Dakshina Kannada,Coastal Karnataka,12.84,74.86,2.60,8.30,-69.00,2025/SEPT 2025/daily dated cum 30.09.2025.xls
2025-09-30,493,Udupi,Coastal Karnataka,13.34,74.74,2.90,11.20,-74.00,2025/SEPT 2025/daily dated cum 30.09.2025.xls
2025-09-30,494,Uttara Kannada,Coastal Karnataka,14.79,74.69,10.80,7.20,50.00,2025/SEPT 2025/daily dated cum 30.09.2025.xls
2025-10-01,492,Dakshina Kannada,Coastal Karnataka,12.84,74.86,3.30,10.80,-69.00,2025/oct 2025/daily dated cum 01.10.2025.xls
2025-10-01,493,Udupi,Coastal Karnataka,13.34,74.74,8.30,10.20,-19.00,2025/oct 2025/daily dated cum 01.10.2025.xls
2025-10-01,494,Uttara Kannada,Coastal Karnataka,14.79,74.69,23.00,7.30,215.00,2025/oct 2025/daily dated cum 01.10.2025.xls
2025-10-02,492,Dakshina Kannada,Coastal Karnataka,12.84,74.86,13.20,13.30,-1.00,2025/oct 2025/daily dated cum 02.10.2025.xls
2025-10-02,493,Udupi,Coastal Karnataka,13.34,74.74,14.00,13.70,2.00,2025/oct 2025/daily dated cum 02.10.2025.xls
2025-10-02,494,Uttara Kannada,Coastal Karnataka,14.79,74.69,18.20,8.60,112.00,2025/oct 2025/daily dated cum 02.10.2025.xls
2025-10-03,492,Dakshina Kannada,Coastal Karnataka,12.84,74.86,4.80,12.10,-60.00,2025/oct 2025/daily dated cum 03.10.2025.xls
2025-10-03,493,Udupi,Coastal Karnataka,13.34,74.74,4.90,14.00,-65.00,2025/oct 2025/daily dated cum 03.10.2025.xls
2025-10-03,494,Uttara Kannada,Coastal Karnataka,14.79,74.69,2.30,11.70,-80.00,2025/oct 2025/daily dated cum 03.10.2025.xls
2025-10-04,492,Dakshina Kannada,Coastal Karnataka,12.84,74.86,2.10,11.80,-82.00,2025/oct 2025/daily dated cum 04.10.2025.xls
2025-10-04,493,Udupi,Coastal Karnataka,13.34,74.74,4.60,11.60,-61.00,2025/oct 2025/daily dated cum 04.10.2025.xls
2025-10-04,494,Uttara Kannada,Coastal Karnataka,14.79,74.69,1.30,10.30,-87.00,2025/oct 2025/daily dated cum 04.10.2025.xls
2025-10-05,492,Dakshina Kannada,Coastal Karnataka,12.84,74.86,0.00,11.70,-100.00,2025/oct 2025/daily dated cum 05.10.2025.xls
2025-10-05,493,Udupi,Coastal Karnataka,13.34,74.74,0.30,12.10,-97.00,2025/oct 2025/daily dated cum 05.10.2025.xls
2025-10-05,494,Uttara Kannada,Coastal Karnataka,14.79,74.69,0.50,7.10,-93.00,2025/oct 2025/daily dated cum 05.10.2025.xls
2025-10-06,492,Dakshina Kannada,Coastal Karnataka,12.84,74.86,0.00,11.80,-100.00,2025/oct 2025/daily dated cum 06.10.2025.xls
2025-10-06,493,Udupi,Coastal Karnataka,13.34,74.74,0.00,10.80,-100.00,2025/oct 2025/daily dated cum 06.10.2025.xls
2025-10-06,494,Uttara Kannada,Coastal Karnataka,14.79,74.69,0.20,7.70,-98.00,2025/oct 2025/daily dated cum 06.10.2025.xls
2025-10-07,492,Dakshina Kannada,Coastal Karnataka,12.84,74.86,0.00,10.00,-100.00,2025/oct 2025/daily dated cum 07.10.2025.xls
2025-10-07,493,Udupi,Coastal Karnataka,13.34,74.74,0.00,8.40,-100.00,2025/oct 2025/daily dated cum 07.10.2025.xls
2025-10-07,494,Uttara Kannada,Coastal Karnataka,14.79,74.69,0.10,4.30,-97.00,2025/oct 2025/daily dated cum 07.10.2025.xls
2025-10-08,492,Dakshina Kannada,Coastal Karnataka,12.84,74.86,0.00,7.10,-100.00,2025/oct 2025/daily dated cum 08.10.2025.xls
2025-10-08,493,Udupi,Coastal Karnataka,13.34,74.74,0.00,6.10,-100.00,2025/oct 2025/daily dated cum 08.10.2025.xls
2025-10-08,494,Uttara Kannada,Coastal Karnataka,14.79,74.69,0.00,3.90,-100.00,2025/oct 2025/daily dated cum 08.10.2025.xls
2025-10-09,492,Dakshina Kannada,Coastal Karnataka,12.84,74.86,3.60,9.90,-64.00,2025/oct 2025/daily dated cum 09.10.2025.xls
2025-10-09,493,Udupi,Coastal Karnataka,13.34,74.74,0.70,5.50,-88.00,2025/oct 2025/daily dated cum 09.10.2025.xls
2025-10-09,494,Uttara Kannada,Coastal Karnataka,14.79,74.69,1.30,5.80,-78.00,2025/oct 2025/daily dated cum 09.10.2025.xls
2025-10-10,492,Dakshina Kannada,Coastal Karnataka,12.84,74.86,1.40,8.70,-83.00,2025/oct 2025/daily dated cum 10.10.2025.xls
2025-10-10,493,Udupi,Coastal Karnataka,13.34,74.74,2.50,5.00,-50.00,2025/oct 2025/daily dated cum 10.10.2025.xls
2025-10-10,494,Uttara Kannada,Coastal Karnataka,14.79,74.69,8.10,3.80,114.00,2025/oct 2025/daily dated cum 10.10.2025.xls
2025-10-11,492,Dakshina Kannada,Coastal Karnataka,12.84,74.86,5.00,8.10,-39.00,2025/oct 2025/daily dated cum 11.10.2025.xls
2025-10-11,493,Udupi,Coastal Karnataka,13.34,74.74,0.00,5.00,-100.00,2025/oct 2025/daily dated cum 11.10.2025.xls
2025-10-11,494,Uttara Kannada,Coastal Karnataka,14.79,74.69,1.90,5.70,-66.00,2025/oct 2025/daily dated cum 11.10.2025.xls
2025-10-12,492,Dakshina Kannada,Coastal Karnataka,12.84,74.86,12.30,9.70,27.00,2025/oct 2025/daily dated cum 12.10.2025.xls
2025-10-12,493,Udupi,Coastal Karnataka,13.34,74.74,3.70,9.50,-61.00,2025/oct 2025/daily dated cum 12.10.2025.xls
2025-10-12,494,Uttara Kannada,Coastal Karnataka,14.79,74.69,0.10,5.20,-99.00,2025/oct 2025/daily dated cum 12.10.2025.xls
2025-10-13,492,Dakshina Kannada,Coastal Karnataka,12.84,74.86,23.70,11.00,116.00,2025/oct 2025/daily dated cum 13.10.2025.xls
2025-10-13,493,Udupi,Coastal Karnataka,13.34,74.74,0.00,8.90,-100.00,2025/oct 2025/daily dated cum 13.10.2025.xls
2025-10-13,494,Uttara Kannada,Coastal Karnataka,14.79,74.69,0.00,4.60,-100.00,2025/oct 2025/daily dated cum 13.10.2025.xls
2025-10-14,492,Dakshina Kannada,Coastal Karnataka,12.84,74.86,0.60,10.90,-95.00,2025/oct 2025/daily dated cum 14.10.2025.xls
2025-10-14,493,Udupi,Coastal Karnataka,13.34,74.74,0.00,8.40,-100.00,2025/oct 2025/daily dated cum 14.10.2025.xls
2025-10-14,494,Uttara Kannada,Coastal Karnataka,14.79,74.69,0.00,4.10,-100.00,2025/oct 2025/daily dated cum 14.10.2025.xls
2025-10-15,492,Dakshina Kannada,Coastal Karnataka,12.84,74.86,20.10,7.30,175.00,2025/oct 2025/daily dated cum 15.10.2025.xls
2025-10-15,493,Udupi,Coastal Karnataka,13.34,74.74,7.50,8.60,-13.00,2025/oct 2025/daily dated cum 15.10.2025.xls
2025-10-15,494,Uttara Kannada,Coastal Karnataka,14.79,74.69,4.40,4.90,-11.00,2025/oct 2025/daily dated cum 15.10.2025.xls
2025-10-16,492,Dakshina Kannada,Coastal Karnataka,12.84,74.86,6.10,9.10,-33.00,2025/oct 2025/daily dated cum 16.10.2025.xls
2025-10-16,493,Udupi,Coastal Karnataka,13.34,74.74,2.90,6.80,-58.00,2025/oct 2025/daily dated cum 16.10.2025.xls
2025-10-16,494,Uttara Kannada,Coastal Karnataka,14.79,74.69,3.80,4.60,-17.00,2025/oct 2025/daily dated cum 16.10.2025.xls
2025-10-17,492,Dakshina Kannada,Coastal Karnataka,12.84,74.86,39.30,7.20,445.00,2025/oct 2025/daily dated cum 17.10.2025.xls
2025-10-17,493,Udupi,Coastal Karnataka,13.34,74.74,34.20,4.70,628.00,2025/oct 2025/daily dated cum 17.10.2025.xls
2025-10-17,494,Uttara Kannada,Coastal Karnataka,14.79,74.69,6.60,2.90,128.00,2025/oct 2025/daily dated cum 17.10.2025.xls
2025-10-18,492,Dakshina Kannada,Coastal Karnataka,12.84,74.86,14.40,5.50,161.00,2025/oct 2025/daily dated cum 18.10.2025.xls
2025-10-18,493,Udupi,Coastal Karnataka,13.34,74.74,0.10,4.20,-97.00,2025/oct 2025/daily dated cum 18.10.2025.xls
2025-10-18,494,Uttara Kannada,Coastal Karnataka,14.79,74.69,0.00,3.30,-100.00,2025/oct 2025/daily dated cum 18.10.2025.xls
2025-10-19,492,Dakshina Kannada,Coastal Karnataka,12.84,74.86,33.30,5.00,566.00,2025/oct 2025/daily dated cum 19.10.2025.xls
2025-10-19,493,Udupi,Coastal Karnataka,13.34,74.74,45.70,3.50,1206.00,2025/oct 2025/daily dated cum 19.10.2025.xls
2025-10-19,494,Uttara Kannada,Coastal Karnataka,14.79,74.69,7.60,3.60,110.00,2025/oct 2025/daily dated cum 19.10.2025.xls
2025-10-20,492,Dakshina Kannada,Coastal Karnataka,12.84,74.86,26.10,8.80,196.00,2025/oct 2025/daily dated cum 20.10.2025.xls
2025-10-20,493,Udupi,Coastal Karnataka,13.34,74.74,10.10,5.10,99.00,2025/oct 2025/daily dated cum 20.10.2025.xls
2025-10-20,494,Uttara Kannada,Coastal Karnataka,14.79,74.69,16.90,4.20,302.00,2025/oct 2025/daily dated cum 20.10.2025.xls
2025-10-21,492,Dakshina Kannada,Coastal Karnataka,12.84,74.86,21.80,6.50,235.00,2025/oct 2025/daily dated cum 21.10.2025.xls
2025-10-21,493,Udupi,Coastal Karnataka,13.34,74.74,9.70,4.20,130.00,2025/oct 2025/daily dated cum 21.10.2025.xls
2025-10-21,494,Uttara Kannada,Coastal Karnataka,14.79,74.69,6.00,3.30,82.00,2025/oct 2025/daily dated cum 21.10.2025.xls
2025-10-22,492,Dakshina Kannada,Coastal Karnataka,12.84,74.86,20.10,7.40,172.00,2025/oct 2025/daily dated cum 22.10.2025.xls
2025-10-22,493,Udupi,Coastal Karnataka,13.34,74.74,17.10,6.60,159.00,2025/oct 2025/daily dated cum 22.10.2025.xls
2025-10-22,494,Uttara Kannada,Coastal Karnataka,14.79,74.69,13.60,3.80,257.00,2025/oct 2025/daily dated cum 22.10.2025.xls
2025-10-23,492,Dakshina Kannada,Coastal Karnataka,12.84,74.86,49.30,9.00,448.00,2025/oct 2025/daily dated cum 23.10.2025.xls
2025-10-23,493,Udupi,Coastal Karnataka,13.34,74.74,47.40,6.50,628.00,2025/oct 2025/daily dated cum 23.10.2025.xls
2025-10-23,494,Uttara Kannada,Coastal Karnataka,14.79,74.69,3.10,4.70,-34.00,2025/oct 2025/daily dated cum 23.10.2025.xls
2025-10-24,492,Dakshina Kannada,Coastal Karnataka,12.84,74.86,12.10,6.60,83.00,2025/oct 2025/daily dated cum 24.10.2025.xls
2025-10-24,493,Udupi,Coastal Karnataka,13.34,74.74,5.80,5.20,12.00,2025/oct 2025/daily dated cum 24.10.2025.xls
2025-10-24,494,Uttara Kannada,Coastal Karnataka,14.79,74.69,7.20,3.40,112.00,2025/oct 2025/daily dated cum 24.10.2025.xls
2025-10-25,492,Dakshina Kannada,Coastal Karnataka,12.84,74.86,8.60,5.50,56.00,2025/oct 2025/daily dated cum 25.10.2025.xls
2025-10-25,493,Udupi,Coastal Karnataka,13.34,74.74,1.90,5.50,-66.00,2025/oct 2025/daily dated cum 25.10.2025.xls
2025-10-25,494,Uttara Kannada,Coastal Karnataka,14.79,74.69,33.10,3.60,820.00,2025/oct 2025/daily dated cum 25.10.2025.xls
2025-10-26,492,Dakshina Kannada,Coastal Karnataka,12.84,74.86,13.90,7.70,81.00,2025/oct 2025/daily dated cum 26.10.2025.xls
2025-10-26,493,Udupi,Coastal Karnataka,13.34,74.74,6.10,6.10,0.00,2025/oct 2025/daily dated cum 26.10.2025.xls
2025-10-26,494,Uttara Kannada,Coastal Karnataka,14.79,74.69,27.30,4.50,508.00,2025/oct 2025/daily dated cum 26.10.2025.xls
2025-10-27,492,Dakshina Kannada,Coastal Karnataka,12.84,74.86,14.80,7.40,100.00,2025/oct 2025/daily dated cum 27.10.2025.xls
2025-10-27,493,Udupi,Coastal Karnataka,13.34,74.74,29.10,5.00,481.00,2025/oct 2025/daily dated cum 27.10.2025.xls
2025-10-27,494,Uttara Kannada,Coastal Karnataka,14.79,74.69,35.20,3.50,907.00,2025/oct 2025/daily dated cum 27.10.2025.xls
2025-10-28,492,Dakshina Kannada,Coastal Karnataka,12.84,74.86,13.20,7.70,72.00,2025/oct 2025/daily dated cum 28.10.2025.xls
2025-10-28,493,Udupi,Coastal Karnataka,13.34,74.74,3.20,4.60,-30.00,2025/oct 2025/daily dated cum 28.10.2025.xls
2025-10-28,494,Uttara Kannada,Coastal Karnataka,14.79,74.69,1.10,3.10,-64.00,2025/oct 2025/daily dated cum 28.10.2025.xls
2025-10-29,492,Dakshina Kannada,Coastal Karnataka,12.84,74.86,5.20,7.00,-25.00,2025/oct 2025/daily dated cum 29.10.2025.xls
2025-10-29,493,Udupi,Coastal Karnataka,13.34,74.74,1.30,5.60,-78.00,2025/oct 2025/daily dated cum 29.10.2025.xls
2025-10-29,494,Uttara Kannada,Coastal Karnataka,14.79,74.69,1.80,2.80,-36.00,2025/oct 2025/daily dated cum 29.10.2025.xls
2025-10-30,492,Dakshina Kannada,Coastal Karnataka,12.84,74.86,0.30,5.30,-95.00,2025/oct 2025/daily dated cum 30.10.2025.xls
2025-10-30,493,Udupi,Coastal Karnataka,13.34,74.74,4.20,3.60,17.00,2025/oct 2025/daily dated cum 30.10.2025.xls
2025-10-30,494,Uttara Kannada,Coastal Karnataka,14.79,74.69,16.50,2.90,467.00,2025/oct 2025/daily dated cum 30.10.2025.xls
2025-10-31,492,Dakshina Kannada,Coastal Karnataka,12.84,74.86,0.10,4.20,-98.00,2025/oct 2025/daily dated cum 31.10.2025.xls
2025-10-31,493,Udupi,Coastal Karnataka,13.34,74.74,5.30,3.50,50.00,2025/oct 2025/daily dated cum 31.10.2025.xls
2025-10-31,494,Uttara Kannada,Coastal Karnataka,14.79,74.69,3.80,1.30,193.00,2025/oct 2025/daily dated cum 31.10.2025.xls
2025-11-01,492,Dakshina Kannada,Coastal Karnataka,12.84,74.86,0.60,6.20,-90.00,2025/NOV 2025/daily dated cum 01.11.2025.xls
2025-11-01,493,Udupi,Coastal Karnataka,13.34,74.74,0.40,2.30,-84.00,2025/NOV 2025/daily dated cum 01.11.2025.xls
2025-11-01,494,Uttara Kannada,Coastal Karnataka,14.79,74.69,4.30,1.10,289.00,2025/NOV 2025/daily dated cum 01.11.2025.xls
2025-11-02,492,Dakshina Kannada,Coastal Karnataka,12.84,74.86,0.00,6.10,-100.00,2025/NOV 2025/daily dated cum 02.11.2025.xls
2025-11-02,493,Udupi,Coastal Karnataka,13.34,74.74,0.00,3.50,-100.00,2025/NOV 2025/daily dated cum 02.11.2025.xls
2025-11-02,494,Uttara Kannada,Coastal Karnataka,14.79,74.69,0.30,2.30,-87.00,2025/NOV 2025/daily dated cum 02.11.2025.xls
2025-11-03,492,Dakshina Kannada,Coastal Karnataka,12.84,74.86,0.00,5.30,-100.00,2025/NOV 2025/daily dated cum 03.11.2025.xls
2025-11-03,493,Udupi,Coastal Karnataka,13.34,74.74,0.00,6.50,-100.00,2025/NOV 2025/daily dated cum 03.11.2025.xls
2025-11-03,494,Uttara Kannada,Coastal Karnataka,14.79,74.69,0.00,2.40,-100.00,2025/NOV 2025/daily dated cum 03.11.2025.xls
2025-11-04,492,Dakshina Kannada,Coastal Karnataka,12.84,74.86,0.90,4.90,-81.00,2025/NOV 2025/daily dated cum 04.11.2025.xls
2025-11-04,493,Udupi,Coastal Karnataka,13.34,74.74,6.30,3.30,90.00,2025/NOV 2025/daily dated cum 04.11.2025.xls
2025-11-04,494,Uttara Kannada,Coastal Karnataka,14.79,74.69,2.80,0.90,206.00,2025/NOV 2025/daily dated cum 04.11.2025.xls
2025-11-05,492,Dakshina Kannada,Coastal Karnataka,12.84,74.86,1.40,4.40,-68.00,2025/NOV 2025/daily dated cum 05.11.2025.xls
2025-11-05,493,Udupi,Coastal Karnataka,13.34,74.74,0.00,2.80,-100.00,2025/NOV 2025/daily dated cum 05.11.2025.xls
2025-11-05,494,Uttara Kannada,Coastal Karnataka,14.79,74.69,0.20,2.40,-90.00,2025/NOV 2025/daily dated cum 05.11.2025.xls
2025-11-06,492,Dakshina Kannada,Coastal Karnataka,12.84,74.86,0.00,7.30,-100.00,2025/NOV 2025/daily dated cum 06.11.2025.xls
2025-11-06,493,Udupi,Coastal Karnataka,13.34,74.74,0.00,3.80,-100.00,2025/NOV 2025/daily dated cum 06.11.2025.xls
2025-11-06,494,Uttara Kannada,Coastal Karnataka,14.79,74.69,0.00,1.60,-100.00,2025/NOV 2025/daily dated cum 06.11.2025.xls
2025-11-07,492,Dakshina Kannada,Coastal Karnataka,12.84,74.86,0.00,6.60,-100.00,2025/NOV 2025/daily dated cum 07.11.2025.xls
2025-11-07,493,Udupi,Coastal Karnataka,13.34,74.74,0.00,5.00,-100.00,2025/NOV 2025/daily dated cum 07.11.2025.xls
2025-11-07,494,Uttara Kannada,Coastal Karnataka,14.79,74.69,0.00,1.40,-100.00,2025/NOV 2025/daily dated cum 07.11.2025.xls
2025-11-08,492,Dakshina Kannada,Coastal Karnataka,12.84,74.86,0.00,5.10,-100.00,2025/NOV 2025/daily dated cum 08.11.2025.xls
2025-11-08,493,Udupi,Coastal Karnataka,13.34,74.74,0.00,3.90,-100.00,2025/NOV 2025/daily dated cum 08.11.2025.xls
2025-11-08,494,Uttara Kannada,Coastal Karnataka,14.79,74.69,2.90,2.00,43.00,2025/NOV 2025/daily dated cum 08.11.2025.xls
2025-11-09,492,Dakshina Kannada,Coastal Karnataka,12.84,74.86,10.00,3.30,204.00,2025/NOV 2025/daily dated cum 09.11.2025.xls
2025-11-09,493,Udupi,Coastal Karnataka,13.34,74.74,0.10,2.60,-98.00,2025/NOV 2025/daily dated cum 09.11.2025.xls
2025-11-09,494,Uttara Kannada,Coastal Karnataka,14.79,74.69,0.00,2.20,-100.00,2025/NOV 2025/daily dated cum 09.11.2025.xls
2025-11-10,492,Dakshina Kannada,Coastal Karnataka,12.84,74.86,0.00,3.50,-100.00,2025/NOV 2025/daily dated cum 10.11.2025.xls
2025-11-10,493,Udupi,Coastal Karnataka,13.34,74.74,0.00,2.40,-100.00,2025/NOV 2025/daily dated cum 10.11.2025.xls
2025-11-10,494,Uttara Kannada,Coastal Karnataka,14.79,74.69,0.00,1.20,-100.00,2025/NOV 2025/daily dated cum 10.11.2025.xls
2025-11-11,492,Dakshina Kannada,Coastal Karnataka,12.84,74.86,0.00,2.90,-100.00,2025/NOV 2025/daily dated cum 11.11.2025.xls
2025-11-11,493,Udupi,Coastal Karnataka,13.34,74.74,0.00,2.20,-100.00,2025/NOV 2025/daily dated cum 11.11.2025.xls
2025-11-11,494,Uttara Kannada,Coastal Karnataka,14.79,74.69,0.00,0.90,-100.00,2025/NOV 2025/daily dated cum 11.11.2025.xls
2025-11-12,492,Dakshina Kannada,Coastal Karnataka,12.84,74.86,0.00,3.80,-100.00,2025/NOV 2025/daily dated cum 12.11.2025.xls
2025-11-12,493,Udupi,Coastal Karnataka,13.34,74.74,0.00,2.30,-100.00,2025/NOV 2025/daily dated cum 12.11.2025.xls
2025-11-12,494,Uttara Kannada,Coastal Karnataka,14.79,74.69,0.00,1.70,-100.00,2025/NOV 2025/daily dated cum 12.11.2025.xls
2025-11-13,492,Dakshina Kannada,Coastal Karnataka,12.84,74.86,0.00,1.80,-100.00,2025/NOV 2025/daily dated cum 13.11.2025.xls
2025-11-13,493,Udupi,Coastal Karnataka,13.34,74.74,0.00,1.50,-100.00,2025/NOV 2025/daily dated cum 13.11.2025.xls
2025-11-13,494,Uttara Kannada,Coastal Karnataka,14.79,74.69,0.00,1.30,-100.00,2025/NOV 2025/daily dated cum 13.11.2025.xls
2025-11-14,492,Dakshina Kannada,Coastal Karnataka,12.84,74.86,5.80,3.50,65.00,2025/NOV 2025/daily dated cum 14.11.2025.xls
2025-11-14,493,Udupi,Coastal Karnataka,13.34,74.74,0.70,2.00,-65.00,2025/NOV 2025/daily dated cum 14.11.2025.xls
2025-11-14,494,Uttara Kannada,Coastal Karnataka,14.79,74.69,0.00,1.00,-100.00,2025/NOV 2025/daily dated cum 14.11.2025.xls
2025-11-15,492,Dakshina Kannada,Coastal Karnataka,12.84,74.86,0.00,2.90,-100.00,2025/NOV 2025/daily dated cum 15.11.2025.xls
2025-11-15,493,Udupi,Coastal Karnataka,13.34,74.74,4.90,2.10,132.00,2025/NOV 2025/daily dated cum 15.11.2025.xls
2025-11-15,494,Uttara Kannada,Coastal Karnataka,14.79,74.69,0.00,1.90,-100.00,2025/NOV 2025/daily dated cum 15.11.2025.xls
2025-11-16,492,Dakshina Kannada,Coastal Karnataka,12.84,74.86,0.00,5.90,-100.00,2025/NOV 2025/daily dated cum 16.11.2025.xls
2025-11-16,493,Udupi,Coastal Karnataka,13.34,74.74,0.00,4.00,-100.00,2025/NOV 2025/daily dated cum 16.11.2025.xls
2025-11-16,494,Uttara Kannada,Coastal Karnataka,14.79,74.69,0.00,2.30,-100.00,2025/NOV 2025/daily dated cum 16.11.2025.xls
2025-11-17,492,Dakshina Kannada,Coastal Karnataka,12.84,74.86,0.00,4.40,-100.00,2025/NOV 2025/daily dated cum 17.11.2025.xls
2025-11-17,493,Udupi,Coastal Karnataka,13.34,74.74,0.00,6.20,-100.00,2025/NOV 2025/daily dated cum 17.11.2025.xls
2025-11-17,494,Uttara Kannada,Coastal Karnataka,14.79,74.69,0.00,3.10,-100.00,2025/NOV 2025/daily dated cum 17.11.2025.xls
2025-11-18,492,Dakshina Kannada,Coastal Karnataka,12.84,74.86,0.00,4.90,-100.00,2025/NOV 2025/daily dated cum 18.11.2025.xls
2025-11-18,493,Udupi,Coastal Karnataka,13.34,74.74,0.00,2.60,-100.00,2025/NOV 2025/daily dated cum 18.11.2025.xls
2025-11-18,494,Uttara Kannada,Coastal Karnataka,14.79,74.69,0.00,2.30,-100.00,2025/NOV 2025/daily dated cum 18.11.2025.xls
2025-11-19,492,Dakshina Kannada,Coastal Karnataka,12.84,74.86,2.20,2.20,2.00,2025/NOV 2025/daily dated cum 19.11.2025.xls
2025-11-19,493,Udupi,Coastal Karnataka,13.34,74.74,0.00,2.10,-100.00,2025/NOV 2025/daily dated cum 19.11.2025.xls
2025-11-19,494,Uttara Kannada,Coastal Karnataka,14.79,74.69,0.00,1.00,-100.00,2025/NOV 2025/daily dated cum 19.11.2025.xls
2025-11-20,492,Dakshina Kannada,Coastal Karnataka,12.84,74.86,0.00,2.20,-100.00,2025/NOV 2025/daily dated cum 20.11.2025.xls
2025-11-20,493,Udupi,Coastal Karnataka,13.34,74.74,0.00,1.40,-100.00,2025/NOV 2025/daily dated cum 20.11.2025.xls
2025-11-20,494,Uttara Kannada,Coastal Karnataka,14.79,74.69,0.00,0.70,-100.00,2025/NOV 2025/daily dated cum 20.11.2025.xls
2025-11-21,492,Dakshina Kannada,Coastal Karnataka,12.84,74.86,0.00,2.50,-100.00,2025/NOV 2025/daily dated cum 21.11.2025.xls
2025-11-21,493,Udupi,Coastal Karnataka,13.34,74.74,0.00,3.20,-100.00,2025/NOV 2025/daily dated cum 21.11.2025.xls
2025-11-21,494,Uttara Kannada,Coastal Karnataka,14.79,74.69,0.00,0.80,-100.00,2025/NOV 2025/daily dated cum 21.11.2025.xls
2025-11-22,492,Dakshina Kannada,Coastal Karnataka,12.84,74.86,0.00,1.70,-100.00,2025/NOV 2025/daily dated cum 22.11.2025.xls
2025-11-22,493,Udupi,Coastal Karnataka,13.34,74.74,0.00,1.50,-100.00,2025/NOV 2025/daily dated cum 22.11.2025.xls
2025-11-22,494,Uttara Kannada,Coastal Karnataka,14.79,74.69,0.00,0.60,-100.00,2025/NOV 2025/daily dated cum 22.11.2025.xls
2025-11-23,492,Dakshina Kannada,Coastal Karnataka,12.84,74.86,15.60,2.10,642.00,2025/NOV 2025/daily dated cum 23.11.2025.xls
2025-11-23,493,Udupi,Coastal Karnataka,13.34,74.74,9.40,1.10,755.00,2025/NOV 2025/daily dated cum 23.11.2025.xls
2025-11-23,494,Uttara Kannada,Coastal Karnataka,14.79,74.69,0.00,0.70,-100.00,2025/NOV 2025/daily dated cum 23.11.2025.xls
2025-11-24,492,Dakshina Kannada,Coastal Karnataka,12.84,74.86,7.70,2.40,221.00,2025/NOV 2025/daily dated cum 24.11.2025.xls
2025-11-24,493,Udupi,Coastal Karnataka,13.34,74.74,0.00,1.10,-100.00,2025/NOV 2025/daily dated cum 24.11.2025.xls
2025-11-24,494,Uttara Kannada,Coastal Karnataka,14.79,74.69,0.00,0.30,-100.00,2025/NOV 2025/daily dated cum 24.11.2025.xls
2025-11-25,492,Dakshina Kannada,Coastal Karnataka,12.84,74.86,7.20,2.70,165.00,2025/NOV 2025/daily dated cum 25.11.2025.xls
2025-11-25,493,Udupi,Coastal Karnataka,13.34,74.74,0.60,2.30,-76.00,2025/NOV 2025/daily dated cum 25.11.2025.xls
2025-11-25,494,Uttara Kannada,Coastal Karnataka,14.79,74.69,0.00,0.40,-100.00,2025/NOV 2025/daily dated cum 25.11.2025.xls
2025-11-26,492,Dakshina Kannada,Coastal Karnataka,12.84,74.86,0.00,0.80,-100.00,2025/NOV 2025/daily dated cum 26.11.2025.xls
2025-11-26,493,Udupi,Coastal Karnataka,13.34,74.74,0.00,0.60,-100.00,2025/NOV 2025/daily dated cum 26.11.2025.xls
2025-11-26,494,Uttara Kannada,Coastal Karnataka,14.79,74.69,0.00,0.60,-100.00,2025/NOV 2025/daily dated cum 26.11.2025.xls
2025-11-27,492,Dakshina Kannada,Coastal Karnataka,12.84,74.86,0.00,0.50,-100.00,2025/NOV 2025/daily dated cum 27.11.2025.xls
2025-11-27,493,Udupi,Coastal Karnataka,13.34,74.74,0.00,0.50,-100.00,2025/NOV 2025/daily dated cum 27.11.2025.xls
2025-11-27,494,Uttara Kannada,Coastal Karnataka,14.79,74.69,0.00,0.30,-100.00,2025/NOV 2025/daily dated cum 27.11.2025.xls
2025-11-28,492,Dakshina Kannada,Coastal Karnataka,12.84,74.86,0.00,0.40,-100.00,2025/NOV 2025/daily dated cum 28.11.2025.xls
2025-11-28,493,Udupi,Coastal Karnataka,13.34,74.74,0.00,0.20,-100.00,2025/NOV 2025/daily dated cum 28.11.2025.xls
2025-11-28,494,Uttara Kannada,Coastal Karnataka,14.79,74.69,0.00,0.40,-100.00,2025/NOV 2025/daily dated cum 28.11.2025.xls
2025-11-29,492,Dakshina Kannada,Coastal Karnataka,12.84,74.86,0.00,0.80,-100.00,2025/NOV 2025/daily dated cum 29.11.2025.xls
2025-11-29,493,Udupi,Coastal Karnataka,13.34,74.74,0.00,0.50,-100.00,2025/NOV 2025/daily dated cum 29.11.2025.xls
2025-11-29,494,Uttara Kannada,Coastal Karnataka,14.79,74.69,0.00,0.70,-100.00,2025/NOV 2025/daily dated cum 29.11.2025.xls
2025-11-30,492,Dakshina Kannada,Coastal Karnataka,12.84,74.86,0.00,0.30,-100.00,2025/NOV 2025/daily dated cum 30.11.2025.xls
2025-11-30,493,Udupi,Coastal Karnataka,13.34,74.74,0.00,0.00,-100.00,2025/NOV 2025/daily dated cum 30.11.2025.xls
2025-11-30,494,Uttara Kannada,Coastal Karnataka,14.79,74.69,0.00,0.40,-100.00,2025/NOV 2025/daily dated cum 30.11.2025.xls
2025-12-01,492,Dakshina Kannada,Coastal Karnataka,12.84,74.86,0.00,0.90,-100.00,2025/DEC 2025/daily dated cum 01.12.2025.xls
2025-12-01,493,Udupi,Coastal Karnataka,13.34,74.74,0.00,0.30,-100.00,2025/DEC 2025/daily dated cum 01.12.2025.xls
2025-12-01,494,Uttara Kannada,Coastal Karnataka,14.79,74.69,0.00,0.00,-100.00,2025/DEC 2025/daily dated cum 01.12.2025.xls
2025-12-02,492,Dakshina Kannada,Coastal Karnataka,12.84,74.86,0.80,0.70,17.00,2025/DEC 2025/daily dated cum 02.12.2025.xls
2025-12-02,493,Udupi,Coastal Karnataka,13.34,74.74,0.00,0.30,-100.00,2025/DEC 2025/daily dated cum 02.12.2025.xls
2025-12-02,494,Uttara Kannada,Coastal Karnataka,14.79,74.69,0.00,0.00,-100.00,2025/DEC 2025/daily dated cum 02.12.2025.xls
2025-12-03,492,Dakshina Kannada,Coastal Karnataka,12.84,74.86,0.00,0.40,-100.00,2025/DEC 2025/daily dated cum 03.12.2025.xls
2025-12-03,493,Udupi,Coastal Karnataka,13.34,74.74,0.00,0.30,-100.00,2025/DEC 2025/daily dated cum 03.12.2025.xls
2025-12-03,494,Uttara Kannada,Coastal Karnataka,14.79,74.69,0.00,0.10,-100.00,2025/DEC 2025/daily dated cum 03.12.2025.xls
2025-12-04,492,Dakshina Kannada,Coastal Karnataka,12.84,74.86,19.10,0.60,3078.00,2025/DEC 2025/daily dated cum 04.12.2025.xls
2025-12-04,493,Udupi,Coastal Karnataka,13.34,74.74,9.20,0.20,4500.00,2025/DEC 2025/daily dated cum 04.12.2025.xls
2025-12-04,494,Uttara Kannada,Coastal Karnataka,14.79,74.69,0.00,0.00,-100.00,2025/DEC 2025/daily dated cum 04.12.2025.xls
2025-12-05,492,Dakshina Kannada,Coastal Karnataka,12.84,74.86,3.70,0.60,522.00,2025/DEC 2025/daily dated cum 05.12.2025.xls
2025-12-05,493,Udupi,Coastal Karnataka,13.34,74.74,3.40,0.20,1600.00,2025/DEC 2025/daily dated cum 05.12.2025.xls
2025-12-05,494,Uttara Kannada,Coastal Karnataka,14.79,74.69,0.00,0.00,-100.00,2025/DEC 2025/daily dated cum 05.12.2025.xls
2025-12-06,492,Dakshina Kannada,Coastal Karnataka,12.84,74.86,0.00,0.60,-94.00,2025/DEC 2025/daily dated cum 06.12.2025.xls
2025-12-06,493,Udupi,Coastal Karnataka,13.34,74.74,0.00,0.50,-100.00,2025/DEC 2025/daily dated cum 06.12.2025.xls
2025-12-06,494,Uttara Kannada,Coastal Karnataka,14.79,74.69,0.00,0.30,-100.00,2025/DEC 2025/daily dated cum 06.12.2025.xls
2025-12-07,492,Dakshina Kannada,Coastal Karnataka,12.84,74.86,0.00,0.50,-100.00,2025/DEC 2025/daily dated cum 07.12.2025.xls
2025-12-07,493,Udupi,Coastal Karnataka,13.34,74.74,0.00,1.30,-100.00,2025/DEC 2025/daily dated cum 07.12.2025.xls
2025-12-07,494,Uttara Kannada,Coastal Karnataka,14.79,74.69,0.00,1.10,-100.00,2025/DEC 2025/daily dated cum 07.12.2025.xls
2025-12-08,492,Dakshina Kannada,Coastal Karnataka,12.84,74.86,0.00,0.30,-100.00,2025/DEC 2025/daily dated cum 08.12.2025.xls
2025-12-08,493,Udupi,Coastal Karnataka,13.34,74.74,0.00,0.70,-100.00,2025/DEC 2025/daily dated cum 08.12.2025.xls
2025-12-08,494,Uttara Kannada,Coastal Karnataka,14.79,74.69,0.00,0.20,-100.00,2025/DEC 2025/daily dated cum 08.12.2025.xls
2025-12-09,492,Dakshina Kannada,Coastal Karnataka,12.84,74.86,0.00,1.60,-100.00,2025/DEC 2025/daily dated cum 09.12.2025.xls
2025-12-09,493,Udupi,Coastal Karnataka,13.34,74.74,0.00,2.60,-100.00,2025/DEC 2025/daily dated cum 09.12.2025.xls
2025-12-09,494,Uttara Kannada,Coastal Karnataka,14.79,74.69,0.00,0.90,-100.00,2025/DEC 2025/daily dated cum 09.12.2025.xls
2025-12-10,492,Dakshina Kannada,Coastal Karnataka,12.84,74.86,0.00,0.40,-100.00,2025/DEC 2025/daily dated cum 10.12.2025.xls
2025-12-10,493,Udupi,Coastal Karnataka,13.34,74.74,0.00,0.30,-100.00,2025/DEC 2025/daily dated cum 10.12.2025.xls
2025-12-10,494,Uttara Kannada,Coastal Karnataka,14.79,74.69,0.00,0.00,-100.00,2025/DEC 2025/daily dated cum 10.12.2025.xls
2025-12-11,492,Dakshina Kannada,Coastal Karnataka,12.84,74.86,0.00,1.00,-100.00,2025/DEC 2025/daily dated cum 11.12.2025.xls
2025-12-11,493,Udupi,Coastal Karnataka,13.34,74.74,0.00,0.70,-100.00,2025/DEC 2025/daily dated cum 11.12.2025.xls
2025-12-11,494,Uttara Kannada,Coastal Karnataka,14.79,74.69,0.00,0.20,-100.00,2025/DEC 2025/daily dated cum 11.12.2025.xls
2025-12-12,492,Dakshina Kannada,Coastal Karnataka,12.84,74.86,0.00,0.20,-100.00,2025/DEC 2025/daily dated cum 12.12.2025.xls
2025-12-12,493,Udupi,Coastal Karnataka,13.34,74.74,0.00,0.10,-100.00,2025/DEC 2025/daily dated cum 12.12.2025.xls
2025-12-12,494,Uttara Kannada,Coastal Karnataka,14.79,74.69,0.00,0.10,-100.00,2025/DEC 2025/daily dated cum 12.12.2025.xls
2025-12-13,492,Dakshina Kannada,Coastal Karnataka,12.84,74.86,0.00,0.30,-100.00,2025/DEC 2025/daily dated cum 13.12.2025.xls
2025-12-13,493,Udupi,Coastal Karnataka,13.34,74.74,0.00,0.20,-100.00,2025/DEC 2025/daily dated cum 13.12.2025.xls
2025-12-13,494,Uttara Kannada,Coastal Karnataka,14.79,74.69,0.00,0.60,-100.00,2025/DEC 2025/daily dated cum 13.12.2025.xls
2025-12-14,492,Dakshina Kannada,Coastal Karnataka,12.84,74.86,0.00,1.10,-100.00,2025/DEC 2025/daily dated cum 14.12.2025.xls
2025-12-14,493,Udupi,Coastal Karnataka,13.34,74.74,0.00,0.60,-100.00,2025/DEC 2025/daily dated cum 14.12.2025.xls
2025-12-14,494,Uttara Kannada,Coastal Karnataka,14.79,74.69,0.00,0.20,-100.00,2025/DEC 2025/daily dated cum 14.12.2025.xls
2025-12-15,492,Dakshina Kannada,Coastal Karnataka,12.84,74.86,0.00,0.30,-100.00,2025/DEC 2025/daily dated cum 15.12.2025.xls
2025-12-15,493,Udupi,Coastal Karnataka,13.34,74.74,0.00,0.30,-100.00,2025/DEC 2025/daily dated cum 15.12.2025.xls
2025-12-15,494,Uttara Kannada,Coastal Karnataka,14.79,74.69,0.00,0.20,-100.00,2025/DEC 2025/daily dated cum 15.12.2025.xls
2025-12-16,492,Dakshina Kannada,Coastal Karnataka,12.84,74.86,0.00,0.90,-100.00,2025/DEC 2025/daily dated cum 16.12.2025.xls
2025-12-16,493,Udupi,Coastal Karnataka,13.34,74.74,0.00,0.20,-100.00,2025/DEC 2025/daily dated cum 16.12.2025.xls
2025-12-16,494,Uttara Kannada,Coastal Karnataka,14.79,74.69,0.00,0.20,-100.00,2025/DEC 2025/daily dated cum 16.12.2025.xls
2025-12-17,492,Dakshina Kannada,Coastal Karnataka,12.84,74.86,0.00,0.70,-100.00,2025/DEC 2025/daily dated cum 17.12.2025.xls
2025-12-17,493,Udupi,Coastal Karnataka,13.34,74.74,0.00,1.10,-100.00,2025/DEC 2025/daily dated cum 17.12.2025.xls
2025-12-17,494,Uttara Kannada,Coastal Karnataka,14.79,74.69,0.00,0.50,-100.00,2025/DEC 2025/daily dated cum 17.12.2025.xls
2025-12-18,492,Dakshina Kannada,Coastal Karnataka,12.84,74.86,0.00,0.20,-100.00,2025/DEC 2025/daily dated cum 18.12.2025.xls
2025-12-18,493,Udupi,Coastal Karnataka,13.34,74.74,0.00,0.60,-100.00,2025/DEC 2025/daily dated cum 18.12.2025.xls
2025-12-18,494,Uttara Kannada,Coastal Karnataka,14.79,74.69,0.00,0.30,-100.00,2025/DEC 2025/daily dated cum 18.12.2025.xls
2025-12-19,492,Dakshina Kannada,Coastal Karnataka,12.84,74.86,0.00,0.10,-100.00,2025/DEC 2025/daily dated cum 19.12.2025.xls
2025-12-19,493,Udupi,Coastal Karnataka,13.34,74.74,0.00,0.10,-100.00,2025/DEC 2025/daily dated cum 19.12.2025.xls
2025-12-19,494,Uttara Kannada,Coastal Karnataka,14.79,74.69,0.00,0.00,-100.00,2025/DEC 2025/daily dated cum 19.12.2025.xls
2025-12-20,492,Dakshina Kannada,Coastal Karnataka,12.84,74.86,0.00,0.00,-100.00,2025/DEC 2025/daily dated cum 20.12.2025.xls
2025-12-20,493,Udupi,Coastal Karnataka,13.34,74.74,0.00,0.00,-100.00,2025/DEC 2025/daily dated cum 20.12.2025.xls
2025-12-20,494,Uttara Kannada,Coastal Karnataka,14.79,74.69,0.00,0.00,-100.00,2025/DEC 2025/daily dated cum 20.12.2025.xls
2025-12-21,492,Dakshina Kannada,Coastal Karnataka,12.84,74.86,0.00,0.00,-100.00,2025/DEC 2025/daily dated cum 21.12.2025.xls
2025-12-21,493,Udupi,Coastal Karnataka,13.34,74.74,0.00,0.00,-100.00,2025/DEC 2025/daily dated cum 21.12.2025.xls
2025-12-21,494,Uttara Kannada,Coastal Karnataka,14.79,74.69,0.00,0.00,-100.00,2025/DEC 2025/daily dated cum 21.12.2025.xls
2025-12-22,492,Dakshina Kannada,Coastal Karnataka,12.84,74.86,0.00,0.00,-100.00,2025/DEC 2025/daily dated cum 22.12.2025.xls
2025-12-22,493,Udupi,Coastal Karnataka,13.34,74.74,0.00,0.00,-100.00,2025/DEC 2025/daily dated cum 22.12.2025.xls
2025-12-22,494,Uttara Kannada,Coastal Karnataka,14.79,74.69,0.00,0.00,-100.00,2025/DEC 2025/daily dated cum 22.12.2025.xls
2025-12-23,492,Dakshina Kannada,Coastal Karnataka,12.84,74.86,0.00,0.10,-100.00,2025/DEC 2025/daily dated cum 23.12.2025.xls
2025-12-23,493,Udupi,Coastal Karnataka,13.34,74.74,0.00,0.10,-100.00,2025/DEC 2025/daily dated cum 23.12.2025.xls
2025-12-23,494,Uttara Kannada,Coastal Karnataka,14.79,74.69,0.00,0.10,-100.00,2025/DEC 2025/daily dated cum 23.12.2025.xls
2025-12-24,492,Dakshina Kannada,Coastal Karnataka,12.84,74.86,0.00,0.20,-100.00,2025/DEC 2025/daily dated cum 24.12.2025.xls
2025-12-24,493,Udupi,Coastal Karnataka,13.34,74.74,0.00,0.10,-100.00,2025/DEC 2025/daily dated cum 24.12.2025.xls
2025-12-24,494,Uttara Kannada,Coastal Karnataka,14.79,74.69,0.00,0.00,-100.00,2025/DEC 2025/daily dated cum 24.12.2025.xls
2025-12-25,492,Dakshina Kannada,Coastal Karnataka,12.84,74.86,0.00,0.20,-100.00,2025/DEC 2025/daily dated cum 25.12.2025.xls
2025-12-25,493,Udupi,Coastal Karnataka,13.34,74.74,0.00,0.20,-100.00,2025/DEC 2025/daily dated cum 25.12.2025.xls
2025-12-25,494,Uttara Kannada,Coastal Karnataka,14.79,74.69,0.00,0.10,-100.00,2025/DEC 2025/daily dated cum 25.12.2025.xls
2025-12-26,492,Dakshina Kannada,Coastal Karnataka,12.84,74.86,0.00,0.10,-100.00,2025/DEC 2025/daily dated cum 26.12.2025.xls
2025-12-26,493,Udupi,Coastal Karnataka,13.34,74.74,0.00,0.10,-100.00,2025/DEC 2025/daily dated cum 26.12.2025.xls
2025-12-26,494,Uttara Kannada,Coastal Karnataka,14.79,74.69,0.00,0.20,-100.00,2025/DEC 2025/daily dated cum 26.12.2025.xls
2025-12-27,492,Dakshina Kannada,Coastal Karnataka,12.84,74.86,0.00,0.50,-100.00,2025/DEC 2025/daily dated cum 27.12.2025.xls
2025-12-27,493,Udupi,Coastal Karnataka,13.34,74.74,0.00,1.00,-100.00,2025/DEC 2025/daily dated cum 27.12.2025.xls
2025-12-27,494,Uttara Kannada,Coastal Karnataka,14.79,74.69,0.00,0.30,-100.00,2025/DEC 2025/daily dated cum 27.12.2025.xls
2025-12-28,492,Dakshina Kannada,Coastal Karnataka,12.84,74.86,0.00,0.60,-100.00,2025/DEC 2025/daily dated cum 28.12.2025.xls
2025-12-28,493,Udupi,Coastal Karnataka,13.34,74.74,0.00,0.10,-100.00,2025/DEC 2025/daily dated cum 28.12.2025.xls
2025-12-28,494,Uttara Kannada,Coastal Karnataka,14.79,74.69,0.00,0.10,-100.00,2025/DEC 2025/daily dated cum 28.12.2025.xls
2025-12-29,492,Dakshina Kannada,Coastal Karnataka,12.84,74.86,0.00,0.80,-100.00,2025/DEC 2025/daily dated cum 29.12.2025.xls
2025-12-29,493,Udupi,Coastal Karnataka,13.34,74.74,0.00,0.10,-100.00,2025/DEC 2025/daily dated cum 29.12.2025.xls
2025-12-29,494,Uttara Kannada,Coastal Karnataka,14.79,74.69,0.00,0.10,-100.00,2025/DEC 2025/daily dated cum 29.12.2025.xls
2025-12-30,492,Dakshina Kannada,Coastal Karnataka,12.84,74.86,0.00,0.30,-100.00,2025/DEC 2025/daily dated cum 30.12.2025.xls
2025-12-30,493,Udupi,Coastal Karnataka,13.34,74.74,0.00,0.00,-100.00,2025/DEC 2025/daily dated cum 30.12.2025.xls
2025-12-30,494,Uttara Kannada,Coastal Karnataka,14.79,74.69,0.00,0.10,-100.00,2025/DEC 2025/daily dated cum 30.12.2025.xls
2025-12-31,492,Dakshina Kannada,Coastal Karnataka,12.84,74.86,0.00,0.10,-100.00,2025/DEC 2025/daily dated cum 31.12.2025.xls
2025-12-31,493,Udupi,Coastal Karnataka,13.34,74.74,0.00,0.10,-100.00,2025/DEC 2025/daily dated cum 31.12.2025.xls
2025-12-31,494,Uttara Kannada,Coastal Karnataka,14.79,74.69,0.00,0.10,-100.00,2025/DEC 2025/daily dated cum 31.12.2025.xls
2026-01-01,492,Dakshina Kannada,Coastal Karnataka,12.84,74.86,0.00,0.50,-100.00,2026/DAILY CUM STATISTICS_JAN 2026/daily dated cum 01.01.2026.xls
2026-01-01,493,Udupi,Coastal Karnataka,13.34,74.74,0.00,0.10,-100.00,2026/DAILY CUM STATISTICS_JAN 2026/daily dated cum 01.01.2026.xls
2026-01-01,494,Uttara Kannada,Coastal Karnataka,14.79,74.69,0.00,0.20,-100.00,2026/DAILY CUM STATISTICS_JAN 2026/daily dated cum 01.01.2026.xls
2026-01-02,492,Dakshina Kannada,Coastal Karnataka,12.84,74.86,0.00,0.10,-100.00,2026/DAILY CUM STATISTICS_JAN 2026/daily dated cum 02.01.2026.xls
2026-01-02,493,Udupi,Coastal Karnataka,13.34,74.74,0.00,0.00,-100.00,2026/DAILY CUM STATISTICS_JAN 2026/daily dated cum 02.01.2026.xls
2026-01-02,494,Uttara Kannada,Coastal Karnataka,14.79,74.69,0.00,0.10,-100.00,2026/DAILY CUM STATISTICS_JAN 2026/daily dated cum 02.01.2026.xls
2026-01-03,492,Dakshina Kannada,Coastal Karnataka,12.84,74.86,0.00,0.10,-100.00,2026/DAILY CUM STATISTICS_JAN 2026/daily dated cum 03.01.2026.xls
2026-01-03,493,Udupi,Coastal Karnataka,13.34,74.74,0.00,0.10,-100.00,2026/DAILY CUM STATISTICS_JAN 2026/daily dated cum 03.01.2026.xls
2026-01-03,494,Uttara Kannada,Coastal Karnataka,14.79,74.69,0.00,0.00,-100.00,2026/DAILY CUM STATISTICS_JAN 2026/daily dated cum 03.01.2026.xls
2026-01-04,492,Dakshina Kannada,Coastal Karnataka,12.84,74.86,0.00,0.10,-100.00,2026/DAILY CUM STATISTICS_JAN 2026/daily dated cum 04.01.2026.xls
2026-01-04,493,Udupi,Coastal Karnataka,13.34,74.74,0.00,0.00,-100.00,2026/DAILY CUM STATISTICS_JAN 2026/daily dated cum 04.01.2026.xls
2026-01-04,494,Uttara Kannada,Coastal Karnataka,14.79,74.69,0.00,0.00,-100.00,2026/DAILY CUM STATISTICS_JAN 2026/daily dated cum 04.01.2026.xls
2026-01-05,492,Dakshina Kannada,Coastal Karnataka,12.84,74.86,0.00,0.10,-100.00,2026/DAILY CUM STATISTICS_JAN 2026/daily dated cum 05.01.2026.xls
2026-01-05,493,Udupi,Coastal Karnataka,13.34,74.74,0.00,0.00,-100.00,2026/DAILY CUM STATISTICS_JAN 2026/daily dated cum 05.01.2026.xls
2026-01-05,494,Uttara Kannada,Coastal Karnataka,14.79,74.69,0.00,0.00,-100.00,2026/DAILY CUM STATISTICS_JAN 2026/daily dated cum 05.01.2026.xls
2026-01-06,492,Dakshina Kannada,Coastal Karnataka,12.84,74.86,0.00,0.00,-100.00,2026/DAILY CUM STATISTICS_JAN 2026/daily dated cum 06.01.2026.xls
2026-01-06,493,Udupi,Coastal Karnataka,13.34,74.74,0.00,0.00,-100.00,2026/DAILY CUM STATISTICS_JAN 2026/daily dated cum 06.01.2026.xls
2026-01-06,494,Uttara Kannada,Coastal Karnataka,14.79,74.69,0.00,0.00,-100.00,2026/DAILY CUM STATISTICS_JAN 2026/daily dated cum 06.01.2026.xls
2026-01-07,492,Dakshina Kannada,Coastal Karnataka,12.84,74.86,0.00,0.00,-100.00,2026/DAILY CUM STATISTICS_JAN 2026/daily dated cum 07.01.2026.xls
2026-01-07,493,Udupi,Coastal Karnataka,13.34,74.74,0.00,0.00,-100.00,2026/DAILY CUM STATISTICS_JAN 2026/daily dated cum 07.01.2026.xls
2026-01-07,494,Uttara Kannada,Coastal Karnataka,14.79,74.69,0.00,0.00,-100.00,2026/DAILY CUM STATISTICS_JAN 2026/daily dated cum 07.01.2026.xls
2026-01-08,492,Dakshina Kannada,Coastal Karnataka,12.84,74.86,0.00,0.00,-100.00,2026/DAILY CUM STATISTICS_JAN 2026/daily dated cum 08.01.2026.xls
2026-01-08,493,Udupi,Coastal Karnataka,13.34,74.74,0.00,0.00,-100.00,2026/DAILY CUM STATISTICS_JAN 2026/daily dated cum 08.01.2026.xls
2026-01-08,494,Uttara Kannada,Coastal Karnataka,14.79,74.69,0.00,0.10,-100.00,2026/DAILY CUM STATISTICS_JAN 2026/daily dated cum 08.01.2026.xls
2026-01-09,492,Dakshina Kannada,Coastal Karnataka,12.84,74.86,0.00,0.10,-100.00,2026/DAILY CUM STATISTICS_JAN 2026/daily dated cum 09.01.2026.xls
2026-01-09,493,Udupi,Coastal Karnataka,13.34,74.74,0.00,0.10,-100.00,2026/DAILY CUM STATISTICS_JAN 2026/daily dated cum 09.01.2026.xls
2026-01-09,494,Uttara Kannada,Coastal Karnataka,14.79,74.69,0.00,0.00,-100.00,2026/DAILY CUM STATISTICS_JAN 2026/daily dated cum 09.01.2026.xls
2026-01-10,492,Dakshina Kannada,Coastal Karnataka,12.84,74.86,0.00,0.10,-100.00,2026/DAILY CUM STATISTICS_JAN 2026/daily dated cum 10.01.2026.xls
2026-01-10,493,Udupi,Coastal Karnataka,13.34,74.74,0.00,0.00,-100.00,2026/DAILY CUM STATISTICS_JAN 2026/daily dated cum 10.01.2026.xls
2026-01-10,494,Uttara Kannada,Coastal Karnataka,14.79,74.69,0.00,0.10,-100.00,2026/DAILY CUM STATISTICS_JAN 2026/daily dated cum 10.01.2026.xls
2026-01-11,492,Dakshina Kannada,Coastal Karnataka,12.84,74.86,0.00,0.20,-95.00,2026/DAILY CUM STATISTICS_JAN 2026/daily dated cum 11.01.2026.xls
2026-01-11,493,Udupi,Coastal Karnataka,13.34,74.74,0.00,0.10,-100.00,2026/DAILY CUM STATISTICS_JAN 2026/daily dated cum 11.01.2026.xls
2026-01-11,494,Uttara Kannada,Coastal Karnataka,14.79,74.69,0.00,0.10,-100.00,2026/DAILY CUM STATISTICS_JAN 2026/daily dated cum 11.01.2026.xls
2026-01-12,492,Dakshina Kannada,Coastal Karnataka,12.84,74.86,0.00,0.30,-100.00,2026/DAILY CUM STATISTICS_JAN 2026/daily dated cum 12.01.2026.xls
2026-01-12,493,Udupi,Coastal Karnataka,13.34,74.74,0.00,0.10,-100.00,2026/DAILY CUM STATISTICS_JAN 2026/daily dated cum 12.01.2026.xls
2026-01-12,494,Uttara Kannada,Coastal Karnataka,14.79,74.69,0.00,0.00,-100.00,2026/DAILY CUM STATISTICS_JAN 2026/daily dated cum 12.01.2026.xls
2026-01-13,492,Dakshina Kannada,Coastal Karnataka,12.84,74.86,0.00,0.60,-100.00,2026/DAILY CUM STATISTICS_JAN 2026/daily dated cum 13.01.2026.xls
2026-01-13,493,Udupi,Coastal Karnataka,13.34,74.74,0.00,0.10,-100.00,2026/DAILY CUM STATISTICS_JAN 2026/daily dated cum 13.01.2026.xls
2026-01-13,494,Uttara Kannada,Coastal Karnataka,14.79,74.69,0.00,0.10,-100.00,2026/DAILY CUM STATISTICS_JAN 2026/daily dated cum 13.01.2026.xls
2026-01-14,492,Dakshina Kannada,Coastal Karnataka,12.84,74.86,1.80,0.20,783.00,2026/DAILY CUM STATISTICS_JAN 2026/daily dated cum 14.01.2026.xls
2026-01-14,493,Udupi,Coastal Karnataka,13.34,74.74,2.60,0.10,2467.00,2026/DAILY CUM STATISTICS_JAN 2026/daily dated cum 14.01.2026.xls
2026-01-14,494,Uttara Kannada,Coastal Karnataka,14.79,74.69,0.00,0.10,-100.00,2026/DAILY CUM STATISTICS_JAN 2026/daily dated cum 14.01.2026.xls
2026-01-15,492,Dakshina Kannada,Coastal Karnataka,12.84,74.86,0.80,0.30,179.00,2026/DAILY CUM STATISTICS_JAN 2026/daily dated cum 15.01.2026.xls
2026-01-15,493,Udupi,Coastal Karnataka,13.34,74.74,0.00,0.50,-100.00,2026/DAILY CUM STATISTICS_JAN 2026/daily dated cum 15.01.2026.xls
2026-01-15,494,Uttara Kannada,Coastal Karnataka,14.79,74.69,0.00,0.10,-100.00,2026/DAILY CUM STATISTICS_JAN 2026/daily dated cum 15.01.2026.xls
2026-01-16,492,Dakshina Kannada,Coastal Karnataka,12.84,74.86,0.00,0.00,-100.00,2026/DAILY CUM STATISTICS_JAN 2026/daily dated cum 16.01.2026.xls
2026-01-16,493,Udupi,Coastal Karnataka,13.34,74.74,0.00,0.00,-100.00,2026/DAILY CUM STATISTICS_JAN 2026/daily dated cum 16.01.2026.xls
2026-01-16,494,Uttara Kannada,Coastal Karnataka,14.79,74.69,0.00,0.00,-100.00,2026/DAILY CUM STATISTICS_JAN 2026/daily dated cum 16.01.2026.xls
2026-01-17,492,Dakshina Kannada,Coastal Karnataka,12.84,74.86,0.00,0.00,-100.00,2026/DAILY CUM STATISTICS_JAN 2026/daily dated cum 17.01.2026.xls
2026-01-17,493,Udupi,Coastal Karnataka,13.34,74.74,0.00,0.00,-100.00,2026/DAILY CUM STATISTICS_JAN 2026/daily dated cum 17.01.2026.xls
2026-01-17,494,Uttara Kannada,Coastal Karnataka,14.79,74.69,0.00,0.00,-100.00,2026/DAILY CUM STATISTICS_JAN 2026/daily dated cum 17.01.2026.xls
2026-01-18,492,Dakshina Kannada,Coastal Karnataka,12.84,74.86,0.00,0.00,-100.00,2026/DAILY CUM STATISTICS_JAN 2026/daily dated cum 18.01.2026.xls
2026-01-18,493,Udupi,Coastal Karnataka,13.34,74.74,0.00,0.00,-100.00,2026/DAILY CUM STATISTICS_JAN 2026/daily dated cum 18.01.2026.xls
2026-01-18,494,Uttara Kannada,Coastal Karnataka,14.79,74.69,0.00,0.00,-100.00,2026/DAILY CUM STATISTICS_JAN 2026/daily dated cum 18.01.2026.xls
2026-01-19,492,Dakshina Kannada,Coastal Karnataka,12.84,74.86,0.00,0.00,-100.00,2026/DAILY CUM STATISTICS_JAN 2026/daily dated cum 19.01.2026.xls
2026-01-19,493,Udupi,Coastal Karnataka,13.34,74.74,0.00,0.10,-100.00,2026/DAILY CUM STATISTICS_JAN 2026/daily dated cum 19.01.2026.xls
2026-01-19,494,Uttara Kannada,Coastal Karnataka,14.79,74.69,0.00,0.00,-100.00,2026/DAILY CUM STATISTICS_JAN 2026/daily dated cum 19.01.2026.xls
2026-01-20,492,Dakshina Kannada,Coastal Karnataka,12.84,74.86,0.00,0.10,-100.00,2026/DAILY CUM STATISTICS_JAN 2026/daily dated 20.01.2026.xls
2026-01-20,493,Udupi,Coastal Karnataka,13.34,74.74,0.00,0.00,-100.00,2026/DAILY CUM STATISTICS_JAN 2026/daily dated 20.01.2026.xls
2026-01-20,494,Uttara Kannada,Coastal Karnataka,14.79,74.69,0.00,0.00,-100.00,2026/DAILY CUM STATISTICS_JAN 2026/daily dated 20.01.2026.xls
2026-01-21,492,Dakshina Kannada,Coastal Karnataka,12.84,74.86,0.00,0.20,-100.00,2026/DAILY CUM STATISTICS_JAN 2026/daily dated cum 21.01.2026.xls
2026-01-21,493,Udupi,Coastal Karnataka,13.34,74.74,0.00,0.00,-100.00,2026/DAILY CUM STATISTICS_JAN 2026/daily dated cum 21.01.2026.xls
2026-01-21,494,Uttara Kannada,Coastal Karnataka,14.79,74.69,0.00,0.00,-100.00,2026/DAILY CUM STATISTICS_JAN 2026/daily dated cum 21.01.2026.xls
2026-01-22,492,Dakshina Kannada,Coastal Karnataka,12.84,74.86,0.00,0.00,-100.00,2026/DAILY CUM STATISTICS_JAN 2026/daily dated cum 22.01.2026.xls
2026-01-22,493,Udupi,Coastal Karnataka,13.34,74.74,0.00,0.00,-100.00,2026/DAILY CUM STATISTICS_JAN 2026/daily dated cum 22.01.2026.xls
2026-01-22,494,Uttara Kannada,Coastal Karnataka,14.79,74.69,0.00,0.00,-100.00,2026/DAILY CUM STATISTICS_JAN 2026/daily dated cum 22.01.2026.xls
2026-01-23,492,Dakshina Kannada,Coastal Karnataka,12.84,74.86,0.00,0.00,-100.00,2026/DAILY CUM STATISTICS_JAN 2026/daily dated cum 23.01.2026.xls
2026-01-23,493,Udupi,Coastal Karnataka,13.34,74.74,0.00,0.00,-100.00,2026/DAILY CUM STATISTICS_JAN 2026/daily dated cum 23.01.2026.xls
2026-01-23,494,Uttara Kannada,Coastal Karnataka,14.79,74.69,0.00,0.00,-100.00,2026/DAILY CUM STATISTICS_JAN 2026/daily dated cum 23.01.2026.xls
2026-01-24,492,Dakshina Kannada,Coastal Karnataka,12.84,74.86,0.00,0.10,-100.00,2026/DAILY CUM STATISTICS_JAN 2026/daily dated cum 24.01.2026.xls
2026-01-24,493,Udupi,Coastal Karnataka,13.34,74.74,0.00,0.00,-100.00,2026/DAILY CUM STATISTICS_JAN 2026/daily dated cum 24.01.2026.xls
2026-01-24,494,Uttara Kannada,Coastal Karnataka,14.79,74.69,0.00,0.00,-100.00,2026/DAILY CUM STATISTICS_JAN 2026/daily dated cum 24.01.2026.xls
2026-01-25,492,Dakshina Kannada,Coastal Karnataka,12.84,74.86,0.00,0.00,-100.00,2026/DAILY CUM STATISTICS_JAN 2026/daily dated cum 25.01.2026.xls
2026-01-25,493,Udupi,Coastal Karnataka,13.34,74.74,0.00,0.00,-100.00,2026/DAILY CUM STATISTICS_JAN 2026/daily dated cum 25.01.2026.xls
2026-01-25,494,Uttara Kannada,Coastal Karnataka,14.79,74.69,0.00,0.00,-100.00,2026/DAILY CUM STATISTICS_JAN 2026/daily dated cum 25.01.2026.xls
2026-01-26,492,Dakshina Kannada,Coastal Karnataka,12.84,74.86,0.00,0.00,-100.00,2026/DAILY CUM STATISTICS_JAN 2026/daily dated cum 26.01.2026.xls
2026-01-26,493,Udupi,Coastal Karnataka,13.34,74.74,0.00,0.00,-100.00,2026/DAILY CUM STATISTICS_JAN 2026/daily dated cum 26.01.2026.xls
2026-01-26,494,Uttara Kannada,Coastal Karnataka,14.79,74.69,0.00,0.10,-100.00,2026/DAILY CUM STATISTICS_JAN 2026/daily dated cum 26.01.2026.xls
2026-01-27,492,Dakshina Kannada,Coastal Karnataka,12.84,74.86,0.00,0.00,-100.00,2026/DAILY CUM STATISTICS_JAN 2026/daily dated 27.01.2026.xls
2026-01-27,493,Udupi,Coastal Karnataka,13.34,74.74,0.00,0.00,-100.00,2026/DAILY CUM STATISTICS_JAN 2026/daily dated 27.01.2026.xls
2026-01-27,494,Uttara Kannada,Coastal Karnataka,14.79,74.69,0.00,0.00,-100.00,2026/DAILY CUM STATISTICS_JAN 2026/daily dated 27.01.2026.xls
2026-01-28,492,Dakshina Kannada,Coastal Karnataka,12.84,74.86,0.00,0.00,-100.00,2026/DAILY CUM STATISTICS_JAN 2026/daily dated cum 28.01.2026.xls
2026-01-28,493,Udupi,Coastal Karnataka,13.34,74.74,0.00,0.00,-100.00,2026/DAILY CUM STATISTICS_JAN 2026/daily dated cum 28.01.2026.xls
2026-01-28,494,Uttara Kannada,Coastal Karnataka,14.79,74.69,0.00,0.00,-100.00,2026/DAILY CUM STATISTICS_JAN 2026/daily dated cum 28.01.2026.xls
2026-01-29,492,Dakshina Kannada,Coastal Karnataka,12.84,74.86,0.00,0.10,-100.00,2026/DAILY CUM STATISTICS_JAN 2026/daily dated cum 29.01.2026.xls
2026-01-29,493,Udupi,Coastal Karnataka,13.34,74.74,0.00,0.00,-100.00,2026/DAILY CUM STATISTICS_JAN 2026/daily dated cum 29.01.2026.xls
2026-01-29,494,Uttara Kannada,Coastal Karnataka,14.79,74.69,0.00,0.00,-100.00,2026/DAILY CUM STATISTICS_JAN 2026/daily dated cum 29.01.2026.xls
2026-01-30,492,Dakshina Kannada,Coastal Karnataka,12.84,74.86,0.00,0.10,-100.00,2026/DAILY CUM STATISTICS_JAN 2026/daily dated cum 30.01.2026.xls
2026-01-30,493,Udupi,Coastal Karnataka,13.34,74.74,0.00,0.00,-100.00,2026/DAILY CUM STATISTICS_JAN 2026/daily dated cum 30.01.2026.xls
2026-01-30,494,Uttara Kannada,Coastal Karnataka,14.79,74.69,0.00,0.00,-100.00,2026/DAILY CUM STATISTICS_JAN 2026/daily dated cum 30.01.2026.xls
2026-01-31,492,Dakshina Kannada,Coastal Karnataka,12.84,74.86,0.00,0.10,-100.00,2026/DAILY CUM STATISTICS_JAN 2026/daily dated 31.01.2026.xls
2026-01-31,493,Udupi,Coastal Karnataka,13.34,74.74,0.00,0.10,-100.00,2026/DAILY CUM STATISTICS_JAN 2026/daily dated 31.01.2026.xls
2026-01-31,494,Uttara Kannada,Coastal Karnataka,14.79,74.69,0.00,0.00,-100.00,2026/DAILY CUM STATISTICS_JAN 2026/daily dated 31.01.2026.xls
2026-02-01,492,Dakshina Kannada,Coastal Karnataka,12.84,74.86,0.00,0.00,-100.00,2026/DAILY CUM STATISTICS_FEB 2026/daily dated 01.02.2026.xls
2026-02-01,493,Udupi,Coastal Karnataka,13.34,74.74,0.00,0.00,-100.00,2026/DAILY CUM STATISTICS_FEB 2026/daily dated 01.02.2026.xls
2026-02-01,494,Uttara Kannada,Coastal Karnataka,14.79,74.69,0.00,0.00,-100.00,2026/DAILY CUM STATISTICS_FEB 2026/daily dated 01.02.2026.xls
2026-02-02,492,Dakshina Kannada,Coastal Karnataka,12.84,74.86,0.00,0.00,-100.00,2026/DAILY CUM STATISTICS_FEB 2026/daily dated 02.02.2026.xls
2026-02-02,493,Udupi,Coastal Karnataka,13.34,74.74,0.00,0.00,-100.00,2026/DAILY CUM STATISTICS_FEB 2026/daily dated 02.02.2026.xls
2026-02-02,494,Uttara Kannada,Coastal Karnataka,14.79,74.69,0.00,0.10,-100.00,2026/DAILY CUM STATISTICS_FEB 2026/daily dated 02.02.2026.xls
2026-02-03,492,Dakshina Kannada,Coastal Karnataka,12.84,74.86,0.00,0.00,-100.00,2026/DAILY CUM STATISTICS_FEB 2026/daily dated 03.02.2026.xls
2026-02-03,493,Udupi,Coastal Karnataka,13.34,74.74,0.00,0.10,-100.00,2026/DAILY CUM STATISTICS_FEB 2026/daily dated 03.02.2026.xls
2026-02-03,494,Uttara Kannada,Coastal Karnataka,14.79,74.69,0.00,0.00,-100.00,2026/DAILY CUM STATISTICS_FEB 2026/daily dated 03.02.2026.xls
2026-02-05,492,Dakshina Kannada,Coastal Karnataka,12.84,74.86,0.00,0.10,-100.00,2026/DAILY CUM STATISTICS_FEB 2026/daily dated 05.02.2026.xls
2026-02-05,493,Udupi,Coastal Karnataka,13.34,74.74,0.00,0.00,-100.00,2026/DAILY CUM STATISTICS_FEB 2026/daily dated 05.02.2026.xls
2026-02-05,494,Uttara Kannada,Coastal Karnataka,14.79,74.69,0.00,0.00,-100.00,2026/DAILY CUM STATISTICS_FEB 2026/daily dated 05.02.2026.xls
2026-02-06,492,Dakshina Kannada,Coastal Karnataka,12.84,74.86,0.00,0.10,-100.00,2026/DAILY CUM STATISTICS_FEB 2026/daily dated 06.02.2026.xls
2026-02-06,493,Udupi,Coastal Karnataka,13.34,74.74,0.00,0.00,-100.00,2026/DAILY CUM STATISTICS_FEB 2026/daily dated 06.02.2026.xls
2026-02-06,494,Uttara Kannada,Coastal Karnataka,14.79,74.69,0.00,0.10,-100.00,2026/DAILY CUM STATISTICS_FEB 2026/daily dated 06.02.2026.xls
2026-02-07,492,Dakshina Kannada,Coastal Karnataka,12.84,74.86,0.00,0.40,-100.00,2026/DAILY CUM STATISTICS_FEB 2026/daily dated 07.02.2026.xls
2026-02-07,493,Udupi,Coastal Karnataka,13.34,74.74,0.00,0.00,-100.00,2026/DAILY CUM STATISTICS_FEB 2026/daily dated 07.02.2026.xls
2026-02-07,494,Uttara Kannada,Coastal Karnataka,14.79,74.69,0.00,0.00,-100.00,2026/DAILY CUM STATISTICS_FEB 2026/daily dated 07.02.2026.xls
2026-02-08,492,Dakshina Kannada,Coastal Karnataka,12.84,74.86,0.00,0.00,-100.00,2026/DAILY CUM STATISTICS_FEB 2026/daily dated 08.02.2026.xls
2026-02-08,493,Udupi,Coastal Karnataka,13.34,74.74,0.00,0.10,-100.00,2026/DAILY CUM STATISTICS_FEB 2026/daily dated 08.02.2026.xls
2026-02-08,494,Uttara Kannada,Coastal Karnataka,14.79,74.69,0.00,0.00,-100.00,2026/DAILY CUM STATISTICS_FEB 2026/daily dated 08.02.2026.xls
2026-02-09,492,Dakshina Kannada,Coastal Karnataka,12.84,74.86,0.00,0.10,-100.00,2026/DAILY CUM STATISTICS_FEB 2026/daily dated 09.02.2026.xls
2026-02-09,493,Udupi,Coastal Karnataka,13.34,74.74,0.00,0.00,-100.00,2026/DAILY CUM STATISTICS_FEB 2026/daily dated 09.02.2026.xls
2026-02-09,494,Uttara Kannada,Coastal Karnataka,14.79,74.69,0.00,0.00,-100.00,2026/DAILY CUM STATISTICS_FEB 2026/daily dated 09.02.2026.xls
2026-02-10,492,Dakshina Kannada,Coastal Karnataka,12.84,74.86,0.00,0.20,-100.00,2026/DAILY CUM STATISTICS_FEB 2026/daily dated 10.02.2026.xls
2026-02-10,493,Udupi,Coastal Karnataka,13.34,74.74,0.00,0.00,-100.00,2026/DAILY CUM STATISTICS_FEB 2026/daily dated 10.02.2026.xls
2026-02-10,494,Uttara Kannada,Coastal Karnataka,14.79,74.69,0.00,0.00,-100.00,2026/DAILY CUM STATISTICS_FEB 2026/daily dated 10.02.2026.xls
2026-02-11,492,Dakshina Kannada,Coastal Karnataka,12.84,74.86,0.00,0.00,-100.00,2026/DAILY CUM STATISTICS_FEB 2026/daily dated 11.02.2026.xls
2026-02-11,493,Udupi,Coastal Karnataka,13.34,74.74,0.00,0.00,-100.00,2026/DAILY CUM STATISTICS_FEB 2026/daily dated 11.02.2026.xls
2026-02-11,494,Uttara Kannada,Coastal Karnataka,14.79,74.69,0.00,0.00,-100.00,2026/DAILY CUM STATISTICS_FEB 2026/daily dated 11.02.2026.xls
2026-02-12,492,Dakshina Kannada,Coastal Karnataka,12.84,74.86,0.00,0.10,-100.00,2026/DAILY CUM STATISTICS_FEB 2026/daily dated 12.02.2026.xls
2026-02-12,493,Udupi,Coastal Karnataka,13.34,74.74,0.00,0.10,-100.00,2026/DAILY CUM STATISTICS_FEB 2026/daily dated 12.02.2026.xls
2026-02-12,494,Uttara Kannada,Coastal Karnataka,14.79,74.69,0.00,0.00,-100.00,2026/DAILY CUM STATISTICS_FEB 2026/daily dated 12.02.2026.xls
2026-02-13,492,Dakshina Kannada,Coastal Karnataka,12.84,74.86,0.00,0.00,-100.00,2026/DAILY CUM STATISTICS_FEB 2026/daily dated 13.02.2026.xls
2026-02-13,493,Udupi,Coastal Karnataka,13.34,74.74,0.00,0.10,-100.00,2026/DAILY CUM STATISTICS_FEB 2026/daily dated 13.02.2026.xls
2026-02-13,494,Uttara Kannada,Coastal Karnataka,14.79,74.69,0.00,0.00,-100.00,2026/DAILY CUM STATISTICS_FEB 2026/daily dated 13.02.2026.xls
2026-02-14,492,Dakshina Kannada,Coastal Karnataka,12.84,74.86,0.00,0.20,-100.00,2026/DAILY CUM STATISTICS_FEB 2026/daily dated 14.02.2026.xls
2026-02-14,493,Udupi,Coastal Karnataka,13.34,74.74,0.00,0.00,-100.00,2026/DAILY CUM STATISTICS_FEB 2026/daily dated 14.02.2026.xls
2026-02-14,494,Uttara Kannada,Coastal Karnataka,14.79,74.69,0.00,0.00,-100.00,2026/DAILY CUM STATISTICS_FEB 2026/daily dated 14.02.2026.xls
2026-02-15,492,Dakshina Kannada,Coastal Karnataka,12.84,74.86,0.00,0.50,-100.00,2026/DAILY CUM STATISTICS_FEB 2026/daily dated 15.02.2026.xls
2026-02-15,493,Udupi,Coastal Karnataka,13.34,74.74,0.00,0.20,-100.00,2026/DAILY CUM STATISTICS_FEB 2026/daily dated 15.02.2026.xls
2026-02-15,494,Uttara Kannada,Coastal Karnataka,14.79,74.69,0.00,,-100.00,2026/DAILY CUM STATISTICS_FEB 2026/daily dated 15.02.2026.xls
2026-02-16,492,Dakshina Kannada,Coastal Karnataka,12.84,74.86,0.00,0.10,-100.00,2026/DAILY CUM STATISTICS_FEB 2026/daily dated 16.02.2026.xls
2026-02-16,493,Udupi,Coastal Karnataka,13.34,74.74,0.00,0.10,-100.00,2026/DAILY CUM STATISTICS_FEB 2026/daily dated 16.02.2026.xls
2026-02-16,494,Uttara Kannada,Coastal Karnataka,14.79,74.69,0.00,0.10,-100.00,2026/DAILY CUM STATISTICS_FEB 2026/daily dated 16.02.2026.xls
2026-02-17,492,Dakshina Kannada,Coastal Karnataka,12.84,74.86,0.00,0.40,-100.00,2026/DAILY CUM STATISTICS_FEB 2026/daily dated 17.02.2026.xls
2026-02-17,493,Udupi,Coastal Karnataka,13.34,74.74,0.00,0.10,-100.00,2026/DAILY CUM STATISTICS_FEB 2026/daily dated 17.02.2026.xls
2026-02-17,494,Uttara Kannada,Coastal Karnataka,14.79,74.69,0.00,0.20,-100.00,2026/DAILY CUM STATISTICS_FEB 2026/daily dated 17.02.2026.xls
2026-02-18,492,Dakshina Kannada,Coastal Karnataka,12.84,74.86,0.00,0.10,-100.00,2026/DAILY CUM STATISTICS_FEB 2026/daily dated 18.02.2026.xls
2026-02-18,493,Udupi,Coastal Karnataka,13.34,74.74,0.00,0.00,-100.00,2026/DAILY CUM STATISTICS_FEB 2026/daily dated 18.02.2026.xls
2026-02-18,494,Uttara Kannada,Coastal Karnataka,14.79,74.69,0.00,0.00,-100.00,2026/DAILY CUM STATISTICS_FEB 2026/daily dated 18.02.2026.xls
2026-02-19,492,Dakshina Kannada,Coastal Karnataka,12.84,74.86,0.00,0.00,-100.00,2026/DAILY CUM STATISTICS_FEB 2026/daily dated 19.02.2026.xls
2026-02-19,493,Udupi,Coastal Karnataka,13.34,74.74,0.00,0.00,-100.00,2026/DAILY CUM STATISTICS_FEB 2026/daily dated 19.02.2026.xls
2026-02-19,494,Uttara Kannada,Coastal Karnataka,14.79,74.69,0.00,0.00,-100.00,2026/DAILY CUM STATISTICS_FEB 2026/daily dated 19.02.2026.xls
2026-02-21,492,Dakshina Kannada,Coastal Karnataka,12.84,74.86,0.00,0.00,-100.00,2026/DAILY CUM STATISTICS_FEB 2026/daily dated 21.02.2026.xls
2026-02-21,493,Udupi,Coastal Karnataka,13.34,74.74,0.00,0.00,-100.00,2026/DAILY CUM STATISTICS_FEB 2026/daily dated 21.02.2026.xls
2026-02-21,494,Uttara Kannada,Coastal Karnataka,14.79,74.69,0.00,0.00,-100.00,2026/DAILY CUM STATISTICS_FEB 2026/daily dated 21.02.2026.xls
2026-02-22,492,Dakshina Kannada,Coastal Karnataka,12.84,74.86,0.50,0.00,200.00,2026/DAILY CUM STATISTICS_FEB 2026/daily dated 22.02.2026.xls
2026-02-22,493,Udupi,Coastal Karnataka,13.34,74.74,0.00,0.00,-100.00,2026/DAILY CUM STATISTICS_FEB 2026/daily dated 22.02.2026.xls
2026-02-22,494,Uttara Kannada,Coastal Karnataka,14.79,74.69,0.00,0.10,-100.00,2026/DAILY CUM STATISTICS_FEB 2026/daily dated 22.02.2026.xls
2026-02-23,492,Dakshina Kannada,Coastal Karnataka,12.84,74.86,0.00,0.10,-100.00,2026/DAILY CUM STATISTICS_FEB 2026/daily dated 23.02.2026.xls
2026-02-23,493,Udupi,Coastal Karnataka,13.34,74.74,0.00,0.00,-100.00,2026/DAILY CUM STATISTICS_FEB 2026/daily dated 23.02.2026.xls
2026-02-23,494,Uttara Kannada,Coastal Karnataka,14.79,74.69,0.00,0.00,-100.00,2026/DAILY CUM STATISTICS_FEB 2026/daily dated 23.02.2026.xls
2026-02-24,492,Dakshina Kannada,Coastal Karnataka,12.84,74.86,0.00,0.00,-100.00,2026/DAILY CUM STATISTICS_FEB 2026/daily dated 24.02.2026.xls
2026-02-24,493,Udupi,Coastal Karnataka,13.34,74.74,0.00,0.00,-100.00,2026/DAILY CUM STATISTICS_FEB 2026/daily dated 24.02.2026.xls
2026-02-24,494,Uttara Kannada,Coastal Karnataka,14.79,74.69,0.00,0.00,-100.00,2026/DAILY CUM STATISTICS_FEB 2026/daily dated 24.02.2026.xls
2026-02-25,492,Dakshina Kannada,Coastal Karnataka,12.84,74.86,0.00,0.00,-100.00,2026/DAILY CUM STATISTICS_FEB 2026/daily dated 25.02.2026.xls
2026-02-25,493,Udupi,Coastal Karnataka,13.34,74.74,0.00,0.00,-100.00,2026/DAILY CUM STATISTICS_FEB 2026/daily dated 25.02.2026.xls
2026-02-25,494,Uttara Kannada,Coastal Karnataka,14.79,74.69,1.50,0.00,200.00,2026/DAILY CUM STATISTICS_FEB 2026/daily dated 25.02.2026.xls
2026-02-26,492,Dakshina Kannada,Coastal Karnataka,12.84,74.86,2.80,0.00,200.00,2026/DAILY CUM STATISTICS_FEB 2026/daily dated 26.02.2026.xls
2026-02-26,493,Udupi,Coastal Karnataka,13.34,74.74,0.00,0.00,-100.00,2026/DAILY CUM STATISTICS_FEB 2026/daily dated 26.02.2026.xls
2026-02-26,494,Uttara Kannada,Coastal Karnataka,14.79,74.69,0.40,0.00,200.00,2026/DAILY CUM STATISTICS_FEB 2026/daily dated 26.02.2026.xls
2026-02-27,492,Dakshina Kannada,Coastal Karnataka,12.84,74.86,0.00,0.00,-100.00,2026/DAILY CUM STATISTICS_FEB 2026/daily dated 27.02.2026u.xls
2026-02-27,493,Udupi,Coastal Karnataka,13.34,74.74,0.00,0.00,-100.00,2026/DAILY CUM STATISTICS_FEB 2026/daily dated 27.02.2026u.xls
2026-02-27,494,Uttara Kannada,Coastal Karnataka,14.79,74.69,0.00,0.00,-100.00,2026/DAILY CUM STATISTICS_FEB 2026/daily dated 27.02.2026u.xls
2026-02-28,492,Dakshina Kannada,Coastal Karnataka,12.84,74.86,0.00,0.00,-100.00,2026/DAILY CUM STATISTICS_FEB 2026/daily dated 28.02.2026.xls
2026-02-28,493,Udupi,Coastal Karnataka,13.34,74.74,0.00,0.00,-100.00,2026/DAILY CUM STATISTICS_FEB 2026/daily dated 28.02.2026.xls
2026-02-28,494,Uttara Kannada,Coastal Karnataka,14.79,74.69,0.00,0.00,-100.00,2026/DAILY CUM STATISTICS_FEB 2026/daily dated 28.02.2026.xls
2026-03-01,492,Dakshina Kannada,Coastal Karnataka,12.84,74.86,0.00,0.00,-100.00,2026/DAILY CUM STATISTICS_MAR 2026/daily dated 01.03.2026.xls
2026-03-01,493,Udupi,Coastal Karnataka,13.34,74.74,0.00,0.00,-100.00,2026/DAILY CUM STATISTICS_MAR 2026/daily dated 01.03.2026.xls
2026-03-01,494,Uttara Kannada,Coastal Karnataka,14.79,74.69,0.00,0.20,-100.00,2026/DAILY CUM STATISTICS_MAR 2026/daily dated 01.03.2026.xls
2026-03-02,492,Dakshina Kannada,Coastal Karnataka,12.84,74.86,0.00,0.20,-100.00,2026/DAILY CUM STATISTICS_MAR 2026/daily dated 02.03.2026.xls
2026-03-02,493,Udupi,Coastal Karnataka,13.34,74.74,0.00,0.30,-100.00,2026/DAILY CUM STATISTICS_MAR 2026/daily dated 02.03.2026.xls
2026-03-02,494,Uttara Kannada,Coastal Karnataka,14.79,74.69,0.00,0.10,-100.00,2026/DAILY CUM STATISTICS_MAR 2026/daily dated 02.03.2026.xls
2026-03-03,492,Dakshina Kannada,Coastal Karnataka,12.84,74.86,0.00,0.00,-100.00,2026/DAILY CUM STATISTICS_MAR 2026/daily dated 03.03.2026.xls
2026-03-03,493,Udupi,Coastal Karnataka,13.34,74.74,0.00,0.00,-100.00,2026/DAILY CUM STATISTICS_MAR 2026/daily dated 03.03.2026.xls
2026-03-03,494,Uttara Kannada,Coastal Karnataka,14.79,74.69,0.00,0.00,-100.00,2026/DAILY CUM STATISTICS_MAR 2026/daily dated 03.03.2026.xls
2026-03-04,492,Dakshina Kannada,Coastal Karnataka,12.84,74.86,0.00,0.10,-100.00,2026/DAILY CUM STATISTICS_MAR 2026/daily dated 04.03.2026.xls
2026-03-04,493,Udupi,Coastal Karnataka,13.34,74.74,0.00,0.00,-100.00,2026/DAILY CUM STATISTICS_MAR 2026/daily dated 04.03.2026.xls
2026-03-04,494,Uttara Kannada,Coastal Karnataka,14.79,74.69,0.00,0.00,-100.00,2026/DAILY CUM STATISTICS_MAR 2026/daily dated 04.03.2026.xls
2026-03-05,492,Dakshina Kannada,Coastal Karnataka,12.84,74.86,0.00,0.60,-100.00,2026/DAILY CUM STATISTICS_MAR 2026/daily dated 05.03.2026.xls
2026-03-05,493,Udupi,Coastal Karnataka,13.34,74.74,0.00,0.10,-100.00,2026/DAILY CUM STATISTICS_MAR 2026/daily dated 05.03.2026.xls
2026-03-05,494,Uttara Kannada,Coastal Karnataka,14.79,74.69,0.00,0.00,-100.00,2026/DAILY CUM STATISTICS_MAR 2026/daily dated 05.03.2026.xls
2026-03-06,492,Dakshina Kannada,Coastal Karnataka,12.84,74.86,0.00,0.30,-100.00,2026/DAILY CUM STATISTICS_MAR 2026/daily dated 06.03.2026.xls
2026-03-06,493,Udupi,Coastal Karnataka,13.34,74.74,0.00,0.00,-100.00,2026/DAILY CUM STATISTICS_MAR 2026/daily dated 06.03.2026.xls
2026-03-06,494,Uttara Kannada,Coastal Karnataka,14.79,74.69,0.00,0.00,-100.00,2026/DAILY CUM STATISTICS_MAR 2026/daily dated 06.03.2026.xls
2026-03-07,492,Dakshina Kannada,Coastal Karnataka,12.84,74.86,0.00,0.30,-100.00,2026/DAILY CUM STATISTICS_MAR 2026/daily dated 07.03.2026.xls
2026-03-07,493,Udupi,Coastal Karnataka,13.34,74.74,0.00,0.10,-100.00,2026/DAILY CUM STATISTICS_MAR 2026/daily dated 07.03.2026.xls
2026-03-07,494,Uttara Kannada,Coastal Karnataka,14.79,74.69,0.00,0.00,-100.00,2026/DAILY CUM STATISTICS_MAR 2026/daily dated 07.03.2026.xls
2026-03-08,492,Dakshina Kannada,Coastal Karnataka,12.84,74.86,0.00,0.80,-100.00,2026/DAILY CUM STATISTICS_MAR 2026/daily dated 08.03.2026.xls
2026-03-08,493,Udupi,Coastal Karnataka,13.34,74.74,0.00,0.30,-100.00,2026/DAILY CUM STATISTICS_MAR 2026/daily dated 08.03.2026.xls
2026-03-08,494,Uttara Kannada,Coastal Karnataka,14.79,74.69,0.00,0.20,-100.00,2026/DAILY CUM STATISTICS_MAR 2026/daily dated 08.03.2026.xls
2026-03-09,492,Dakshina Kannada,Coastal Karnataka,12.84,74.86,0.00,0.70,-100.00,2026/DAILY CUM STATISTICS_MAR 2026/daily dated 09.03.2026.xls
2026-03-09,493,Udupi,Coastal Karnataka,13.34,74.74,0.00,0.20,-100.00,2026/DAILY CUM STATISTICS_MAR 2026/daily dated 09.03.2026.xls
2026-03-09,494,Uttara Kannada,Coastal Karnataka,14.79,74.69,0.00,0.10,-100.00,2026/DAILY CUM STATISTICS_MAR 2026/daily dated 09.03.2026.xls
2026-03-10,492,Dakshina Kannada,Coastal Karnataka,12.84,74.86,0.00,0.40,-100.00,2026/DAILY CUM STATISTICS_MAR 2026/daily dated 10.03.2026.xls
2026-03-10,493,Udupi,Coastal Karnataka,13.34,74.74,0.00,0.10,-100.00,2026/DAILY CUM STATISTICS_MAR 2026/daily dated 10.03.2026.xls
2026-03-10,494,Uttara Kannada,Coastal Karnataka,14.79,74.69,0.00,0.10,-100.00,2026/DAILY CUM STATISTICS_MAR 2026/daily dated 10.03.2026.xls
2026-03-11,492,Dakshina Kannada,Coastal Karnataka,12.84,74.86,0.00,0.30,-100.00,2026/DAILY CUM STATISTICS_MAR 2026/daily dated 11.03.2026.xls
2026-03-11,493,Udupi,Coastal Karnataka,13.34,74.74,0.00,0.00,-100.00,2026/DAILY CUM STATISTICS_MAR 2026/daily dated 11.03.2026.xls
2026-03-11,494,Uttara Kannada,Coastal Karnataka,14.79,74.69,0.00,0.20,-100.00,2026/DAILY CUM STATISTICS_MAR 2026/daily dated 11.03.2026.xls
2026-03-12,492,Dakshina Kannada,Coastal Karnataka,12.84,74.86,0.00,0.70,-100.00,2026/DAILY CUM STATISTICS_MAR 2026/daily dated 12.03.2026.xls
2026-03-12,493,Udupi,Coastal Karnataka,13.34,74.74,0.00,0.20,-100.00,2026/DAILY CUM STATISTICS_MAR 2026/daily dated 12.03.2026.xls
2026-03-12,494,Uttara Kannada,Coastal Karnataka,14.79,74.69,0.00,0.00,-100.00,2026/DAILY CUM STATISTICS_MAR 2026/daily dated 12.03.2026.xls
2026-03-13,492,Dakshina Kannada,Coastal Karnataka,12.84,74.86,0.00,0.50,-100.00,2026/DAILY CUM STATISTICS_MAR 2026/daily dated 13.03.2026.xls
2026-03-13,493,Udupi,Coastal Karnataka,13.34,74.74,0.00,0.20,-100.00,2026/DAILY CUM STATISTICS_MAR 2026/daily dated 13.03.2026.xls
2026-03-13,494,Uttara Kannada,Coastal Karnataka,14.79,74.69,0.00,0.10,-100.00,2026/DAILY CUM STATISTICS_MAR 2026/daily dated 13.03.2026.xls
2026-03-14,492,Dakshina Kannada,Coastal Karnataka,12.84,74.86,0.00,0.40,-100.00,2026/DAILY CUM STATISTICS_MAR 2026/daily dated 14.03.2026.xls
2026-03-14,493,Udupi,Coastal Karnataka,13.34,74.74,0.00,0.50,-100.00,2026/DAILY CUM STATISTICS_MAR 2026/daily dated 14.03.2026.xls
2026-03-14,494,Uttara Kannada,Coastal Karnataka,14.79,74.69,0.00,0.20,-100.00,2026/DAILY CUM STATISTICS_MAR 2026/daily dated 14.03.2026.xls
2026-03-15,492,Dakshina Kannada,Coastal Karnataka,12.84,74.86,1.80,0.80,122.00,2026/DAILY CUM STATISTICS_MAR 2026/daily dated 15.03.2026.xls
2026-03-15,493,Udupi,Coastal Karnataka,13.34,74.74,0.00,0.90,-100.00,2026/DAILY CUM STATISTICS_MAR 2026/daily dated 15.03.2026.xls
2026-03-15,494,Uttara Kannada,Coastal Karnataka,14.79,74.69,0.00,0.10,-100.00,2026/DAILY CUM STATISTICS_MAR 2026/daily dated 15.03.2026.xls
2026-03-16,492,Dakshina Kannada,Coastal Karnataka,12.84,74.86,0.30,0.50,-43.00,2026/DAILY CUM STATISTICS_MAR 2026/daily dated 16.03.2026.xls
2026-03-16,493,Udupi,Coastal Karnataka,13.34,74.74,0.00,0.40,-100.00,2026/DAILY CUM STATISTICS_MAR 2026/daily dated 16.03.2026.xls
2026-03-16,494,Uttara Kannada,Coastal Karnataka,14.79,74.69,1.10,0.20,430.00,2026/DAILY CUM STATISTICS_MAR 2026/daily dated 16.03.2026.xls
2026-03-17,492,Dakshina Kannada,Coastal Karnataka,12.84,74.86,7.60,0.60,1165.00,2026/DAILY CUM STATISTICS_MAR 2026/daily dated 17.03.2026.xls
2026-03-17,493,Udupi,Coastal Karnataka,13.34,74.74,0.00,0.20,-100.00,2026/DAILY CUM STATISTICS_MAR 2026/daily dated 17.03.2026.xls
2026-03-17,494,Uttara Kannada,Coastal Karnataka,14.79,74.69,0.00,0.20,-100.00,2026/DAILY CUM STATISTICS_MAR 2026/daily dated 17.03.2026.xls
2026-03-18,492,Dakshina Kannada,Coastal Karnataka,12.84,74.86,0.30,0.30,-11.00,2026/DAILY CUM STATISTICS_MAR 2026/daily dated 18.03.2026.xls
2026-03-18,493,Udupi,Coastal Karnataka,13.34,74.74,0.00,0.10,-100.00,2026/DAILY CUM STATISTICS_MAR 2026/daily dated 18.03.2026.xls
2026-03-18,494,Uttara Kannada,Coastal Karnataka,14.79,74.69,1.40,0.20,620.00,2026/DAILY CUM STATISTICS_MAR 2026/daily dated 18.03.2026.xls
2026-03-19,492,Dakshina Kannada,Coastal Karnataka,12.84,74.86,2.50,0.40,517.00,2026/DAILY CUM STATISTICS_MAR 2026/daily dated 19.03.2026.xls
2026-03-19,493,Udupi,Coastal Karnataka,13.34,74.74,0.00,0.00,-100.00,2026/DAILY CUM STATISTICS_MAR 2026/daily dated 19.03.2026.xls
2026-03-19,494,Uttara Kannada,Coastal Karnataka,14.79,74.69,0.90,0.10,760.00,2026/DAILY CUM STATISTICS_MAR 2026/daily dated 19.03.2026.xls
2026-03-20,492,Dakshina Kannada,Coastal Karnataka,12.84,74.86,12.30,8.20,49.00,2026/DAILY CUM STATISTICS_MAR 2026/daily dated 20.03.2026.xls
2026-03-20,493,Udupi,Coastal Karnataka,13.34,74.74,0.00,3.60,-100.00,2026/DAILY CUM STATISTICS_MAR 2026/daily dated 20.03.2026.xls
2026-03-20,494,Uttara Kannada,Coastal Karnataka,14.79,74.69,3.40,2.20,53.00,2026/DAILY CUM STATISTICS_MAR 2026/daily dated 20.03.2026.xls
2026-03-21,492,Dakshina Kannada,Coastal Karnataka,12.84,74.86,0.00,1.00,-100.00,2026/DAILY CUM STATISTICS_MAR 2026/daily dated 21.03.2026.xls
2026-03-21,493,Udupi,Coastal Karnataka,13.34,74.74,0.00,0.70,-100.00,2026/DAILY CUM STATISTICS_MAR 2026/daily dated 21.03.2026.xls
2026-03-21,494,Uttara Kannada,Coastal Karnataka,14.79,74.69,0.00,0.10,-100.00,2026/DAILY CUM STATISTICS_MAR 2026/daily dated 21.03.2026.xls
2026-03-22,492,Dakshina Kannada,Coastal Karnataka,12.84,74.86,0.00,0.90,-100.00,2026/DAILY CUM STATISTICS_MAR 2026/daily dated 22.03.2026.xls
2026-03-22,493,Udupi,Coastal Karnataka,13.34,74.74,0.00,1.00,-100.00,2026/DAILY CUM STATISTICS_MAR 2026/daily dated 22.03.2026.xls
2026-03-22,494,Uttara Kannada,Coastal Karnataka,14.79,74.69,0.00,0.50,-100.00,2026/DAILY CUM STATISTICS_MAR 2026/daily dated 22.03.2026.xls
2026-03-23,492,Dakshina Kannada,Coastal Karnataka,12.84,74.86,0.00,2.00,-100.00,2026/DAILY CUM STATISTICS_MAR 2026/daily dated 23.03.2026.xls
2026-03-23,493,Udupi,Coastal Karnataka,13.34,74.74,0.00,1.90,-100.00,2026/DAILY CUM STATISTICS_MAR 2026/daily dated 23.03.2026.xls
2026-03-23,494,Uttara Kannada,Coastal Karnataka,14.79,74.69,0.00,0.80,-100.00,2026/DAILY CUM STATISTICS_MAR 2026/daily dated 23.03.2026.xls
2026-03-24,492,Dakshina Kannada,Coastal Karnataka,12.84,74.86,0.00,1.20,-100.00,2026/DAILY CUM STATISTICS_MAR 2026/daily dated 24.03.2026.xls
2026-03-24,493,Udupi,Coastal Karnataka,13.34,74.74,1.20,0.70,71.00,2026/DAILY CUM STATISTICS_MAR 2026/daily dated 24.03.2026.xls
2026-03-24,494,Uttara Kannada,Coastal Karnataka,14.79,74.69,2.60,0.30,772.00,2026/DAILY CUM STATISTICS_MAR 2026/daily dated 24.03.2026.xls
2026-03-25,492,Dakshina Kannada,Coastal Karnataka,12.84,74.86,0.00,0.70,-100.00,2026/DAILY CUM STATISTICS_MAR 2026/daily dated 25.03.2026.xls
2026-03-25,493,Udupi,Coastal Karnataka,13.34,74.74,0.00,1.00,-100.00,2026/DAILY CUM STATISTICS_MAR 2026/daily dated 25.03.2026.xls
2026-03-25,494,Uttara Kannada,Coastal Karnataka,14.79,74.69,2.10,0.60,250.00,2026/DAILY CUM STATISTICS_MAR 2026/daily dated 25.03.2026.xls
2026-03-26,492,Dakshina Kannada,Coastal Karnataka,12.84,74.86,0.00,0.40,-100.00,2026/DAILY CUM STATISTICS_MAR 2026/daily dated 26.03.2026.xls
2026-03-26,493,Udupi,Coastal Karnataka,13.34,74.74,0.00,0.10,-100.00,2026/DAILY CUM STATISTICS_MAR 2026/daily dated 26.03.2026.xls
2026-03-26,494,Uttara Kannada,Coastal Karnataka,14.79,74.69,4.40,0.20,2092.00,2026/DAILY CUM STATISTICS_MAR 2026/daily dated 26.03.2026.xls
2026-03-27,492,Dakshina Kannada,Coastal Karnataka,12.84,74.86,0.00,0.40,-100.00,2026/DAILY CUM STATISTICS_MAR 2026/daily dated 27.03.2026.xls
2026-03-27,493,Udupi,Coastal Karnataka,13.34,74.74,0.00,0.10,-100.00,2026/DAILY CUM STATISTICS_MAR 2026/daily dated 27.03.2026.xls
2026-03-27,494,Uttara Kannada,Coastal Karnataka,14.79,74.69,0.00,0.20,-100.00,2026/DAILY CUM STATISTICS_MAR 2026/daily dated 27.03.2026.xls
2026-03-28,492,Dakshina Kannada,Coastal Karnataka,12.84,74.86,0.00,0.40,-100.00,2026/DAILY CUM STATISTICS_MAR 2026/daily dated 28.03.2026.xls
2026-03-28,493,Udupi,Coastal Karnataka,13.34,74.74,0.00,0.00,-100.00,2026/DAILY CUM STATISTICS_MAR 2026/daily dated 28.03.2026.xls
2026-03-28,494,Uttara Kannada,Coastal Karnataka,14.79,74.69,1.00,0.00,200.00,2026/DAILY CUM STATISTICS_MAR 2026/daily dated 28.03.2026.xls
2026-03-29,492,Dakshina Kannada,Coastal Karnataka,12.84,74.86,10.80,0.40,2600.00,2026/DAILY CUM STATISTICS_MAR 2026/daily dated 29.03.2026.xls
2026-03-29,493,Udupi,Coastal Karnataka,13.34,74.74,14.70,0.30,4794.00,2026/DAILY CUM STATISTICS_MAR 2026/daily dated 29.03.2026.xls
2026-03-29,494,Uttara Kannada,Coastal Karnataka,14.79,74.69,8.30,0.10,8209.00,2026/DAILY CUM STATISTICS_MAR 2026/daily dated 29.03.2026.xls
2026-03-30,492,Dakshina Kannada,Coastal Karnataka,12.84,74.86,0.00,0.30,-100.00,2026/DAILY CUM STATISTICS_MAR 2026/daily dated 30.03.2026.xls
2026-03-30,493,Udupi,Coastal Karnataka,13.34,74.74,0.00,0.10,-100.00,2026/DAILY CUM STATISTICS_MAR 2026/daily dated 30.03.2026.xls
2026-03-30,494,Uttara Kannada,Coastal Karnataka,14.79,74.69,0.00,0.30,-100.00,2026/DAILY CUM STATISTICS_MAR 2026/daily dated 30.03.2026.xls
2026-03-31,492,Dakshina Kannada,Coastal Karnataka,12.84,74.86,0.00,0.50,-100.00,2026/DAILY CUM STATISTICS_MAR 2026/daily dated 31.03.2026.xls
2026-03-31,493,Udupi,Coastal Karnataka,13.34,74.74,0.00,0.90,-100.00,2026/DAILY CUM STATISTICS_MAR 2026/daily dated 31.03.2026.xls
2026-03-31,494,Uttara Kannada,Coastal Karnataka,14.79,74.69,0.00,0.30,-100.00,2026/DAILY CUM STATISTICS_MAR 2026/daily dated 31.03.2026.xls
2026-04-01,492,Dakshina Kannada,Coastal Karnataka,12.84,74.86,1.30,1.10,17.00,2026/DAILY CUM STATISTICS_APR 2026/daily dated 01.04.2026.xls
2026-04-01,493,Udupi,Coastal Karnataka,13.34,74.74,1.50,0.70,114.00,2026/DAILY CUM STATISTICS_APR 2026/daily dated 01.04.2026.xls
2026-04-01,494,Uttara Kannada,Coastal Karnataka,14.79,74.69,2.60,0.10,2467.00,2026/DAILY CUM STATISTICS_APR 2026/daily dated 01.04.2026.xls
2026-04-02,492,Dakshina Kannada,Coastal Karnataka,12.84,74.86,0.00,0.70,-100.00,2026/DAILY CUM STATISTICS_APR 2026/daily dated 02.04.2026.xls
2026-04-02,493,Udupi,Coastal Karnataka,13.34,74.74,0.90,0.20,333.00,2026/DAILY CUM STATISTICS_APR 2026/daily dated 02.04.2026.xls
2026-04-02,494,Uttara Kannada,Coastal Karnataka,14.79,74.69,0.00,0.20,-100.00,2026/DAILY CUM STATISTICS_APR 2026/daily dated 02.04.2026.xls
2026-04-03,492,Dakshina Kannada,Coastal Karnataka,12.84,74.86,0.70,0.90,-23.00,2026/DAILY CUM STATISTICS_APR 2026/daily dated 03.04.2026.xls
2026-04-03,493,Udupi,Coastal Karnataka,13.34,74.74,9.80,0.50,1868.00,2026/DAILY CUM STATISTICS_APR 2026/daily dated 03.04.2026.xls
2026-04-03,494,Uttara Kannada,Coastal Karnataka,14.79,74.69,1.60,0.20,721.00,2026/DAILY CUM STATISTICS_APR 2026/daily dated 03.04.2026.xls
2026-04-04,492,Dakshina Kannada,Coastal Karnataka,12.84,74.86,0.00,2.00,-100.00,2026/DAILY CUM STATISTICS_APR 2026/daily dated 04.04.2026.xls
2026-04-04,493,Udupi,Coastal Karnataka,13.34,74.74,0.00,1.00,-100.00,2026/DAILY CUM STATISTICS_APR 2026/daily dated 04.04.2026.xls
2026-04-04,494,Uttara Kannada,Coastal Karnataka,14.79,74.69,2.20,0.20,975.00,2026/DAILY CUM STATISTICS_APR 2026/daily dated 04.04.2026.xls
2026-04-05,492,Dakshina Kannada,Coastal Karnataka,12.84,74.86,0.10,1.60,-94.00,2026/DAILY CUM STATISTICS_APR 2026/daily dated 05.04.2026.xls
2026-04-05,493,Udupi,Coastal Karnataka,13.34,74.74,0.00,0.70,-100.00,2026/DAILY CUM STATISTICS_APR 2026/daily dated 05.04.2026.xls
2026-04-05,494,Uttara Kannada,Coastal Karnataka,14.79,74.69,0.40,0.70,-46.00,2026/DAILY CUM STATISTICS_APR 2026/daily dated 05.04.2026.xls
2026-04-06,492,Dakshina Kannada,Coastal Karnataka,12.84,74.86,0.00,0.90,-100.00,2026/DAILY CUM STATISTICS_APR 2026/daily dated 06.04.2026.xls
2026-04-06,493,Udupi,Coastal Karnataka,13.34,74.74,0.00,0.30,-100.00,2026/DAILY CUM STATISTICS_APR 2026/daily dated 06.04.2026.xls
2026-04-06,494,Uttara Kannada,Coastal Karnataka,14.79,74.69,0.00,0.40,-100.00,2026/DAILY CUM STATISTICS_APR 2026/daily dated 06.04.2026.xls
2026-04-07,492,Dakshina Kannada,Coastal Karnataka,12.84,74.86,0.00,1.30,-100.00,2026/DAILY CUM STATISTICS_APR 2026/daily dated 07.04.2026.xls
2026-04-07,493,Udupi,Coastal Karnataka,13.34,74.74,0.00,0.40,-100.00,2026/DAILY CUM STATISTICS_APR 2026/daily dated 07.04.2026.xls
2026-04-07,494,Uttara Kannada,Coastal Karnataka,14.79,74.69,0.00,0.40,-100.00,2026/DAILY CUM STATISTICS_APR 2026/daily dated 07.04.2026.xls
2026-04-08,492,Dakshina Kannada,Coastal Karnataka,12.84,74.86,0.00,0.90,-100.00,2026/DAILY CUM STATISTICS_APR 2026/daily dated 08.04.2026.xls
2026-04-08,493,Udupi,Coastal Karnataka,13.34,74.74,0.00,0.50,-100.00,2026/DAILY CUM STATISTICS_APR 2026/daily dated 08.04.2026.xls
2026-04-08,494,Uttara Kannada,Coastal Karnataka,14.79,74.69,0.00,0.40,-100.00,2026/DAILY CUM STATISTICS_APR 2026/daily dated 08.04.2026.xls
2026-04-09,492,Dakshina Kannada,Coastal Karnataka,12.84,74.86,0.00,1.90,-100.00,2026/DAILY CUM STATISTICS_APR 2026/daily dated 09.04.2026.xls
2026-04-09,493,Udupi,Coastal Karnataka,13.34,74.74,0.00,0.40,-100.00,2026/DAILY CUM STATISTICS_APR 2026/daily dated 09.04.2026.xls
2026-04-09,494,Uttara Kannada,Coastal Karnataka,14.79,74.69,0.00,0.40,-100.00,2026/DAILY CUM STATISTICS_APR 2026/daily dated 09.04.2026.xls
2026-04-10,492,Dakshina Kannada,Coastal Karnataka,12.84,74.86,0.00,0.60,-100.00,2026/DAILY CUM STATISTICS_APR 2026/daily dated 10.04.2026.xls
2026-04-10,493,Udupi,Coastal Karnataka,13.34,74.74,0.00,0.40,-100.00,2026/DAILY CUM STATISTICS_APR 2026/daily dated 10.04.2026.xls
2026-04-10,494,Uttara Kannada,Coastal Karnataka,14.79,74.69,0.00,0.70,-100.00,2026/DAILY CUM STATISTICS_APR 2026/daily dated 10.04.2026.xls
2026-04-11,492,Dakshina Kannada,Coastal Karnataka,12.84,74.86,0.50,2.10,-76.00,2026/DAILY CUM STATISTICS_APR 2026/daily dated 11.04.2026.xls
2026-04-11,493,Udupi,Coastal Karnataka,13.34,74.74,0.00,1.00,-100.00,2026/DAILY CUM STATISTICS_APR 2026/daily dated 11.04.2026.xls
2026-04-11,494,Uttara Kannada,Coastal Karnataka,14.79,74.69,0.00,0.80,-100.00,2026/DAILY CUM STATISTICS_APR 2026/daily dated 11.04.2026.xls
2026-04-12,492,Dakshina Kannada,Coastal Karnataka,12.84,74.86,0.20,2.90,-94.00,2026/DAILY CUM STATISTICS_APR 2026/daily dated 12.04.2026.xls
2026-04-12,493,Udupi,Coastal Karnataka,13.34,74.74,0.00,2.30,-100.00,2026/DAILY CUM STATISTICS_APR 2026/daily dated 12.04.2026.xls
2026-04-12,494,Uttara Kannada,Coastal Karnataka,14.79,74.69,0.00,1.20,-100.00,2026/DAILY CUM STATISTICS_APR 2026/daily dated 12.04.2026.xls
2026-04-13,492,Dakshina Kannada,Coastal Karnataka,12.84,74.86,0.00,1.70,-100.00,2026/DAILY CUM STATISTICS_APR 2026/daily dated 13.04.2026.xls
2026-04-13,493,Udupi,Coastal Karnataka,13.34,74.74,0.40,0.80,-54.00,2026/DAILY CUM STATISTICS_APR 2026/daily dated 13.04.2026.xls
2026-04-13,494,Uttara Kannada,Coastal Karnataka,14.79,74.69,5.60,0.50,1029.00,2026/DAILY CUM STATISTICS_APR 2026/daily dated 13.04.2026.xls
2026-04-14,492,Dakshina Kannada,Coastal Karnataka,12.84,74.86,0.00,1.80,-100.00,2026/DAILY CUM STATISTICS_APR 2026/daily dated 14.04.2026.xls
2026-04-14,493,Udupi,Coastal Karnataka,13.34,74.74,0.00,0.20,-100.00,2026/DAILY CUM STATISTICS_APR 2026/daily dated 14.04.2026.xls
2026-04-14,494,Uttara Kannada,Coastal Karnataka,14.79,74.69,0.10,0.80,-92.00,2026/DAILY CUM STATISTICS_APR 2026/daily dated 14.04.2026.xls
2026-04-15,492,Dakshina Kannada,Coastal Karnataka,12.84,74.86,0.00,2.40,-100.00,2026/DAILY CUM STATISTICS_APR 2026/daily dated 15.04.2026.xls
2026-04-15,493,Udupi,Coastal Karnataka,13.34,74.74,0.00,0.90,-100.00,2026/DAILY CUM STATISTICS_APR 2026/daily dated 15.04.2026.xls
2026-04-15,494,Uttara Kannada,Coastal Karnataka,14.79,74.69,0.00,0.90,-100.00,2026/DAILY CUM STATISTICS_APR 2026/daily dated 15.04.2026.xls
2026-04-16,492,Dakshina Kannada,Coastal Karnataka,12.84,74.86,0.00,1.80,-100.00,2026/DAILY CUM STATISTICS_APR 2026/daily dated 16.04.2026.xls
2026-04-16,493,Udupi,Coastal Karnataka,13.34,74.74,0.00,0.80,-100.00,2026/DAILY CUM STATISTICS_APR 2026/daily dated 16.04.2026.xls
2026-04-16,494,Uttara Kannada,Coastal Karnataka,14.79,74.69,0.00,1.10,-100.00,2026/DAILY CUM STATISTICS_APR 2026/daily dated 16.04.2026.xls
2026-04-17,492,Dakshina Kannada,Coastal Karnataka,12.84,74.86,3.20,1.50,115.00,2026/DAILY CUM STATISTICS_APR 2026/daily dated 17.04.2026.xls
2026-04-17,493,Udupi,Coastal Karnataka,13.34,74.74,2.30,0.70,224.00,2026/DAILY CUM STATISTICS_APR 2026/daily dated 17.04.2026.xls
2026-04-17,494,Uttara Kannada,Coastal Karnataka,14.79,74.69,0.00,1.10,-100.00,2026/DAILY CUM STATISTICS_APR 2026/daily dated 17.04.2026.xls
2026-04-18,492,Dakshina Kannada,Coastal Karnataka,12.84,74.86,0.00,1.30,-100.00,2026/DAILY CUM STATISTICS_APR 2026/daily dated 18.04.2026.xls
2026-04-18,493,Udupi,Coastal Karnataka,13.34,74.74,0.00,0.40,-100.00,2026/DAILY CUM STATISTICS_APR 2026/daily dated 18.04.2026.xls
2026-04-18,494,Uttara Kannada,Coastal Karnataka,14.79,74.69,0.00,0.60,-100.00,2026/DAILY CUM STATISTICS_APR 2026/daily dated 18.04.2026.xls
2026-04-19,492,Dakshina Kannada,Coastal Karnataka,12.84,74.86,0.00,2.00,-100.00,2026/DAILY CUM STATISTICS_APR 2026/daily dated 19.04.2026.xls
2026-04-19,493,Udupi,Coastal Karnataka,13.34,74.74,0.00,0.70,-100.00,2026/DAILY CUM STATISTICS_APR 2026/daily dated 19.04.2026.xls
2026-04-19,494,Uttara Kannada,Coastal Karnataka,14.79,74.69,0.00,1.00,-100.00,2026/DAILY CUM STATISTICS_APR 2026/daily dated 19.04.2026.xls
2026-04-20,492,Dakshina Kannada,Coastal Karnataka,12.84,74.86,0.00,2.20,-100.00,2026/DAILY CUM STATISTICS_APR 2026/daily dated 20.04.2026.xls
2026-04-20,493,Udupi,Coastal Karnataka,13.34,74.74,0.00,0.60,-100.00,2026/DAILY CUM STATISTICS_APR 2026/daily dated 20.04.2026.xls
2026-04-20,494,Uttara Kannada,Coastal Karnataka,14.79,74.69,0.00,0.40,-100.00,2026/DAILY CUM STATISTICS_APR 2026/daily dated 20.04.2026.xls
2026-04-21,492,Dakshina Kannada,Coastal Karnataka,12.84,74.86,3.20,2.20,46.00,2026/DAILY CUM STATISTICS_APR 2026/daily dated 21.04.2026.xls
2026-04-21,493,Udupi,Coastal Karnataka,13.34,74.74,3.80,0.90,325.00,2026/DAILY CUM STATISTICS_APR 2026/daily dated 21.04.2026.xls
2026-04-21,494,Uttara Kannada,Coastal Karnataka,14.79,74.69,0.10,0.50,-77.00,2026/DAILY CUM STATISTICS_APR 2026/daily dated 21.04.2026.xls
2026-04-22,492,Dakshina Kannada,Coastal Karnataka,12.84,74.86,7.90,1.80,341.00,2026/DAILY CUM STATISTICS_APR 2026/daily dated 22.04.2026.xls
2026-04-22,493,Udupi,Coastal Karnataka,13.34,74.74,2.10,0.80,163.00,2026/DAILY CUM STATISTICS_APR 2026/daily dated 22.04.2026.xls
2026-04-22,494,Uttara Kannada,Coastal Karnataka,14.79,74.69,1.10,0.80,33.00,2026/DAILY CUM STATISTICS_APR 2026/daily dated 22.04.2026.xls
2026-04-23,492,Dakshina Kannada,Coastal Karnataka,12.84,74.86,0.00,3.10,-100.00,2026/DAILY CUM STATISTICS_APR 2026/daily dated 23.04.2026.xls
2026-04-23,493,Udupi,Coastal Karnataka,13.34,74.74,0.00,0.30,-100.00,2026/DAILY CUM STATISTICS_APR 2026/daily dated 23.04.2026.xls
2026-04-23,494,Uttara Kannada,Coastal Karnataka,14.79,74.69,0.00,0.90,-100.00,2026/DAILY CUM STATISTICS_APR 2026/daily dated 23.04.2026.xls
2026-04-24,492,Dakshina Kannada,Coastal Karnataka,12.84,74.86,0.70,3.30,-79.00,2026/DAILY CUM STATISTICS_APR 2026/daily dated 24.04.2026.xls
2026-04-24,493,Udupi,Coastal Karnataka,13.34,74.74,0.00,1.40,-100.00,2026/DAILY CUM STATISTICS_APR 2026/daily dated 24.04.2026.xls
2026-04-24,494,Uttara Kannada,Coastal Karnataka,14.79,74.69,2.70,0.70,288.00,2026/DAILY CUM STATISTICS_APR 2026/daily dated 24.04.2026.xls
2026-04-25,492,Dakshina Kannada,Coastal Karnataka,12.84,74.86,1.20,1.30,-6.00,2026/DAILY CUM STATISTICS_APR 2026/daily dated 25.04.2026.xls
2026-04-25,493,Udupi,Coastal Karnataka,13.34,74.74,0.00,1.00,-100.00,2026/DAILY CUM STATISTICS_APR 2026/daily dated 25.04.2026.xls
2026-04-25,494,Uttara Kannada,Coastal Karnataka,14.79,74.69,0.70,1.00,-31.00,2026/DAILY CUM STATISTICS_APR 2026/daily dated 25.04.2026.xls
2026-04-26,492,Dakshina Kannada,Coastal Karnataka,12.84,74.86,0.00,1.10,-100.00,2026/DAILY CUM STATISTICS_APR 2026/daily dated 26.04.2026.xls
2026-04-26,493,Udupi,Coastal Karnataka,13.34,74.74,0.00,0.70,-100.00,2026/DAILY CUM STATISTICS_APR 2026/daily dated 26.04.2026.xls
2026-04-26,494,Uttara Kannada,Coastal Karnataka,14.79,74.69,1.10,0.70,61.00,2026/DAILY CUM STATISTICS_APR 2026/daily dated 26.04.2026.xls
2026-04-27,492,Dakshina Kannada,Coastal Karnataka,12.84,74.86,0.00,3.00,-100.00,2026/DAILY CUM STATISTICS_APR 2026/daily dated 27.04.2026.xls
2026-04-27,493,Udupi,Coastal Karnataka,13.34,74.74,0.00,1.20,-100.00,2026/DAILY CUM STATISTICS_APR 2026/daily dated 27.04.2026.xls
2026-04-27,494,Uttara Kannada,Coastal Karnataka,14.79,74.69,0.00,1.10,-100.00,2026/DAILY CUM STATISTICS_APR 2026/daily dated 27.04.2026.xls
2026-04-28,492,Dakshina Kannada,Coastal Karnataka,12.84,74.86,4.80,1.70,185.00,2026/DAILY CUM STATISTICS_APR 2026/daily dated 28.04.2026.xls
2026-04-28,493,Udupi,Coastal Karnataka,13.34,74.74,0.60,1.20,-53.00,2026/DAILY CUM STATISTICS_APR 2026/daily dated 28.04.2026.xls
2026-04-28,494,Uttara Kannada,Coastal Karnataka,14.79,74.69,0.00,1.00,-100.00,2026/DAILY CUM STATISTICS_APR 2026/daily dated 28.04.2026.xls
2026-04-29,492,Dakshina Kannada,Coastal Karnataka,12.84,74.86,0.20,1.30,-87.00,2026/DAILY CUM STATISTICS_APR 2026/daily dated 29.04.2026.xls
2026-04-29,493,Udupi,Coastal Karnataka,13.34,74.74,0.00,0.80,-100.00,2026/DAILY CUM STATISTICS_APR 2026/daily dated 29.04.2026.xls
2026-04-29,494,Uttara Kannada,Coastal Karnataka,14.79,74.69,0.10,0.70,-84.00,2026/DAILY CUM STATISTICS_APR 2026/daily dated 29.04.2026.xls
2026-04-30,492,Dakshina Kannada,Coastal Karnataka,12.84,74.86,0.60,1.80,-65.00,2026/DAILY CUM STATISTICS_APR 2026/daily dated 30.04.2026.xls
2026-04-30,493,Udupi,Coastal Karnataka,13.34,74.74,0.00,1.20,-100.00,2026/DAILY CUM STATISTICS_APR 2026/daily dated 30.04.2026.xls
2026-04-30,494,Uttara Kannada,Coastal Karnataka,14.79,74.69,0.10,0.80,-85.00,2026/DAILY CUM STATISTICS_APR 2026/daily dated 30.04.2026.xls
2026-05-01,492,Dakshina Kannada,Coastal Karnataka,12.84,74.86,0.20,3.30,-93.00,2026/DAILY CUM STATISTICS_MAY 2026/daily dated 01.05.2026.xls
2026-05-01,493,Udupi,Coastal Karnataka,13.34,74.74,0.20,1.10,-82.00,2026/DAILY CUM STATISTICS_MAY 2026/daily dated 01.05.2026.xls
2026-05-01,494,Uttara Kannada,Coastal Karnataka,14.79,74.69,0.00,0.70,-100.00,2026/DAILY CUM STATISTICS_MAY 2026/daily dated 01.05.2026.xls
2026-05-02,492,Dakshina Kannada,Coastal Karnataka,12.84,74.86,0.00,2.40,-100.00,2026/DAILY CUM STATISTICS_MAY 2026/daily dated 02.05.2026.xls
2026-05-02,493,Udupi,Coastal Karnataka,13.34,74.74,0.00,0.30,-100.00,2026/DAILY CUM STATISTICS_MAY 2026/daily dated 02.05.2026.xls
2026-05-02,494,Uttara Kannada,Coastal Karnataka,14.79,74.69,0.00,0.90,-100.00,2026/DAILY CUM STATISTICS_MAY 2026/daily dated 02.05.2026.xls
2026-05-03,492,Dakshina Kannada,Coastal Karnataka,12.84,74.86,0.00,1.90,-100.00,2026/DAILY CUM STATISTICS_MAY 2026/daily dated 03.05.2026.xls
2026-05-03,493,Udupi,Coastal Karnataka,13.34,74.74,0.00,1.30,-100.00,2026/DAILY CUM STATISTICS_MAY 2026/daily dated 03.05.2026.xls
2026-05-03,494,Uttara Kannada,Coastal Karnataka,14.79,74.69,0.00,1.10,-100.00,2026/DAILY CUM STATISTICS_MAY 2026/daily dated 03.05.2026.xls
2026-05-04,492,Dakshina Kannada,Coastal Karnataka,12.84,74.86,0.00,3.20,-100.00,2026/DAILY CUM STATISTICS_MAY 2026/daily dated 04.05.2026.xls
2026-05-04,493,Udupi,Coastal Karnataka,13.34,74.74,0.00,2.30,-100.00,2026/DAILY CUM STATISTICS_MAY 2026/daily dated 04.05.2026.xls
2026-05-04,494,Uttara Kannada,Coastal Karnataka,14.79,74.69,0.00,1.00,-100.00,2026/DAILY CUM STATISTICS_MAY 2026/daily dated 04.05.2026.xls
2026-05-05,492,Dakshina Kannada,Coastal Karnataka,12.84,74.86,0.00,3.10,-100.00,2026/DAILY CUM STATISTICS_MAY 2026/daily dated 05.05.2026.xls
2026-05-05,493,Udupi,Coastal Karnataka,13.34,74.74,0.00,2.60,-100.00,2026/DAILY CUM STATISTICS_MAY 2026/daily dated 05.05.2026.xls
2026-05-05,494,Uttara Kannada,Coastal Karnataka,14.79,74.69,0.00,1.10,-100.00,2026/DAILY CUM STATISTICS_MAY 2026/daily dated 05.05.2026.xls
2026-05-06,492,Dakshina Kannada,Coastal Karnataka,12.84,74.86,8.60,3.70,133.00,2026/DAILY CUM STATISTICS_MAY 2026/daily dated 06.05.2026.xls
2026-05-06,493,Udupi,Coastal Karnataka,13.34,74.74,0.00,2.70,-100.00,2026/DAILY CUM STATISTICS_MAY 2026/daily dated 06.05.2026.xls
2026-05-06,494,Uttara Kannada,Coastal Karnataka,14.79,74.69,0.00,1.50,-100.00,2026/DAILY CUM STATISTICS_MAY 2026/daily dated 06.05.2026.xls
2026-05-07,492,Dakshina Kannada,Coastal Karnataka,12.84,74.86,0.00,3.70,-100.00,2026/DAILY CUM STATISTICS_MAY 2026/daily dated 07.05.2026.xls
2026-05-07,493,Udupi,Coastal Karnataka,13.34,74.74,0.00,2.50,-100.00,2026/DAILY CUM STATISTICS_MAY 2026/daily dated 07.05.2026.xls
2026-05-07,494,Uttara Kannada,Coastal Karnataka,14.79,74.69,0.00,1.60,-100.00,2026/DAILY CUM STATISTICS_MAY 2026/daily dated 07.05.2026.xls
2026-05-08,492,Dakshina Kannada,Coastal Karnataka,12.84,74.86,1.30,3.90,-68.00,2026/DAILY CUM STATISTICS_MAY 2026/daily dated 08.05.2026.xls
2026-05-08,493,Udupi,Coastal Karnataka,13.34,74.74,14.80,2.00,641.00,2026/DAILY CUM STATISTICS_MAY 2026/daily dated 08.05.2026.xls
2026-05-08,494,Uttara Kannada,Coastal Karnataka,14.79,74.69,0.90,2.10,-55.00,2026/DAILY CUM STATISTICS_MAY 2026/daily dated 08.05.2026.xls
2026-05-09,492,Dakshina Kannada,Coastal Karnataka,12.84,74.86,8.60,5.60,53.00,2026/DAILY CUM STATISTICS_MAY 2026/daily dated 09.05.2026.xls
2026-05-09,493,Udupi,Coastal Karnataka,13.34,74.74,3.40,3.70,-7.00,2026/DAILY CUM STATISTICS_MAY 2026/daily dated 09.05.2026.xls
2026-05-09,494,Uttara Kannada,Coastal Karnataka,14.79,74.69,0.00,2.10,-100.00,2026/DAILY CUM STATISTICS_MAY 2026/daily dated 09.05.2026.xls
2026-05-10,492,Dakshina Kannada,Coastal Karnataka,12.84,74.86,7.00,4.50,54.00,2026/DAILY CUM STATISTICS_MAY 2026/daily dated 10.05.2026.xls
2026-05-10,493,Udupi,Coastal Karnataka,13.34,74.74,1.30,3.30,-61.00,2026/DAILY CUM STATISTICS_MAY 2026/daily dated 10.05.2026.xls
2026-05-10,494,Uttara Kannada,Coastal Karnataka,14.79,74.69,0.50,1.00,-50.00,2026/DAILY CUM STATISTICS_MAY 2026/daily dated 10.05.2026.xls
2026-05-11,492,Dakshina Kannada,Coastal Karnataka,12.84,74.86,0.60,2.80,-79.00,2026/DAILY CUM STATISTICS_MAY 2026/daily dated 11.05.2026.xls
2026-05-11,493,Udupi,Coastal Karnataka,13.34,74.74,0.20,1.90,-89.00,2026/DAILY CUM STATISTICS_MAY 2026/daily dated 11.05.2026.xls
2026-05-11,494,Uttara Kannada,Coastal Karnataka,14.79,74.69,1.90,0.90,115.00,2026/DAILY CUM STATISTICS_MAY 2026/daily dated 11.05.2026.xls
2026-05-12,492,Dakshina Kannada,Coastal Karnataka,12.84,74.86,4.00,4.50,-12.00,2026/DAILY CUM STATISTICS_MAY 2026/daily dated 12.05.2026.xls
2026-05-12,493,Udupi,Coastal Karnataka,13.34,74.74,0.40,2.10,-83.00,2026/DAILY CUM STATISTICS_MAY 2026/daily dated 12.05.2026.xls
2026-05-12,494,Uttara Kannada,Coastal Karnataka,14.79,74.69,1.90,1.40,33.00,2026/DAILY CUM STATISTICS_MAY 2026/daily dated 12.05.2026.xls
2026-05-13,492,Dakshina Kannada,Coastal Karnataka,12.84,74.86,22.50,3.60,525.00,2026/DAILY CUM STATISTICS_MAY 2026/daily dated 13.05.2026.xls
2026-05-13,493,Udupi,Coastal Karnataka,13.34,74.74,2.20,2.00,10.00,2026/DAILY CUM STATISTICS_MAY 2026/daily dated 13.05.2026.xls
2026-05-13,494,Uttara Kannada,Coastal Karnataka,14.79,74.69,7.90,1.50,425.00,2026/DAILY CUM STATISTICS_MAY 2026/daily dated 13.05.2026.xls
2026-05-14,492,Dakshina Kannada,Coastal Karnataka,12.84,74.86,0.80,3.10,-75.00,2026/DAILY CUM STATISTICS_MAY 2026/daily dated 14.05.2026.xls
2026-05-14,493,Udupi,Coastal Karnataka,13.34,74.74,0.00,2.30,-100.00,2026/DAILY CUM STATISTICS_MAY 2026/daily dated 14.05.2026.xls
2026-05-14,494,Uttara Kannada,Coastal Karnataka,14.79,74.69,1.30,1.80,-29.00,2026/DAILY CUM STATISTICS_MAY 2026/daily dated 14.05.2026.xls
2026-05-15,492,Dakshina Kannada,Coastal Karnataka,12.84,74.86,11.70,7.30,60.00,2026/DAILY CUM STATISTICS_MAY 2026/daily dated 15.05.2026.xls
2026-05-15,493,Udupi,Coastal Karnataka,13.34,74.74,7.40,4.30,72.00,2026/DAILY CUM STATISTICS_MAY 2026/daily dated 15.05.2026.xls
2026-05-15,494,Uttara Kannada,Coastal Karnataka,14.79,74.69,28.60,3.60,695.00,2026/DAILY CUM STATISTICS_MAY 2026/daily dated 15.05.2026.xls
2026-05-16,492,Dakshina Kannada,Coastal Karnataka,12.84,74.86,0.00,4.90,-100.00,2026/DAILY CUM STATISTICS_MAY 2026/daily dated 16.05.2026.xls
2026-05-16,493,Udupi,Coastal Karnataka,13.34,74.74,0.00,4.20,-100.00,2026/DAILY CUM STATISTICS_MAY 2026/daily dated 16.05.2026.xls
2026-05-16,494,Uttara Kannada,Coastal Karnataka,14.79,74.69,0.00,1.70,-100.00,2026/DAILY CUM STATISTICS_MAY 2026/daily dated 16.05.2026.xls
2026-05-17,492,Dakshina Kannada,Coastal Karnataka,12.84,74.86,20.90,4.10,409.00,2026/DAILY CUM STATISTICS_MAY 2026/daily dated 17.05.2026.xls
2026-05-17,493,Udupi,Coastal Karnataka,13.34,74.74,1.60,3.50,-54.00,2026/DAILY CUM STATISTICS_MAY 2026/daily dated 17.05.2026.xls
2026-05-17,494,Uttara Kannada,Coastal Karnataka,14.79,74.69,5.90,2.90,102.00,2026/DAILY CUM STATISTICS_MAY 2026/daily dated 17.05.2026.xls
2026-05-18,492,Dakshina Kannada,Coastal Karnataka,12.84,74.86,2.10,5.00,-57.00,2026/DAILY CUM STATISTICS_MAY 2026/daily dated 18.05.2026.xls
2026-05-18,493,Udupi,Coastal Karnataka,13.34,74.74,4.10,6.20,-33.00,2026/DAILY CUM STATISTICS_MAY 2026/daily dated 18.05.2026.xls
2026-05-18,494,Uttara Kannada,Coastal Karnataka,14.79,74.69,14.30,3.30,332.00,2026/DAILY CUM STATISTICS_MAY 2026/daily dated 18.05.2026.xls
2026-05-19,492,Dakshina Kannada,Coastal Karnataka,12.84,74.86,2.10,6.10,-65.00,2026/DAILY CUM STATISTICS_MAY 2026/daily dated 19.05.2026.xls
2026-05-19,493,Udupi,Coastal Karnataka,13.34,74.74,10.20,6.00,70.00,2026/DAILY CUM STATISTICS_MAY 2026/daily dated 19.05.2026.xls
2026-05-19,494,Uttara Kannada,Coastal Karnataka,14.79,74.69,2.60,3.80,-31.00,2026/DAILY CUM STATISTICS_MAY 2026/daily dated 19.05.2026.xls
2026-05-20,492,Dakshina Kannada,Coastal Karnataka,12.84,74.86,3.30,6.70,-50.00,2026/DAILY CUM STATISTICS_MAY 2026/daily dated 20.05.2026.xls
2026-05-20,493,Udupi,Coastal Karnataka,13.34,74.74,0.30,6.30,-95.00,2026/DAILY CUM STATISTICS_MAY 2026/daily dated 20.05.2026.xls
2026-05-20,494,Uttara Kannada,Coastal Karnataka,14.79,74.69,0.40,3.20,-88.00,2026/DAILY CUM STATISTICS_MAY 2026/daily dated 20.05.2026.xls
2026-05-21,492,Dakshina Kannada,Coastal Karnataka,12.84,74.86,0.70,6.00,-89.00,2026/DAILY CUM STATISTICS_MAY 2026/daily dated 21.05.2026.xls
2026-05-21,493,Udupi,Coastal Karnataka,13.34,74.74,0.00,6.70,-99.00,2026/DAILY CUM STATISTICS_MAY 2026/daily dated 21.05.2026.xls
2026-05-21,494,Uttara Kannada,Coastal Karnataka,14.79,74.69,0.20,3.00,-95.00,2026/DAILY CUM STATISTICS_MAY 2026/daily dated 21.05.2026.xls
2026-05-22,492,Dakshina Kannada,Coastal Karnataka,12.84,74.86,7.10,4.90,45.00,2026/DAILY CUM STATISTICS_MAY 2026/daily dated 22.05.2026.xls
2026-05-22,493,Udupi,Coastal Karnataka,13.34,74.74,3.70,5.90,-37.00,2026/DAILY CUM STATISTICS_MAY 2026/daily dated 22.05.2026.xls
2026-05-22,494,Uttara Kannada,Coastal Karnataka,14.79,74.69,0.10,3.50,-98.00,2026/DAILY CUM STATISTICS_MAY 2026/daily dated 22.05.2026.xls
2026-05-23,492,Dakshina Kannada,Coastal Karnataka,12.84,74.86,1.70,3.70,-55.00,2026/DAILY CUM STATISTICS_MAY 2026/daily dated 23.05.2026.xls
2026-05-23,493,Udupi,Coastal Karnataka,13.34,74.74,0.10,3.60,-98.00,2026/DAILY CUM STATISTICS_MAY 2026/daily dated 23.05.2026.xls
2026-05-23,494,Uttara Kannada,Coastal Karnataka,14.79,74.69,0.20,2.10,-90.00,2026/DAILY CUM STATISTICS_MAY 2026/daily dated 23.05.2026.xls
2026-05-24,492,Dakshina Kannada,Coastal Karnataka,12.84,74.86,8.10,4.60,77.00,2026/DAILY CUM STATISTICS_MAY 2026/daily dated 24.05.2026.xls
2026-05-24,493,Udupi,Coastal Karnataka,13.34,74.74,49.00,5.10,861.00,2026/DAILY CUM STATISTICS_MAY 2026/daily dated 24.05.2026.xls
2026-05-24,494,Uttara Kannada,Coastal Karnataka,14.79,74.69,60.00,3.20,1775.00,2026/DAILY CUM STATISTICS_MAY 2026/daily dated 24.05.2026.xls
2026-05-25,492,Dakshina Kannada,Coastal Karnataka,12.84,74.86,0.00,6.30,-100.00,2026/DAILY CUM STATISTICS_MAY 2026/daily dated 25.05.2026.xls
2026-05-25,493,Udupi,Coastal Karnataka,13.34,74.74,0.10,7.30,-99.00,2026/DAILY CUM STATISTICS_MAY 2026/daily dated 25.05.2026.xls
2026-05-25,494,Uttara Kannada,Coastal Karnataka,14.79,74.69,0.10,3.20,-97.00,2026/DAILY CUM STATISTICS_MAY 2026/daily dated 25.05.2026.xls
2026-05-26,492,Dakshina Kannada,Coastal Karnataka,12.84,74.86,0.00,7.30,-100.00,2026/DAILY CUM STATISTICS_MAY 2026/daily dated 26.05.2026.xls
2026-05-26,493,Udupi,Coastal Karnataka,13.34,74.74,0.00,6.40,-100.00,2026/DAILY CUM STATISTICS_MAY 2026/daily dated 26.05.2026.xls
2026-05-26,494,Uttara Kannada,Coastal Karnataka,14.79,74.69,0.50,2.60,-81.00,2026/DAILY CUM STATISTICS_MAY 2026/daily dated 26.05.2026.xls
2026-05-27,492,Dakshina Kannada,Coastal Karnataka,12.84,74.86,0.20,7.10,-97.00,2026/DAILY CUM STATISTICS_MAY 2026/daily dated 27.05.2026.xls
2026-05-27,493,Udupi,Coastal Karnataka,13.34,74.74,5.20,5.90,-11.00,2026/DAILY CUM STATISTICS_MAY 2026/daily dated 27.05.2026.xls
2026-05-27,494,Uttara Kannada,Coastal Karnataka,14.79,74.69,3.80,3.90,-3.00,2026/DAILY CUM STATISTICS_MAY 2026/daily dated 27.05.2026.xls
2026-05-28,492,Dakshina Kannada,Coastal Karnataka,12.84,74.86,1.60,10.70,-85.00,2026/DAILY CUM STATISTICS_MAY 2026/daily dated 28.05.2026.xls
2026-05-28,493,Udupi,Coastal Karnataka,13.34,74.74,5.80,10.40,-45.00,2026/DAILY CUM STATISTICS_MAY 2026/daily dated 28.05.2026.xls
2026-05-28,494,Uttara Kannada,Coastal Karnataka,14.79,74.69,3.40,4.20,-20.00,2026/DAILY CUM STATISTICS_MAY 2026/daily dated 28.05.2026.xls
2026-05-29,492,Dakshina Kannada,Coastal Karnataka,12.84,74.86,0.00,11.20,-100.00,2026/DAILY CUM STATISTICS_MAY 2026/daily dated 29.05.2026.xls
2026-05-29,493,Udupi,Coastal Karnataka,13.34,74.74,0.20,9.10,-97.00,2026/DAILY CUM STATISTICS_MAY 2026/daily dated 29.05.2026.xls
2026-05-29,494,Uttara Kannada,Coastal Karnataka,14.79,74.69,0.70,4.90,-87.00,2026/DAILY CUM STATISTICS_MAY 2026/daily dated 29.05.2026.xls
2026-05-30,492,Dakshina Kannada,Coastal Karnataka,12.84,74.86,7.40,12.90,-42.00,2026/DAILY CUM STATISTICS_MAY 2026/daily dated 30.05.2026.xls
2026-05-30,493,Udupi,Coastal Karnataka,13.34,74.74,4.80,12.40,-61.00,2026/DAILY CUM STATISTICS_MAY 2026/daily dated 30.05.2026.xls
2026-05-30,494,Uttara Kannada,Coastal Karnataka,14.79,74.69,1.40,7.50,-82.00,2026/DAILY CUM STATISTICS_MAY 2026/daily dated 30.05.2026.xls
2026-05-31,492,Dakshina Kannada,Coastal Karnataka,12.84,74.86,7.40,11.80,-37.00,2026/DAILY CUM STATISTICS_MAY 2026/daily dated 31.05.2026.xls
2026-05-31,493,Udupi,Coastal Karnataka,13.34,74.74,4.80,10.90,-56.00,2026/DAILY CUM STATISTICS_MAY 2026/daily dated 31.05.2026.xls
2026-05-31,494,Uttara Kannada,Coastal Karnataka,14.79,74.69,0.00,6.90,-100.00,2026/DAILY CUM STATISTICS_MAY 2026/daily dated 31.05.2026.xls
2026-06-01,492,Dakshina Kannada,Coastal Karnataka,12.84,74.86,8.40,11.20,-25.00,2026/DAILY CUM STATISTICS_JUN 2026/daily dated 01.06.2026.xls
2026-06-01,493,Udupi,Coastal Karnataka,13.34,74.74,0.00,12.60,-100.00,2026/DAILY CUM STATISTICS_JUN 2026/daily dated 01.06.2026.xls
2026-06-01,494,Uttara Kannada,Coastal Karnataka,14.79,74.69,0.00,8.70,-100.00,2026/DAILY CUM STATISTICS_JUN 2026/daily dated 01.06.2026.xls
2026-06-02,492,Dakshina Kannada,Coastal Karnataka,12.84,74.86,5.80,12.70,-55.00,2026/DAILY CUM STATISTICS_JUN 2026/daily dated 02.06.2026.xls
2026-06-02,493,Udupi,Coastal Karnataka,13.34,74.74,0.10,13.00,-99.00,2026/DAILY CUM STATISTICS_JUN 2026/daily dated 02.06.2026.xls
2026-06-02,494,Uttara Kannada,Coastal Karnataka,14.79,74.69,3.70,7.40,-49.00,2026/DAILY CUM STATISTICS_JUN 2026/daily dated 02.06.2026.xls
2026-06-03,492,Dakshina Kannada,Coastal Karnataka,12.84,74.86,25.60,17.70,44.00,2026/DAILY CUM STATISTICS_JUN 2026/daily dated 03.06.2026.xls
2026-06-03,493,Udupi,Coastal Karnataka,13.34,74.74,37.40,20.10,86.00,2026/DAILY CUM STATISTICS_JUN 2026/daily dated 03.06.2026.xls
2026-06-03,494,Uttara Kannada,Coastal Karnataka,14.79,74.69,8.60,11.70,-26.00,2026/DAILY CUM STATISTICS_JUN 2026/daily dated 03.06.2026.xls
2026-06-04,492,Dakshina Kannada,Coastal Karnataka,12.84,74.86,3.10,13.60,-77.00,2026/DAILY CUM STATISTICS_JUN 2026/daily dated 04.06.2026.xls
2026-06-04,493,Udupi,Coastal Karnataka,13.34,74.74,3.40,18.90,-82.00,2026/DAILY CUM STATISTICS_JUN 2026/daily dated 04.06.2026.xls
2026-06-04,494,Uttara Kannada,Coastal Karnataka,14.79,74.69,5.90,11.10,-47.00,2026/DAILY CUM STATISTICS_JUN 2026/daily dated 04.06.2026.xls
2026-06-05,492,Dakshina Kannada,Coastal Karnataka,12.84,74.86,22.90,20.00,14.00,2026/DAILY CUM STATISTICS_JUN 2026/daily dated 05.06.2026.xls
2026-06-05,493,Udupi,Coastal Karnataka,13.34,74.74,15.70,20.80,-25.00,2026/DAILY CUM STATISTICS_JUN 2026/daily dated 05.06.2026.xls
2026-06-05,494,Uttara Kannada,Coastal Karnataka,14.79,74.69,32.50,13.00,150.00,2026/DAILY CUM STATISTICS_JUN 2026/daily dated 05.06.2026.xls
2026-06-06,492,Dakshina Kannada,Coastal Karnataka,12.84,74.86,37.50,26.60,41.00,2026/DAILY CUM STATISTICS_JUN 2026/daily dated 06.06.2026.xls
2026-06-06,493,Udupi,Coastal Karnataka,13.34,74.74,26.60,27.60,-4.00,2026/DAILY CUM STATISTICS_JUN 2026/daily dated 06.06.2026.xls
2026-06-06,494,Uttara Kannada,Coastal Karnataka,14.79,74.69,11.30,17.60,-36.00,2026/DAILY CUM STATISTICS_JUN 2026/daily dated 06.06.2026.xls
2026-06-07,492,Dakshina Kannada,Coastal Karnataka,12.84,74.86,29.70,22.40,33.00,2026/DAILY CUM STATISTICS_JUN 2026/daily dated 07.06.2026.xls
2026-06-07,493,Udupi,Coastal Karnataka,13.34,74.74,11.70,31.20,-63.00,2026/DAILY CUM STATISTICS_JUN 2026/daily dated 07.06.2026.xls
2026-06-07,494,Uttara Kannada,Coastal Karnataka,14.79,74.69,26.30,20.00,32.00,2026/DAILY CUM STATISTICS_JUN 2026/daily dated 07.06.2026.xls
2026-06-08,492,Dakshina Kannada,Coastal Karnataka,12.84,74.86,7.90,25.50,-69.00,2026/DAILY CUM STATISTICS_JUN 2026/daily dated 08.06.2026.xls
2026-06-08,493,Udupi,Coastal Karnataka,13.34,74.74,21.90,31.90,-31.00,2026/DAILY CUM STATISTICS_JUN 2026/daily dated 08.06.2026.xls
2026-06-08,494,Uttara Kannada,Coastal Karnataka,14.79,74.69,29.20,19.20,52.00,2026/DAILY CUM STATISTICS_JUN 2026/daily dated 08.06.2026.xls
2026-06-09,492,Dakshina Kannada,Coastal Karnataka,12.84,74.86,24.20,27.20,-11.00,2026/DAILY CUM STATISTICS_JUN 2026/daily dated 09.06.2026.xls
2026-06-09,493,Udupi,Coastal Karnataka,13.34,74.74,32.10,33.40,-4.00,2026/DAILY CUM STATISTICS_JUN 2026/daily dated 09.06.2026.xls
2026-06-09,494,Uttara Kannada,Coastal Karnataka,14.79,74.69,25.90,18.10,43.00,2026/DAILY CUM STATISTICS_JUN 2026/daily dated 09.06.2026.xls
2026-06-10,492,Dakshina Kannada,Coastal Karnataka,12.84,74.86,16.50,25.10,-34.00,2026/DAILY CUM STATISTICS_JUN 2026/daily dated 10.06.2026.xls
2026-06-10,493,Udupi,Coastal Karnataka,13.34,74.74,13.80,34.30,-60.00,2026/DAILY CUM STATISTICS_JUN 2026/daily dated 10.06.2026.xls
2026-06-10,494,Uttara Kannada,Coastal Karnataka,14.79,74.69,17.50,21.80,-20.00,2026/DAILY CUM STATISTICS_JUN 2026/daily dated 10.06.2026.xls
2026-06-11,492,Dakshina Kannada,Coastal Karnataka,12.84,74.86,23.90,31.50,-24.00,2026/DAILY CUM STATISTICS_JUN 2026/daily dated 11.06.2026.xls
2026-06-11,493,Udupi,Coastal Karnataka,13.34,74.74,21.50,38.20,-44.00,2026/DAILY CUM STATISTICS_JUN 2026/daily dated 11.06.2026.xls
2026-06-11,494,Uttara Kannada,Coastal Karnataka,14.79,74.69,15.50,23.70,-35.00,2026/DAILY CUM STATISTICS_JUN 2026/daily dated 11.06.2026.xls
2026-06-12,492,Dakshina Kannada,Coastal Karnataka,12.84,74.86,8.40,33.00,-74.00,2026/DAILY CUM STATISTICS_JUN 2026/daily dated 12.06.2026.xls
2026-06-12,493,Udupi,Coastal Karnataka,13.34,74.74,18.10,42.50,-57.00,2026/DAILY CUM STATISTICS_JUN 2026/daily dated 12.06.2026.xls
2026-06-12,494,Uttara Kannada,Coastal Karnataka,14.79,74.69,13.10,28.20,-54.00,2026/DAILY CUM STATISTICS_JUN 2026/daily dated 12.06.2026.xls
2026-06-13,492,Dakshina Kannada,Coastal Karnataka,12.84,74.86,23.40,33.70,-31.00,2026/DAILY CUM STATISTICS_JUN 2026/daily dated 13.06.2026.xls
2026-06-13,493,Udupi,Coastal Karnataka,13.34,74.74,13.80,46.10,-70.00,2026/DAILY CUM STATISTICS_JUN 2026/daily dated 13.06.2026.xls
2026-06-13,494,Uttara Kannada,Coastal Karnataka,14.79,74.69,4.20,25.60,-84.00,2026/DAILY CUM STATISTICS_JUN 2026/daily dated 13.06.2026.xls
2026-06-14,492,Dakshina Kannada,Coastal Karnataka,12.84,74.86,17.10,41.50,-59.00,2026/DAILY CUM STATISTICS_JUN 2026/daily dated 14.06.2026.xls
2026-06-14,493,Udupi,Coastal Karnataka,13.34,74.74,47.50,44.60,7.00,2026/DAILY CUM STATISTICS_JUN 2026/daily dated 14.06.2026.xls
2026-06-14,494,Uttara Kannada,Coastal Karnataka,14.79,74.69,13.70,27.20,-49.00,2026/DAILY CUM STATISTICS_JUN 2026/daily dated 14.06.2026.xls
2026-06-15,492,Dakshina Kannada,Coastal Karnataka,12.84,74.86,4.60,35.20,-87.00,2026/DAILY CUM STATISTICS_JUN 2026/daily dated 15.06.2026.xls
2026-06-15,493,Udupi,Coastal Karnataka,13.34,74.74,43.80,40.60,8.00,2026/DAILY CUM STATISTICS_JUN 2026/daily dated 15.06.2026.xls
2026-06-15,494,Uttara Kannada,Coastal Karnataka,14.79,74.69,0.40,27.10,-98.00,2026/DAILY CUM STATISTICS_JUN 2026/daily dated 15.06.2026.xls
2026-06-16,492,Dakshina Kannada,Coastal Karnataka,12.84,74.86,0.10,34.40,-99.00,2026/DAILY CUM STATISTICS_JUN 2026/daily dated 16.06.2026.xls
2026-06-16,493,Udupi,Coastal Karnataka,13.34,74.74,0.20,43.60,-99.00,2026/DAILY CUM STATISTICS_JUN 2026/daily dated 16.06.2026.xls
2026-06-16,494,Uttara Kannada,Coastal Karnataka,14.79,74.69,0.10,33.20,-99.00,2026/DAILY CUM STATISTICS_JUN 2026/daily dated 16.06.2026.xls
2026-06-17,492,Dakshina Kannada,Coastal Karnataka,12.84,74.86,2.80,36.70,-92.00,2026/DAILY CUM STATISTICS_JUN 2026/daily dated 17.06.2026.xls
2026-06-17,493,Udupi,Coastal Karnataka,13.34,74.74,0.80,43.60,-98.00,2026/DAILY CUM STATISTICS_JUN 2026/daily dated 17.06.2026.xls
2026-06-17,494,Uttara Kannada,Coastal Karnataka,14.79,74.69,0.20,33.90,-99.00,2026/DAILY CUM STATISTICS_JUN 2026/daily dated 17.06.2026.xls
2026-06-18,492,Dakshina Kannada,Coastal Karnataka,12.84,74.86,16.90,41.90,-60.00,2026/DAILY CUM STATISTICS_JUN 2026/daily dated 18.06.2026.xls
2026-06-18,493,Udupi,Coastal Karnataka,13.34,74.74,7.10,47.50,-85.00,2026/DAILY CUM STATISTICS_JUN 2026/daily dated 18.06.2026.xls
2026-06-18,494,Uttara Kannada,Coastal Karnataka,14.79,74.69,0.30,32.60,-99.00,2026/DAILY CUM STATISTICS_JUN 2026/daily dated 18.06.2026.xls
2026-06-19,492,Dakshina Kannada,Coastal Karnataka,12.84,74.86,4.80,39.00,-88.00,2026/DAILY CUM STATISTICS_JUN 2026/daily dated 19.06.2026.xls
2026-06-19,493,Udupi,Coastal Karnataka,13.34,74.74,7.70,48.00,-84.00,2026/DAILY CUM STATISTICS_JUN 2026/daily dated 19.06.2026.xls
2026-06-19,494,Uttara Kannada,Coastal Karnataka,14.79,74.69,7.00,34.20,-80.00,2026/DAILY CUM STATISTICS_JUN 2026/daily dated 19.06.2026.xls
2026-06-20,492,Dakshina Kannada,Coastal Karnataka,12.84,74.86,1.20,36.70,-97.00,2026/DAILY CUM STATISTICS_JUN 2026/daily dated 20.06.2026.xls
2026-06-20,493,Udupi,Coastal Karnataka,13.34,74.74,3.70,43.50,-91.00,2026/DAILY CUM STATISTICS_JUN 2026/daily dated 20.06.2026.xls
2026-06-20,494,Uttara Kannada,Coastal Karnataka,14.79,74.69,0.00,30.80,-100.00,2026/DAILY CUM STATISTICS_JUN 2026/daily dated 20.06.2026.xls
2026-06-21,492,Dakshina Kannada,Coastal Karnataka,12.84,74.86,0.00,35.80,-99.00,2026/DAILY CUM STATISTICS_JUN 2026/daily dated 21.06.2026.xls
2026-06-21,493,Udupi,Coastal Karnataka,13.34,74.74,0.00,39.00,-100.00,2026/DAILY CUM STATISTICS_JUN 2026/daily dated 21.06.2026.xls
2026-06-21,494,Uttara Kannada,Coastal Karnataka,14.79,74.69,0.00,26.40,-100.00,2026/DAILY CUM STATISTICS_JUN 2026/daily dated 21.06.2026.xls
2026-06-22,492,Dakshina Kannada,Coastal Karnataka,12.84,74.86,10.30,35.90,-71.00,2026/DAILY CUM STATISTICS_JUN 2026/daily dated 22.06.2026.xls
2026-06-22,493,Udupi,Coastal Karnataka,13.34,74.74,23.80,39.30,-40.00,2026/DAILY CUM STATISTICS_JUN 2026/daily dated 22.06.2026.xls
2026-06-22,494,Uttara Kannada,Coastal Karnataka,14.79,74.69,34.10,28.70,19.00,2026/DAILY CUM STATISTICS_JUN 2026/daily dated 22.06.2026.xls
2026-06-23,492,Dakshina Kannada,Coastal Karnataka,12.84,74.86,22.30,35.80,-38.00,2026/DAILY CUM STATISTICS_JUN 2026/daily dated 23.06.2026.xls
2026-06-23,493,Udupi,Coastal Karnataka,13.34,74.74,40.60,40.40,0.00,2026/DAILY CUM STATISTICS_JUN 2026/daily dated 23.06.2026.xls
2026-06-23,494,Uttara Kannada,Coastal Karnataka,14.79,74.69,45.80,28.80,59.00,2026/DAILY CUM STATISTICS_JUN 2026/daily dated 23.06.2026.xls
2026-06-24,492,Dakshina Kannada,Coastal Karnataka,12.84,74.86,11.80,37.40,-69.00,2026/DAILY CUM STATISTICS_JUN 2026/daily dated 24.06.2026.xls
2026-06-24,493,Udupi,Coastal Karnataka,13.34,74.74,27.50,41.10,-33.00,2026/DAILY CUM STATISTICS_JUN 2026/daily dated 24.06.2026.xls
2026-06-24,494,Uttara Kannada,Coastal Karnataka,14.79,74.69,28.10,27.90,1.00,2026/DAILY CUM STATISTICS_JUN 2026/daily dated 24.06.2026.xls
2026-06-25,492,Dakshina Kannada,Coastal Karnataka,12.84,74.86,11.30,34.80,-68.00,2026/DAILY CUM STATISTICS_JUN 2026/daily dated 25.06.2026.xls
2026-06-25,493,Udupi,Coastal Karnataka,13.34,74.74,31.70,40.40,-21.00,2026/DAILY CUM STATISTICS_JUN 2026/daily dated 25.06.2026.xls
2026-06-25,494,Uttara Kannada,Coastal Karnataka,14.79,74.69,31.80,26.90,18.00,2026/DAILY CUM STATISTICS_JUN 2026/daily dated 25.06.2026.xls
2026-06-26,492,Dakshina Kannada,Coastal Karnataka,12.84,74.86,24.90,39.30,-37.00,2026/DAILY CUM STATISTICS_JUN 2026/daily dated 26.06.2026.xls
2026-06-26,493,Udupi,Coastal Karnataka,13.34,74.74,21.40,42.60,-50.00,2026/DAILY CUM STATISTICS_JUN 2026/daily dated 26.06.2026.xls
2026-06-26,494,Uttara Kannada,Coastal Karnataka,14.79,74.69,14.40,30.40,-53.00,2026/DAILY CUM STATISTICS_JUN 2026/daily dated 26.06.2026.xls
2026-06-27,492,Dakshina Kannada,Coastal Karnataka,12.84,74.86,9.30,36.40,-75.00,2026/DAILY CUM STATISTICS_JUN 2026/daily dated 27.06.2026.xls
2026-06-27,493,Udupi,Coastal Karnataka,13.34,74.74,22.00,39.40,-44.00,2026/DAILY CUM STATISTICS_JUN 2026/daily dated 27.06.2026.xls
2026-06-27,494,Uttara Kannada,Coastal Karnataka,14.79,74.69,9.50,30.40,-69.00,2026/DAILY CUM STATISTICS_JUN 2026/daily dated 27.06.2026.xls
2026-06-28,492,Dakshina Kannada,Coastal Karnataka,12.84,74.86,4.10,38.60,-89.00,2026/DAILY CUM STATISTICS_JUN 2026/daily dated 28.06.2026.xls
2026-06-28,493,Udupi,Coastal Karnataka,13.34,74.74,13.80,44.50,-69.00,2026/DAILY CUM STATISTICS_JUN 2026/daily dated 28.06.2026.xls
2026-06-28,494,Uttara Kannada,Coastal Karnataka,14.79,74.69,18.00,28.20,-36.00,2026/DAILY CUM STATISTICS_JUN 2026/daily dated 28.06.2026.xls
2026-06-29,492,Dakshina Kannada,Coastal Karnataka,12.84,74.86,36.80,42.50,-13.00,2026/DAILY CUM STATISTICS_JUN 2026/daily dated 29.06.2026.xls
2026-06-29,493,Udupi,Coastal Karnataka,13.34,74.74,21.50,46.00,-53.00,2026/DAILY CUM STATISTICS_JUN 2026/daily dated 29.06.2026.xls
2026-06-29,494,Uttara Kannada,Coastal Karnataka,14.79,74.69,54.40,34.90,56.00,2026/DAILY CUM STATISTICS_JUN 2026/daily dated 29.06.2026.xls
2026-06-30,492,Dakshina Kannada,Coastal Karnataka,12.84,74.86,49.60,41.90,18.00,2026/DAILY CUM STATISTICS_JUN 2026/daily dated 30.06.2026.xls
2026-06-30,493,Udupi,Coastal Karnataka,13.34,74.74,81.10,45.40,79.00,2026/DAILY CUM STATISTICS_JUN 2026/daily dated 30.06.2026.xls
2026-06-30,494,Uttara Kannada,Coastal Karnataka,14.79,74.69,59.90,35.30,70.00,2026/DAILY CUM STATISTICS_JUN 2026/daily dated 30.06.2026.xls
2026-07-01,492,Dakshina Kannada,Coastal Karnataka,12.84,74.86,103.60,36.00,188.00,2026/DAILY CUM STATISTICS_JUL 2026/daily dated 01.07.2026.xls
2026-07-01,493,Udupi,Coastal Karnataka,13.34,74.74,75.60,43.10,75.00,2026/DAILY CUM STATISTICS_JUL 2026/daily dated 01.07.2026.xls
2026-07-01,494,Uttara Kannada,Coastal Karnataka,14.79,74.69,57.70,35.60,62.00,2026/DAILY CUM STATISTICS_JUL 2026/daily dated 01.07.2026.xls
2026-07-02,492,Dakshina Kannada,Coastal Karnataka,12.84,74.86,57.60,39.60,45.00,2026/DAILY CUM STATISTICS_JUL 2026/daily dated 02.07.2026.xls
2026-07-02,493,Udupi,Coastal Karnataka,13.34,74.74,31.20,47.80,-35.00,2026/DAILY CUM STATISTICS_JUL 2026/daily dated 02.07.2026.xls
2026-07-02,494,Uttara Kannada,Coastal Karnataka,14.79,74.69,43.10,34.90,23.00,2026/DAILY CUM STATISTICS_JUL 2026/daily dated 02.07.2026.xls
2026-07-03,492,Dakshina Kannada,Coastal Karnataka,12.84,74.86,27.80,37.40,-26.00,2026/DAILY CUM STATISTICS_JUL 2026/daily dated 03.07.2026.xls
2026-07-03,493,Udupi,Coastal Karnataka,13.34,74.74,28.90,45.50,-36.00,2026/DAILY CUM STATISTICS_JUL 2026/daily dated 03.07.2026.xls
2026-07-03,494,Uttara Kannada,Coastal Karnataka,14.79,74.69,29.60,35.70,-17.00,2026/DAILY CUM STATISTICS_JUL 2026/daily dated 03.07.2026.xls
2026-07-04,492,Dakshina Kannada,Coastal Karnataka,12.84,74.86,83.80,40.40,107.00,2026/DAILY CUM STATISTICS_JUL 2026/daily dated 04.07.2026.xls
2026-07-04,493,Udupi,Coastal Karnataka,13.34,74.74,73.10,41.50,76.00,2026/DAILY CUM STATISTICS_JUL 2026/daily dated 04.07.2026.xls
2026-07-04,494,Uttara Kannada,Coastal Karnataka,14.79,74.69,21.00,27.10,-23.00,2026/DAILY CUM STATISTICS_JUL 2026/daily dated 04.07.2026.xls
2026-07-05,492,Dakshina Kannada,Coastal Karnataka,12.84,74.86,13.20,33.30,-60.00,2026/DAILY CUM STATISTICS_JUL 2026/daily dated 05.07.2026.xls
2026-07-05,493,Udupi,Coastal Karnataka,13.34,74.74,33.20,43.70,-24.00,2026/DAILY CUM STATISTICS_JUL 2026/daily dated 05.07.2026.xls
2026-07-05,494,Uttara Kannada,Coastal Karnataka,14.79,74.69,58.20,31.50,85.00,2026/DAILY CUM STATISTICS_JUL 2026/daily dated 05.07.2026.xls
2026-07-06,492,Dakshina Kannada,Coastal Karnataka,12.84,74.86,30.50,30.40,0.00,2026/DAILY CUM STATISTICS_JUL 2026/daily dated 06.07.2026.xls
2026-07-06,493,Udupi,Coastal Karnataka,13.34,74.74,51.90,38.30,35.00,2026/DAILY CUM STATISTICS_JUL 2026/daily dated 06.07.2026.xls
2026-07-06,494,Uttara Kannada,Coastal Karnataka,14.79,74.69,35.50,25.60,39.00,2026/DAILY CUM STATISTICS_JUL 2026/daily dated 06.07.2026.xls
2026-07-07,492,Dakshina Kannada,Coastal Karnataka,12.84,74.86,45.90,35.80,28.00,2026/DAILY CUM STATISTICS_JUL 2026/daily dated 07.07.2026.xls
2026-07-07,493,Udupi,Coastal Karnataka,13.34,74.74,40.70,35.10,16.00,2026/DAILY CUM STATISTICS_JUL 2026/daily dated 07.07.2026.xls
2026-07-07,494,Uttara Kannada,Coastal Karnataka,14.79,74.69,52.80,26.70,98.00,2026/DAILY CUM STATISTICS_JUL 2026/daily dated 07.07.2026.xls
2026-07-08,492,Dakshina Kannada,Coastal Karnataka,12.84,74.86,42.80,36.80,16.00,2026/DAILY CUM STATISTICS_JUL 2026/daily dated 08.07.2026.xls
2026-07-08,493,Udupi,Coastal Karnataka,13.34,74.74,40.40,41.60,-3.00,2026/DAILY CUM STATISTICS_JUL 2026/daily dated 08.07.2026.xls
2026-07-08,494,Uttara Kannada,Coastal Karnataka,14.79,74.69,56.50,31.30,81.00,2026/DAILY CUM STATISTICS_JUL 2026/daily dated 08.07.2026.xls
2026-07-09,492,Dakshina Kannada,Coastal Karnataka,12.84,74.86,19.30,33.90,-43.00,2026/DAILY CUM STATISTICS_JUL 2026/daily dated 09.07.2026.xls
2026-07-09,493,Udupi,Coastal Karnataka,13.34,74.74,11.20,38.80,-71.00,2026/DAILY CUM STATISTICS_JUL 2026/daily dated 09.07.2026.xls
2026-07-09,494,Uttara Kannada,Coastal Karnataka,14.79,74.69,14.20,30.60,-54.00,2026/DAILY CUM STATISTICS_JUL 2026/daily dated 09.07.2026.xls
2026-07-10,492,Dakshina Kannada,Coastal Karnataka,12.84,74.86,10.50,38.70,-73.00,2026/DAILY CUM STATISTICS_JUL 2026/daily dated 10.07.2026.xls
2026-07-10,493,Udupi,Coastal Karnataka,13.34,74.74,6.70,42.70,-84.00,2026/DAILY CUM STATISTICS_JUL 2026/daily dated 10.07.2026.xls
2026-07-10,494,Uttara Kannada,Coastal Karnataka,14.79,74.69,8.20,28.30,-71.00,2026/DAILY CUM STATISTICS_JUL 2026/daily dated 10.07.2026.xls
2026-07-11,492,Dakshina Kannada,Coastal Karnataka,12.84,74.86,9.80,41.20,-76.00,2026/DAILY CUM STATISTICS_JUL 2026/daily dated 11.07.2026.xls
2026-07-11,493,Udupi,Coastal Karnataka,13.34,74.74,6.20,44.70,-86.00,2026/DAILY CUM STATISTICS_JUL 2026/daily dated 11.07.2026.xls
2026-07-11,494,Uttara Kannada,Coastal Karnataka,14.79,74.69,2.90,30.30,-91.00,2026/DAILY CUM STATISTICS_JUL 2026/daily dated 11.07.2026.xls
2026-07-12,492,Dakshina Kannada,Coastal Karnataka,12.84,74.86,3.00,39.40,-92.00,2026/DAILY CUM STATISTICS_JUL 2026/daily dated 12.07.2026.xls
2026-07-12,493,Udupi,Coastal Karnataka,13.34,74.74,6.00,39.40,-85.00,2026/DAILY CUM STATISTICS_JUL 2026/daily dated 12.07.2026.xls
2026-07-12,494,Uttara Kannada,Coastal Karnataka,14.79,74.69,0.80,30.10,-97.00,2026/DAILY CUM STATISTICS_JUL 2026/daily dated 12.07.2026.xls
2026-07-13,492,Dakshina Kannada,Coastal Karnataka,12.84,74.86,1.10,34.30,-97.00,2026/DAILY CUM STATISTICS_JUL 2026/daily dated 13.07.2026.xls
2026-07-13,493,Udupi,Coastal Karnataka,13.34,74.74,0.90,45.30,-98.00,2026/DAILY CUM STATISTICS_JUL 2026/daily dated 13.07.2026.xls
2026-07-13,494,Uttara Kannada,Coastal Karnataka,14.79,74.69,0.10,31.50,-99.00,2026/DAILY CUM STATISTICS_JUL 2026/daily dated 13.07.2026.xls
2026-07-14,492,Dakshina Kannada,Coastal Karnataka,12.84,74.86,0.20,40.70,-99.00,2026/DAILY CUM STATISTICS_JUL 2026/daily dated 14.07.2026.xls
2026-07-14,493,Udupi,Coastal Karnataka,13.34,74.74,0.20,46.10,-99.00,2026/DAILY CUM STATISTICS_JUL 2026/daily dated 14.07.2026.xls
2026-07-14,494,Uttara Kannada,Coastal Karnataka,14.79,74.69,0.00,34.00,-100.00,2026/DAILY CUM STATISTICS_JUL 2026/daily dated 14.07.2026.xls
2026-07-15,492,Dakshina Kannada,Coastal Karnataka,12.84,74.86,0.00,38.20,-99.00,2026/DAILY CUM STATISTICS_JUL 2026/daily dated 15.07.2026.xls
2026-07-15,493,Udupi,Coastal Karnataka,13.34,74.74,0.00,43.70,-100.00,2026/DAILY CUM STATISTICS_JUL 2026/daily dated 15.07.2026.xls
2026-07-15,494,Uttara Kannada,Coastal Karnataka,14.79,74.69,0.00,31.40,-100.00,2026/DAILY CUM STATISTICS_JUL 2026/daily dated 15.07.2026.xls
2026-07-16,492,Dakshina Kannada,Coastal Karnataka,12.84,74.86,0.30,37.70,-99.00,2026/DAILY CUM STATISTICS_JUL 2026/daily dated 16.07.2026.xls
2026-07-16,493,Udupi,Coastal Karnataka,13.34,74.74,0.70,44.10,-99.00,2026/DAILY CUM STATISTICS_JUL 2026/daily dated 16.07.2026.xls
2026-07-16,494,Uttara Kannada,Coastal Karnataka,14.79,74.69,0.00,35.00,-99.00,2026/DAILY CUM STATISTICS_JUL 2026/daily dated 16.07.2026.xls
2026-07-17,492,Dakshina Kannada,Coastal Karnataka,12.84,74.86,86.20,43.00,100.00,2026/DAILY CUM STATISTICS_JUL 2026/daily dated 17.07.2026.xls
2026-07-17,493,Udupi,Coastal Karnataka,13.34,74.74,86.50,47.20,83.00,2026/DAILY CUM STATISTICS_JUL 2026/daily dated 17.07.2026.xls
2026-07-17,494,Uttara Kannada,Coastal Karnataka,14.79,74.69,85.30,39.00,119.00,2026/DAILY CUM STATISTICS_JUL 2026/daily dated 17.07.2026.xls
2026-07-18,492,Dakshina Kannada,Coastal Karnataka,12.84,74.86,48.60,38.80,25.00,2026/DAILY CUM STATISTICS_JUL 2026/daily dated 18.07.2026.xls
2026-07-18,493,Udupi,Coastal Karnataka,13.34,74.74,58.00,45.50,27.00,2026/DAILY CUM STATISTICS_JUL 2026/daily dated 18.07.2026.xls
2026-07-18,494,Uttara Kannada,Coastal Karnataka,14.79,74.69,31.80,38.80,-18.00,2026/DAILY CUM STATISTICS_JUL 2026/daily dated 18.07.2026.xls
2026-07-19,492,Dakshina Kannada,Coastal Karnataka,12.84,74.86,26.90,36.30,-26.00,2026/DAILY CUM STATISTICS_JUL 2026/daily dated 19.07.2026.xls
2026-07-19,493,Udupi,Coastal Karnataka,13.34,74.74,18.80,41.50,-55.00,2026/DAILY CUM STATISTICS_JUL 2026/daily dated 19.07.2026.xls
2026-07-19,494,Uttara Kannada,Coastal Karnataka,14.79,74.69,11.20,33.30,-67.00,2026/DAILY CUM STATISTICS_JUL 2026/daily dated 19.07.2026.xls
2026-07-20,492,Dakshina Kannada,Coastal Karnataka,12.84,74.86,59.30,40.50,46.00,2026/DAILY CUM STATISTICS_JUL 2026/daily dated 20.07.2026.xls
2026-07-20,493,Udupi,Coastal Karnataka,13.34,74.74,57.20,45.60,25.00,2026/DAILY CUM STATISTICS_JUL 2026/daily dated 20.07.2026.xls
2026-07-20,494,Uttara Kannada,Coastal Karnataka,14.79,74.69,17.30,34.70,-50.00,2026/DAILY CUM STATISTICS_JUL 2026/daily dated 20.07.2026.xls
2026-07-21,492,Dakshina Kannada,Coastal Karnataka,12.84,74.86,40.80,38.30,7.00,2026/DAILY CUM STATISTICS_JUL 2026/daily dated 21.07.2026.xls
2026-07-21,493,Udupi,Coastal Karnataka,13.34,74.74,40.50,38.10,6.00,2026/DAILY CUM STATISTICS_JUL 2026/daily dated 21.07.2026.xls
2026-07-21,494,Uttara Kannada,Coastal Karnataka,14.79,74.69,46.10,33.80,36.00,2026/DAILY CUM STATISTICS_JUL 2026/daily dated 21.07.2026.xls
2026-07-22,492,Dakshina Kannada,Coastal Karnataka,12.84,74.86,28.90,39.60,-27.00,2026/DAILY CUM STATISTICS_JUL 2026/daily dated 22.07.2026.xls
2026-07-22,493,Udupi,Coastal Karnataka,13.34,74.74,15.40,41.30,-63.00,2026/DAILY CUM STATISTICS_JUL 2026/daily dated 22.07.2026.xls
2026-07-22,494,Uttara Kannada,Coastal Karnataka,14.79,74.69,25.60,36.00,-29.00,2026/DAILY CUM STATISTICS_JUL 2026/daily dated 22.07.2026.xls
2026-07-23,492,Dakshina Kannada,Coastal Karnataka,12.84,74.86,42.70,35.20,21.00,2026/DAILY CUM STATISTICS_JUL 2026/daily dated 23.07.2026.xls
2026-07-23,493,Udupi,Coastal Karnataka,13.34,74.74,38.70,43.00,-10.00,2026/DAILY CUM STATISTICS_JUL 2026/daily dated 23.07.2026.xls
2026-07-23,494,Uttara Kannada,Coastal Karnataka,14.79,74.69,33.50,35.30,-5.00,2026/DAILY CUM STATISTICS_JUL 2026/daily dated 23.07.2026.xls
2026-07-24,492,Dakshina Kannada,Coastal Karnataka,12.84,74.86,34.40,36.80,-7.00,2026/DAILY CUM STATISTICS_JUL 2026/daily dated 24.07.2026.xls
2026-07-24,493,Udupi,Coastal Karnataka,13.34,74.74,60.10,41.40,45.00,2026/DAILY CUM STATISTICS_JUL 2026/daily dated 24.07.2026.xls
2026-07-24,494,Uttara Kannada,Coastal Karnataka,14.79,74.69,27.20,31.70,-14.00,2026/DAILY CUM STATISTICS_JUL 2026/daily dated 24.07.2026.xls
2026-07-25,492,Dakshina Kannada,Coastal Karnataka,12.84,74.86,22.50,39.00,-42.00,2026/DAILY CUM STATISTICS_JUL 2026/daily dated 25.07.2026.xls
2026-07-25,493,Udupi,Coastal Karnataka,13.34,74.74,30.90,47.50,-35.00,2026/DAILY CUM STATISTICS_JUL 2026/daily dated 25.07.2026.xls
2026-07-25,494,Uttara Kannada,Coastal Karnataka,14.79,74.69,36.50,32.00,14.00,2026/DAILY CUM STATISTICS_JUL 2026/daily dated 25.07.2026.xls
2026-07-26,492,Dakshina Kannada,Coastal Karnataka,12.84,74.86,53.20,35.80,49.00,2026/DAILY CUM STATISTICS_JUL 2026/daily dated 26.07.2026.xls
2026-07-26,493,Udupi,Coastal Karnataka,13.34,74.74,49.20,37.40,32.00,2026/DAILY CUM STATISTICS_JUL 2026/daily dated 26.07.2026.xls
2026-07-26,494,Uttara Kannada,Coastal Karnataka,14.79,74.69,21.40,30.40,-30.00,2026/DAILY CUM STATISTICS_JUL 2026/daily dated 26.07.2026.xls
2026-07-27,492,Dakshina Kannada,Coastal Karnataka,12.84,74.86,26.30,37.80,-30.00,2026/DAILY CUM STATISTICS_JUL 2026/daily dated 27.07.2026.xls
2026-07-27,493,Udupi,Coastal Karnataka,13.34,74.74,24.10,38.70,-38.00,2026/DAILY CUM STATISTICS_JUL 2026/daily dated 27.07.2026.xls
2026-07-27,494,Uttara Kannada,Coastal Karnataka,14.79,74.69,13.70,30.20,-54.00,2026/DAILY CUM STATISTICS_JUL 2026/daily dated 27.07.2026.xls
2026-07-28,492,Dakshina Kannada,Coastal Karnataka,12.84,74.86,28.50,35.20,-19.00,2026/DAILY CUM STATISTICS_JUL 2026/daily dated 28.07.2026.xls
2026-07-28,493,Udupi,Coastal Karnataka,13.34,74.74,44.80,35.40,27.00,2026/DAILY CUM STATISTICS_JUL 2026/daily dated 28.07.2026.xls
2026-07-28,494,Uttara Kannada,Coastal Karnataka,14.79,74.69,34.00,28.80,18.00,2026/DAILY CUM STATISTICS_JUL 2026/daily dated 28.07.2026.xls
2026-07-29,492,Dakshina Kannada,Coastal Karnataka,12.84,74.86,35.60,33.30,7.00,2026/DAILY CUM STATISTICS_JUL 2026/daily dated 29.07.2026.xls
2026-07-29,493,Udupi,Coastal Karnataka,13.34,74.74,16.90,38.50,-56.00,2026/DAILY CUM STATISTICS_JUL 2026/daily dated 29.07.2026.xls
2026-07-29,494,Uttara Kannada,Coastal Karnataka,14.79,74.69,20.40,28.60,-29.00,2026/DAILY CUM STATISTICS_JUL 2026/daily dated 29.07.2026.xls
2026-07-30,492,Dakshina Kannada,Coastal Karnataka,12.84,74.86,22.80,32.70,-30.00,2026/DAILY CUM STATISTICS_JUL 2026/daily dated 30.07.2026.xls
2026-07-30,493,Udupi,Coastal Karnataka,13.34,74.74,18.90,36.60,-48.00,2026/DAILY CUM STATISTICS_JUL 2026/daily dated 30.07.2026.xls
2026-07-30,494,Uttara Kannada,Coastal Karnataka,14.79,74.69,6.70,28.20,-76.00,2026/DAILY CUM STATISTICS_JUL 2026/daily dated 30.07.2026.xls
2026-07-31,492,Dakshina Kannada,Coastal Karnataka,12.84,74.86,22.40,32.50,-31.00,2026/DAILY CUM STATISTICS_JUL 2026/daily dated 31.07.2026.xls
2026-07-31,493,Udupi,Coastal Karnataka,13.34,74.74,28.50,32.60,-13.00,2026/DAILY CUM STATISTICS_JUL 2026/daily dated 31.07.2026.xls
2026-07-31,494,Uttara Kannada,Coastal Karnataka,14.79,74.69,19.80,29.60,-33.00,2026/DAILY CUM STATISTICS_JUL 2026/daily dated 31.07.2026.xls
2026-08-01,492,Dakshina Kannada,Coastal Karnataka,12.84,74.86,58.30,34.30,70.00,2026/DAILY CUM STATISTICS_AUG 2026/daily dated 01.08.2026.xls
2026-08-01,493,Udupi,Coastal Karnataka,13.34,74.74,43.90,40.10,10.00,2026/DAILY CUM STATISTICS_AUG 2026/daily dated 01.08.2026.xls
2026-08-01,494,Uttara Kannada,Coastal Karnataka,14.79,74.69,31.30,30.10,4.00,2026/DAILY CUM STATISTICS_AUG 2026/daily dated 01.08.2026.xls
2026-08-02,492,Dakshina Kannada,Coastal Karnataka,12.84,74.86,110.30,40.00,176.00,2026/DAILY CUM STATISTICS_AUG 2026/daily dated 02.08.2026.xls
2026-08-02,493,Udupi,Coastal Karnataka,13.34,74.74,95.30,42.10,126.00,2026/DAILY CUM STATISTICS_AUG 2026/daily dated 02.08.2026.xls
2026-08-02,494,Uttara Kannada,Coastal Karnataka,14.79,74.69,51.70,30.90,67.00,2026/DAILY CUM STATISTICS_AUG 2026/daily dated 02.08.2026.xls
2026-08-03,492,Dakshina Kannada,Coastal Karnataka,12.84,74.86,50.80,32.70,55.00,2026/DAILY CUM STATISTICS_AUG 2026/daily dated 03.08.2026.xls
2026-08-03,493,Udupi,Coastal Karnataka,13.34,74.74,31.00,35.80,-14.00,2026/DAILY CUM STATISTICS_AUG 2026/daily dated 03.08.2026.xls
2026-08-03,494,Uttara Kannada,Coastal Karnataka,14.79,74.69,31.50,33.00,-5.00,2026/DAILY CUM STATISTICS_AUG 2026/daily dated 03.08.2026.xls
2026-08-04,492,Dakshina Kannada,Coastal Karnataka,12.84,74.86,84.60,36.10,134.00,2026/DAILY CUM STATISTICS_AUG 2026/daily dated 04.08.2026.xls
2026-08-04,493,Udupi,Coastal Karnataka,13.34,74.74,99.50,38.80,157.00,2026/DAILY CUM STATISTICS_AUG 2026/daily dated 04.08.2026.xls
2026-08-04,494,Uttara Kannada,Coastal Karnataka,14.79,74.69,37.10,34.10,9.00,2026/DAILY CUM STATISTICS_AUG 2026/daily dated 04.08.2026.xls
2026-08-05,492,Dakshina Kannada,Coastal Karnataka,12.84,74.86,40.40,35.10,15.00,2026/DAILY CUM STATISTICS_AUG 2026/daily dated 05.08.2026.xls
2026-08-05,493,Udupi,Coastal Karnataka,13.34,74.74,63.70,35.30,81.00,2026/DAILY CUM STATISTICS_AUG 2026/daily dated 05.08.2026.xls
2026-08-05,494,Uttara Kannada,Coastal Karnataka,14.79,74.69,33.90,31.20,9.00,2026/DAILY CUM STATISTICS_AUG 2026/daily dated 05.08.2026.xls
2026-08-06,492,Dakshina Kannada,Coastal Karnataka,12.84,74.86,30.20,33.10,-9.00,2026/DAILY CUM STATISTICS_AUG 2026/daily dated 06.08.2026.xls
2026-08-06,493,Udupi,Coastal Karnataka,13.34,74.74,24.90,33.20,-25.00,2026/DAILY CUM STATISTICS_AUG 2026/daily dated 06.08.2026.xls
2026-08-06,494,Uttara Kannada,Coastal Karnataka,14.79,74.69,10.80,28.40,-62.00,2026/DAILY CUM STATISTICS_AUG 2026/daily dated 06.08.2026.xls
2026-08-07,492,Dakshina Kannada,Coastal Karnataka,12.84,74.86,39.50,30.50,30.00,2026/DAILY CUM STATISTICS_AUG 2026/daily dated 07.08.2026.xls
2026-08-07,493,Udupi,Coastal Karnataka,13.34,74.74,30.60,32.10,-5.00,2026/DAILY CUM STATISTICS_AUG 2026/daily dated 07.08.2026.xls
2026-08-07,494,Uttara Kannada,Coastal Karnataka,14.79,74.69,28.20,29.30,-4.00,2026/DAILY CUM STATISTICS_AUG 2026/daily dated 07.08.2026.xls
2026-08-08,492,Dakshina Kannada,Coastal Karnataka,12.84,74.86,43.80,32.30,36.00,2026/DAILY CUM STATISTICS_AUG 2026/daily dated 08.08.2026.xls
2026-08-08,493,Udupi,Coastal Karnataka,13.34,74.74,17.30,39.70,-56.00,2026/DAILY CUM STATISTICS_AUG 2026/daily dated 08.08.2026.xls
2026-08-08,494,Uttara Kannada,Coastal Karnataka,14.79,74.69,19.00,30.60,-38.00,2026/DAILY CUM STATISTICS_AUG 2026/daily dated 08.08.2026.xls
2026-08-09,492,Dakshina Kannada,Coastal Karnataka,12.84,74.86,19.00,31.70,-40.00,2026/DAILY CUM STATISTICS_AUG 2026/daily dated 09.08.2026.xls
2026-08-09,493,Udupi,Coastal Karnataka,13.34,74.74,23.70,37.60,-37.00,2026/DAILY CUM STATISTICS_AUG 2026/daily dated 09.08.2026.xls
2026-08-09,494,Uttara Kannada,Coastal Karnataka,14.79,74.69,17.90,31.90,-44.00,2026/DAILY CUM STATISTICS_AUG 2026/daily dated 09.08.2026.xls
2026-08-10,492,Dakshina Kannada,Coastal Karnataka,12.84,74.86,17.40,34.00,-49.00,2026/DAILY CUM STATISTICS_AUG 2026/daily dated 10.08.2026.xls
2026-08-10,493,Udupi,Coastal Karnataka,13.34,74.74,13.90,38.30,-64.00,2026/DAILY CUM STATISTICS_AUG 2026/daily dated 10.08.2026.xls
2026-08-10,494,Uttara Kannada,Coastal Karnataka,14.79,74.69,6.60,29.60,-78.00,2026/DAILY CUM STATISTICS_AUG 2026/daily dated 10.08.2026.xls
2026-08-11,492,Dakshina Kannada,Coastal Karnataka,12.84,74.86,15.90,36.20,-56.00,2026/DAILY CUM STATISTICS_AUG 2026/daily dated 11.08.2026.xls
2026-08-11,493,Udupi,Coastal Karnataka,13.34,74.74,25.10,41.20,-39.00,2026/DAILY CUM STATISTICS_AUG 2026/daily dated 11.08.2026.xls
2026-08-11,494,Uttara Kannada,Coastal Karnataka,14.79,74.69,12.80,31.10,-59.00,2026/DAILY CUM STATISTICS_AUG 2026/daily dated 11.08.2026.xls
2026-08-12,492,Dakshina Kannada,Coastal Karnataka,12.84,74.86,15.10,38.80,-61.00,2026/DAILY CUM STATISTICS_AUG 2026/daily dated 12.08.2026.xls
2026-08-12,493,Udupi,Coastal Karnataka,13.34,74.74,21.50,44.00,-51.00,2026/DAILY CUM STATISTICS_AUG 2026/daily dated 12.08.2026.xls
2026-08-12,494,Uttara Kannada,Coastal Karnataka,14.79,74.69,16.50,31.30,-47.00,2026/DAILY CUM STATISTICS_AUG 2026/daily dated 12.08.2026.xls
2026-08-13,492,Dakshina Kannada,Coastal Karnataka,12.84,74.86,22.90,33.40,-31.00,2026/DAILY CUM STATISTICS_AUG 2026/daily dated 13.08.2026.xls
2026-08-13,493,Udupi,Coastal Karnataka,13.34,74.74,37.80,35.10,8.00,2026/DAILY CUM STATISTICS_AUG 2026/daily dated 13.08.2026.xls
2026-08-13,494,Uttara Kannada,Coastal Karnataka,14.79,74.69,22.10,29.60,-25.00,2026/DAILY CUM STATISTICS_AUG 2026/daily dated 13.08.2026.xls
2026-08-14,492,Dakshina Kannada,Coastal Karnataka,12.84,74.86,21.00,31.60,-34.00,2026/DAILY CUM STATISTICS_AUG 2026/daily dated 14.08.2026.xls
2026-08-14,493,Udupi,Coastal Karnataka,13.34,74.74,11.00,35.00,-69.00,2026/DAILY CUM STATISTICS_AUG 2026/daily dated 14.08.2026.xls
2026-08-14,494,Uttara Kannada,Coastal Karnataka,14.79,74.69,19.40,26.30,-26.00,2026/DAILY CUM STATISTICS_AUG 2026/daily dated 14.08.2026.xls
2026-08-15,492,Dakshina Kannada,Coastal Karnataka,12.84,74.86,23.60,28.50,-17.00,2026/DAILY CUM STATISTICS_AUG 2026/daily dated 15.08.2026.xls
2026-08-15,493,Udupi,Coastal Karnataka,13.34,74.74,29.60,30.60,-3.00,2026/DAILY CUM STATISTICS_AUG 2026/daily dated 15.08.2026.xls
2026-08-15,494,Uttara Kannada,Coastal Karnataka,14.79,74.69,13.70,24.40,-44.00,2026/DAILY CUM STATISTICS_AUG 2026/daily dated 15.08.2026.xls
2026-08-16,492,Dakshina Kannada,Coastal Karnataka,12.84,74.86,6.10,28.80,-79.00,2026/DAILY CUM STATISTICS_AUG 2026/daily dated 16.08.2026.xls
2026-08-16,493,Udupi,Coastal Karnataka,13.34,74.74,18.10,30.50,-41.00,2026/DAILY CUM STATISTICS_AUG 2026/daily dated 16.08.2026.xls
2026-08-16,494,Uttara Kannada,Coastal Karnataka,14.79,74.69,17.10,23.30,-27.00,2026/DAILY CUM STATISTICS_AUG 2026/daily dated 16.08.2026.xls
2026-08-17,492,Dakshina Kannada,Coastal Karnataka,12.84,74.86,18.70,32.10,-42.00,2026/DAILY CUM STATISTICS_AUG 2026/daily dated 17.08.2026.xls
2026-08-17,493,Udupi,Coastal Karnataka,13.34,74.74,20.00,33.70,-41.00,2026/DAILY CUM STATISTICS_AUG 2026/daily dated 17.08.2026.xls
2026-08-17,494,Uttara Kannada,Coastal Karnataka,14.79,74.69,13.20,25.90,-49.00,2026/DAILY CUM STATISTICS_AUG 2026/daily dated 17.08.2026.xls
2026-08-18,492,Dakshina Kannada,Coastal Karnataka,12.84,74.86,16.10,30.70,-48.00,2026/DAILY CUM STATISTICS_AUG 2026/daily dated 18.08.2026.xls
2026-08-18,493,Udupi,Coastal Karnataka,13.34,74.74,22.70,34.50,-34.00,2026/DAILY CUM STATISTICS_AUG 2026/daily dated 18.08.2026.xls
2026-08-18,494,Uttara Kannada,Coastal Karnataka,14.79,74.69,9.60,22.50,-57.00,2026/DAILY CUM STATISTICS_AUG 2026/daily dated 18.08.2026.xls
2026-08-19,492,Dakshina Kannada,Coastal Karnataka,12.84,74.86,31.80,24.80,28.00,2026/DAILY CUM STATISTICS_AUG 2026/daily dated 19.08.2026.xls
2026-08-19,493,Udupi,Coastal Karnataka,13.34,74.74,45.10,31.80,42.00,2026/DAILY CUM STATISTICS_AUG 2026/daily dated 19.08.2026.xls
2026-08-19,494,Uttara Kannada,Coastal Karnataka,14.79,74.69,13.90,21.00,-34.00,2026/DAILY CUM STATISTICS_AUG 2026/daily dated 19.08.2026.xls
2026-08-20,492,Dakshina Kannada,Coastal Karnataka,12.84,74.86,25.80,24.00,8.00,2026/DAILY CUM STATISTICS_AUG 2026/daily dated 20.08.2026.xls
2026-08-20,493,Udupi,Coastal Karnataka,13.34,74.74,37.20,25.40,47.00,2026/DAILY CUM STATISTICS_AUG 2026/daily dated 20.08.2026.xls
2026-08-20,494,Uttara Kannada,Coastal Karnataka,14.79,74.69,10.80,15.90,-32.00,2026/DAILY CUM STATISTICS_AUG 2026/daily dated 20.08.2026.xls
2026-08-21,492,Dakshina Kannada,Coastal Karnataka,12.84,74.86,3.90,21.30,-82.00,2026/DAILY CUM STATISTICS_AUG 2026/daily dated 21.08.2026.xls
2026-08-21,493,Udupi,Coastal Karnataka,13.34,74.74,2.80,24.60,-89.00,2026/DAILY CUM STATISTICS_AUG 2026/daily dated 21.08.2026.xls
2026-08-21,494,Uttara Kannada,Coastal Karnataka,14.79,74.69,6.30,17.50,-64.00,2026/DAILY CUM STATISTICS_AUG 2026/daily dated 21.08.2026.xls
2026-08-22,492,Dakshina Kannada,Coastal Karnataka,12.84,74.86,15.00,26.30,-43.00,2026/DAILY CUM STATISTICS_AUG 2026/daily dated 22.08.2026.xls
2026-08-22,493,Udupi,Coastal Karnataka,13.34,74.74,19.50,24.50,-21.00,2026/DAILY CUM STATISTICS_AUG 2026/daily dated 22.08.2026.xls
2026-08-22,494,Uttara Kannada,Coastal Karnataka,14.79,74.69,7.70,15.20,-50.00,2026/DAILY CUM STATISTICS_AUG 2026/daily dated 22.08.2026.xls
2026-08-23,492,Dakshina Kannada,Coastal Karnataka,12.84,74.86,16.60,20.80,-20.00,2026/DAILY CUM STATISTICS_AUG 2026/daily dated 23.08.2026.xls
2026-08-23,493,Udupi,Coastal Karnataka,13.34,74.74,23.10,24.40,-5.00,2026/DAILY CUM STATISTICS_AUG 2026/daily dated 23.08.2026.xls
2026-08-23,494,Uttara Kannada,Coastal Karnataka,14.79,74.69,12.60,15.30,-17.00,2026/DAILY CUM STATISTICS_AUG 2026/daily dated 23.08.2026.xls
2026-08-24,492,Dakshina Kannada,Coastal Karnataka,12.84,74.86,43.50,20.50,112.00,2026/DAILY CUM STATISTICS_AUG 2026/daily dated 24.08.2026.xls
2026-08-24,493,Udupi,Coastal Karnataka,13.34,74.74,26.70,20.80,28.00,2026/DAILY CUM STATISTICS_AUG 2026/daily dated 24.08.2026.xls
2026-08-24,494,Uttara Kannada,Coastal Karnataka,14.79,74.69,16.20,15.40,5.00,2026/DAILY CUM STATISTICS_AUG 2026/daily dated 24.08.2026.xls
2026-08-25,492,Dakshina Kannada,Coastal Karnataka,12.84,74.86,46.30,26.10,77.00,2026/DAILY CUM STATISTICS_AUG 2026/daily dated 25.08.2026.xls
2026-08-25,493,Udupi,Coastal Karnataka,13.34,74.74,19.50,28.70,-32.00,2026/DAILY CUM STATISTICS_AUG 2026/daily dated 25.08.2026.xls
2026-08-25,494,Uttara Kannada,Coastal Karnataka,14.79,74.69,10.00,17.10,-41.00,2026/DAILY CUM STATISTICS_AUG 2026/daily dated 25.08.2026.xls
2026-08-26,492,Dakshina Kannada,Coastal Karnataka,12.84,74.86,31.10,22.70,37.00,2026/DAILY CUM STATISTICS_AUG 2026/daily dated 26.08.2026.xls
2026-08-26,493,Udupi,Coastal Karnataka,13.34,74.74,10.30,27.10,-62.00,2026/DAILY CUM STATISTICS_AUG 2026/daily dated 26.08.2026.xls
2026-08-26,494,Uttara Kannada,Coastal Karnataka,14.79,74.69,18.30,18.10,1.00,2026/DAILY CUM STATISTICS_AUG 2026/daily dated 26.08.2026.xls
2026-08-27,492,Dakshina Kannada,Coastal Karnataka,12.84,74.86,15.70,20.70,-24.00,2026/DAILY CUM STATISTICS_AUG 2026/daily dated 27.08.2026.xls
2026-08-27,493,Udupi,Coastal Karnataka,13.34,74.74,8.90,21.70,-59.00,2026/DAILY CUM STATISTICS_AUG 2026/daily dated 27.08.2026.xls
2026-08-27,494,Uttara Kannada,Coastal Karnataka,14.79,74.69,3.10,13.80,-77.00,2026/DAILY CUM STATISTICS_AUG 2026/daily dated 27.08.2026.xls
2026-08-28,492,Dakshina Kannada,Coastal Karnataka,12.84,74.86,18.80,18.50,2.00,2026/DAILY CUM STATISTICS_AUG 2026/daily dated 28.08.2026.xls
2026-08-28,493,Udupi,Coastal Karnataka,13.34,74.74,12.80,20.00,-36.00,2026/DAILY CUM STATISTICS_AUG 2026/daily dated 28.08.2026.xls
2026-08-28,494,Uttara Kannada,Coastal Karnataka,14.79,74.69,8.70,13.90,-37.00,2026/DAILY CUM STATISTICS_AUG 2026/daily dated 28.08.2026.xls
2026-08-29,492,Dakshina Kannada,Coastal Karnataka,12.84,74.86,19.50,20.10,-3.00,2026/DAILY CUM STATISTICS_AUG 2026/daily dated 29.08.2026.xls
2026-08-29,493,Udupi,Coastal Karnataka,13.34,74.74,20.20,22.10,-9.00,2026/DAILY CUM STATISTICS_AUG 2026/daily dated 29.08.2026.xls
2026-08-29,494,Uttara Kannada,Coastal Karnataka,14.79,74.69,9.80,16.70,-42.00,2026/DAILY CUM STATISTICS_AUG 2026/daily dated 29.08.2026.xls
2026-08-30,492,Dakshina Kannada,Coastal Karnataka,12.84,74.86,8.60,17.10,-50.00,2026/DAILY CUM STATISTICS_AUG 2026/daily dated 30.08.2026.xls
2026-08-30,493,Udupi,Coastal Karnataka,13.34,74.74,13.70,23.10,-41.00,2026/DAILY CUM STATISTICS_AUG 2026/daily dated 30.08.2026.xls
2026-08-30,494,Uttara Kannada,Coastal Karnataka,14.79,74.69,9.80,16.50,-41.00,2026/DAILY CUM STATISTICS_AUG 2026/daily dated 30.08.2026.xls
2026-08-31,492,Dakshina Kannada,Coastal Karnataka,12.84,74.86,17.30,21.10,-18.00,2026/DAILY CUM STATISTICS_AUG 2026/daily dated 31.08.2026.xls
2026-08-31,493,Udupi,Coastal Karnataka,13.34,74.74,16.70,24.50,-32.00,2026/DAILY CUM STATISTICS_AUG 2026/daily dated 31.08.2026.xls
2026-08-31,494,Uttara Kannada,Coastal Karnataka,14.79,74.69,4.60,17.80,-74.00,2026/DAILY CUM STATISTICS_AUG 2026/daily dated 31.08.2026.xls
