date,district_code,district,region,latitude,longitude,imd_actual_mm,imd_normal_mm,imd_departure_percent,source_report,gfs_rain_mm,ifs_hres_rain_mm,aifs_rain_mm
2025-02-01,492,Dakshina Kannada,Coastal Karnataka,12.840,74.860,0.000,0.000,-100.000,2025/FEB 2025/daily cum dated 01.02.2025.xls,0.000,,
2025-02-01,493,Udupi,Coastal Karnataka,13.340,74.740,0.000,0.000,-100.000,2025/FEB 2025/daily cum dated 01.02.2025.xls,0.000,,
2025-02-01,494,Uttara Kannada,Coastal Karnataka,14.790,74.690,0.000,0.000,-100.000,2025/FEB 2025/daily cum dated 01.02.2025.xls,0.000,,
2025-02-02,492,Dakshina Kannada,Coastal Karnataka,12.840,74.860,0.000,0.000,-100.000,2025/FEB 2025/daily cum dated 02.02.2025.xls,0.000,,
2025-02-02,493,Udupi,Coastal Karnataka,13.340,74.740,0.000,0.000,-100.000,2025/FEB 2025/daily cum dated 02.02.2025.xls,0.000,,
2025-02-02,494,Uttara Kannada,Coastal Karnataka,14.790,74.690,0.000,0.100,-100.000,2025/FEB 2025/daily cum dated 02.02.2025.xls,0.000,,
2025-02-03,492,Dakshina Kannada,Coastal Karnataka,12.840,74.860,0.000,0.000,-100.000,2025/FEB 2025/daily cum dated 03.02.2025.xls,0.000,,
2025-02-03,493,Udupi,Coastal Karnataka,13.340,74.740,0.000,0.100,-100.000,2025/FEB 2025/daily cum dated 03.02.2025.xls,0.000,,
2025-02-03,494,Uttara Kannada,Coastal Karnataka,14.790,74.690,0.000,0.000,-100.000,2025/FEB 2025/daily cum dated 03.02.2025.xls,0.000,,
2025-02-04,492,Dakshina Kannada,Coastal Karnataka,12.840,74.860,0.000,0.000,-100.000,2025/FEB 2025/daily cum dated 04.02.2025.xls,0.000,,
2025-02-04,493,Udupi,Coastal Karnataka,13.340,74.740,0.000,0.000,-100.000,2025/FEB 2025/daily cum dated 04.02.2025.xls,0.000,,
2025-02-04,494,Uttara Kannada,Coastal Karnataka,14.790,74.690,0.000,0.000,-100.000,2025/FEB 2025/daily cum dated 04.02.2025.xls,0.000,,
2025-02-05,492,Dakshina Kannada,Coastal Karnataka,12.840,74.860,0.000,0.100,-100.000,2025/FEB 2025/dailu cum dated 05.02.2025.xls,0.000,,
2025-02-05,493,Udupi,Coastal Karnataka,13.340,74.740,0.000,0.000,-100.000,2025/FEB 2025/dailu cum dated 05.02.2025.xls,0.000,,
2025-02-05,494,Uttara Kannada,Coastal Karnataka,14.790,74.690,0.000,0.000,-100.000,2025/FEB 2025/dailu cum dated 05.02.2025.xls,0.000,,
2025-02-06,492,Dakshina Kannada,Coastal Karnataka,12.840,74.860,0.000,0.100,-100.000,2025/FEB 2025/daily cum dated 06.02.2025.xls,0.000,,
2025-02-06,493,Udupi,Coastal Karnataka,13.340,74.740,0.000,0.000,-100.000,2025/FEB 2025/daily cum dated 06.02.2025.xls,0.000,,
2025-02-06,494,Uttara Kannada,Coastal Karnataka,14.790,74.690,0.000,0.100,-100.000,2025/FEB 2025/daily cum dated 06.02.2025.xls,0.000,,
2025-02-07,492,Dakshina Kannada,Coastal Karnataka,12.840,74.860,0.000,0.400,-100.000,2025/FEB 2025/daily cum dated 07.02.2025.xls,0.000,,
2025-02-07,493,Udupi,Coastal Karnataka,13.340,74.740,0.000,0.000,-100.000,2025/FEB 2025/daily cum dated 07.02.2025.xls,0.000,,
2025-02-07,494,Uttara Kannada,Coastal Karnataka,14.790,74.690,0.000,0.000,-100.000,2025/FEB 2025/daily cum dated 07.02.2025.xls,0.000,,
2025-02-08,492,Dakshina Kannada,Coastal Karnataka,12.840,74.860,0.000,0.000,-100.000,2025/FEB 2025/daily cum dated 08.02.2025.xls,0.000,,
2025-02-08,493,Udupi,Coastal Karnataka,13.340,74.740,0.000,0.100,-100.000,2025/FEB 2025/daily cum dated 08.02.2025.xls,0.000,,
2025-02-08,494,Uttara Kannada,Coastal Karnataka,14.790,74.690,0.000,0.000,-100.000,2025/FEB 2025/daily cum dated 08.02.2025.xls,0.000,,
2025-02-09,492,Dakshina Kannada,Coastal Karnataka,12.840,74.860,0.000,0.100,-100.000,2025/FEB 2025/daily Cum dated 09.02.2025.xls,0.000,,
2025-02-09,493,Udupi,Coastal Karnataka,13.340,74.740,0.000,0.000,-100.000,2025/FEB 2025/daily Cum dated 09.02.2025.xls,0.000,,
2025-02-09,494,Uttara Kannada,Coastal Karnataka,14.790,74.690,0.000,0.000,-100.000,2025/FEB 2025/daily Cum dated 09.02.2025.xls,0.000,,
2025-02-10,492,Dakshina Kannada,Coastal Karnataka,12.840,74.860,0.000,0.200,-100.000,2025/FEB 2025/daily cum dated 10.02.2025.xls,0.000,,
2025-02-10,493,Udupi,Coastal Karnataka,13.340,74.740,0.000,0.000,-100.000,2025/FEB 2025/daily cum dated 10.02.2025.xls,0.000,,
2025-02-10,494,Uttara Kannada,Coastal Karnataka,14.790,74.690,0.000,0.000,-100.000,2025/FEB 2025/daily cum dated 10.02.2025.xls,0.000,,
2025-02-11,492,Dakshina Kannada,Coastal Karnataka,12.840,74.860,0.000,0.000,-100.000,2025/FEB 2025/daily Cum dated 11.02.2025.xls,0.000,,
2025-02-11,493,Udupi,Coastal Karnataka,13.340,74.740,0.000,0.000,-100.000,2025/FEB 2025/daily Cum dated 11.02.2025.xls,0.000,,
2025-02-11,494,Uttara Kannada,Coastal Karnataka,14.790,74.690,0.000,0.000,-100.000,2025/FEB 2025/daily Cum dated 11.02.2025.xls,0.000,,
2025-02-12,492,Dakshina Kannada,Coastal Karnataka,12.840,74.860,0.000,0.100,-100.000,2025/FEB 2025/daily cum dated 12.02.2025.xls,0.000,,
2025-02-12,493,Udupi,Coastal Karnataka,13.340,74.740,0.000,0.100,-100.000,2025/FEB 2025/daily cum dated 12.02.2025.xls,0.000,,
2025-02-12,494,Uttara Kannada,Coastal Karnataka,14.790,74.690,0.000,0.000,-100.000,2025/FEB 2025/daily cum dated 12.02.2025.xls,0.000,,
2025-02-13,492,Dakshina Kannada,Coastal Karnataka,12.840,74.860,0.000,0.000,-100.000,2025/FEB 2025/daily cum dated 13.02.2025.xls,0.000,,
2025-02-13,493,Udupi,Coastal Karnataka,13.340,74.740,0.000,0.100,-100.000,2025/FEB 2025/daily cum dated 13.02.2025.xls,0.000,,
2025-02-13,494,Uttara Kannada,Coastal Karnataka,14.790,74.690,0.000,0.000,-100.000,2025/FEB 2025/daily cum dated 13.02.2025.xls,0.000,,
2025-02-14,492,Dakshina Kannada,Coastal Karnataka,12.840,74.860,0.000,0.200,-100.000,2025/FEB 2025/daily cum dated 14.02.2025.xls,0.000,,
2025-02-14,493,Udupi,Coastal Karnataka,13.340,74.740,0.000,0.000,-100.000,2025/FEB 2025/daily cum dated 14.02.2025.xls,0.000,,
2025-02-14,494,Uttara Kannada,Coastal Karnataka,14.790,74.690,0.000,0.000,-100.000,2025/FEB 2025/daily cum dated 14.02.2025.xls,0.000,,
2025-02-15,492,Dakshina Kannada,Coastal Karnataka,12.840,74.860,0.000,0.500,-100.000,2025/FEB 2025/daily cum dated 15.02.2025.xls,0.000,,
2025-02-15,493,Udupi,Coastal Karnataka,13.340,74.740,0.000,0.200,-100.000,2025/FEB 2025/daily cum dated 15.02.2025.xls,0.000,,
2025-02-15,494,Uttara Kannada,Coastal Karnataka,14.790,74.690,0.000,0.200,-100.000,2025/FEB 2025/daily cum dated 15.02.2025.xls,0.000,,
2025-02-16,492,Dakshina Kannada,Coastal Karnataka,12.840,74.860,0.000,0.100,-100.000,2025/FEB 2025/daily Cum dated 16.02.2025.xls,0.000,,
2025-02-16,493,Udupi,Coastal Karnataka,13.340,74.740,0.000,0.100,-100.000,2025/FEB 2025/daily Cum dated 16.02.2025.xls,0.000,,
2025-02-16,494,Uttara Kannada,Coastal Karnataka,14.790,74.690,0.000,0.100,-100.000,2025/FEB 2025/daily Cum dated 16.02.2025.xls,0.000,,
2025-02-17,492,Dakshina Kannada,Coastal Karnataka,12.840,74.860,0.000,0.400,-100.000,2025/FEB 2025/daily cum dated 17.02.2025.xls,0.000,,
2025-02-17,493,Udupi,Coastal Karnataka,13.340,74.740,0.000,0.100,-100.000,2025/FEB 2025/daily cum dated 17.02.2025.xls,0.000,,
2025-02-17,494,Uttara Kannada,Coastal Karnataka,14.790,74.690,0.000,0.200,-100.000,2025/FEB 2025/daily cum dated 17.02.2025.xls,0.000,,
2025-02-18,492,Dakshina Kannada,Coastal Karnataka,12.840,74.860,0.000,0.100,-100.000,2025/FEB 2025/daily Cum dated 18.02.2025.xls,0.000,,0.000
2025-02-18,493,Udupi,Coastal Karnataka,13.340,74.740,0.000,0.000,-100.000,2025/FEB 2025/daily Cum dated 18.02.2025.xls,0.000,,0.000
2025-02-18,494,Uttara Kannada,Coastal Karnataka,14.790,74.690,0.000,0.000,-100.000,2025/FEB 2025/daily Cum dated 18.02.2025.xls,0.000,,0.000
2025-02-19,492,Dakshina Kannada,Coastal Karnataka,12.840,74.860,0.000,0.000,-100.000,2025/FEB 2025/daily cum dated 19.02.2025.xls,0.000,,0.000
2025-02-19,493,Udupi,Coastal Karnataka,13.340,74.740,0.000,0.000,-100.000,2025/FEB 2025/daily cum dated 19.02.2025.xls,0.000,,0.000
2025-02-19,494,Uttara Kannada,Coastal Karnataka,14.790,74.690,0.000,0.000,-100.000,2025/FEB 2025/daily cum dated 19.02.2025.xls,0.000,,0.000
2025-02-20,492,Dakshina Kannada,Coastal Karnataka,12.840,74.860,0.000,0.200,-100.000,2025/FEB 2025/daily cum dated 20.02.2025.xls,0.000,,0.000
2025-02-20,493,Udupi,Coastal Karnataka,13.340,74.740,0.000,0.000,-100.000,2025/FEB 2025/daily cum dated 20.02.2025.xls,0.000,,0.000
2025-02-20,494,Uttara Kannada,Coastal Karnataka,14.790,74.690,0.000,0.000,-100.000,2025/FEB 2025/daily cum dated 20.02.2025.xls,0.000,,0.000
2025-02-21,492,Dakshina Kannada,Coastal Karnataka,12.840,74.860,0.000,0.000,-100.000,2025/FEB 2025/daily cum dated 21.02.2025.xls,0.000,,0.000
2025-02-21,493,Udupi,Coastal Karnataka,13.340,74.740,0.000,0.000,-100.000,2025/FEB 2025/daily cum dated 21.02.2025.xls,0.000,,0.000
2025-02-21,494,Uttara Kannada,Coastal Karnataka,14.790,74.690,0.000,0.000,-100.000,2025/FEB 2025/daily cum dated 21.02.2025.xls,0.000,,0.000
2025-02-22,492,Dakshina Kannada,Coastal Karnataka,12.840,74.860,0.000,0.000,-100.000,2025/FEB 2025/daily cum dated 22.02.2025.xls,0.000,,0.000
2025-02-22,493,Udupi,Coastal Karnataka,13.340,74.740,0.000,0.000,-100.000,2025/FEB 2025/daily cum dated 22.02.2025.xls,0.000,,0.000
2025-02-22,494,Uttara Kannada,Coastal Karnataka,14.790,74.690,0.000,0.100,-100.000,2025/FEB 2025/daily cum dated 22.02.2025.xls,0.000,,0.000
2025-02-23,492,Dakshina Kannada,Coastal Karnataka,12.840,74.860,0.300,0.100,178.000,2025/FEB 2025/daily cum dated 23.02.2025.xls,0.700,,0.600
2025-02-23,493,Udupi,Coastal Karnataka,13.340,74.740,0.000,0.000,-100.000,2025/FEB 2025/daily cum dated 23.02.2025.xls,0.900,,1.200
2025-02-23,494,Uttara Kannada,Coastal Karnataka,14.790,74.690,0.000,0.000,-100.000,2025/FEB 2025/daily cum dated 23.02.2025.xls,0.000,,0.000
2025-02-24,492,Dakshina Kannada,Coastal Karnataka,12.840,74.860,0.000,0.000,-100.000,2025/FEB 2025/daily Cum dated 24.02.2025.xls,0.000,,0.000
2025-02-24,493,Udupi,Coastal Karnataka,13.340,74.740,0.000,0.000,-100.000,2025/FEB 2025/daily Cum dated 24.02.2025.xls,0.000,,0.000
2025-02-24,494,Uttara Kannada,Coastal Karnataka,14.790,74.690,1.600,0.000,200.000,2025/FEB 2025/daily Cum dated 24.02.2025.xls,0.000,,0.000
2025-02-25,492,Dakshina Kannada,Coastal Karnataka,12.840,74.860,0.000,0.000,-100.000,2025/FEB 2025/daily Cum dated 25.02.2025.xls,0.000,,0.000
2025-02-25,493,Udupi,Coastal Karnataka,13.340,74.740,0.000,0.000,-100.000,2025/FEB 2025/daily Cum dated 25.02.2025.xls,0.000,,0.000
2025-02-25,494,Uttara Kannada,Coastal Karnataka,14.790,74.690,0.000,0.000,-100.000,2025/FEB 2025/daily Cum dated 25.02.2025.xls,0.000,,0.000
2025-02-26,492,Dakshina Kannada,Coastal Karnataka,12.840,74.860,0.000,0.000,-100.000,2025/FEB 2025/daily Cum dated 26.02.2025.xls,0.000,,0.000
2025-02-26,493,Udupi,Coastal Karnataka,13.340,74.740,0.000,0.000,-100.000,2025/FEB 2025/daily Cum dated 26.02.2025.xls,0.000,,0.000
2025-02-26,494,Uttara Kannada,Coastal Karnataka,14.790,74.690,0.000,0.000,-100.000,2025/FEB 2025/daily Cum dated 26.02.2025.xls,0.000,,0.000
2025-02-27,492,Dakshina Kannada,Coastal Karnataka,12.840,74.860,0.000,0.000,-100.000,2025/FEB 2025/daily Cum dated 27.02.2025.xls,0.000,,0.000
2025-02-27,493,Udupi,Coastal Karnataka,13.340,74.740,0.000,0.000,-100.000,2025/FEB 2025/daily Cum dated 27.02.2025.xls,0.000,,0.000
2025-02-27,494,Uttara Kannada,Coastal Karnataka,14.790,74.690,0.000,0.000,-100.000,2025/FEB 2025/daily Cum dated 27.02.2025.xls,0.000,,0.000
2025-02-28,492,Dakshina Kannada,Coastal Karnataka,12.840,74.860,0.000,0.000,-100.000,2025/FEB 2025/daily cum dated 28.02.2025.xls,0.000,,0.000
2025-02-28,493,Udupi,Coastal Karnataka,13.340,74.740,0.000,0.000,-100.000,2025/FEB 2025/daily cum dated 28.02.2025.xls,0.000,,0.000
2025-02-28,494,Uttara Kannada,Coastal Karnataka,14.790,74.690,0.000,0.000,-100.000,2025/FEB 2025/daily cum dated 28.02.2025.xls,0.000,,0.000
2025-03-01,492,Dakshina Kannada,Coastal Karnataka,12.840,74.860,0.000,0.000,-100.000,2025/March 2025/daily cum dated 01.03.2025.xls,0.000,,0.000
2025-03-01,493,Udupi,Coastal Karnataka,13.340,74.740,0.000,0.000,-100.000,2025/March 2025/daily cum dated 01.03.2025.xls,0.000,,0.000
2025-03-01,494,Uttara Kannada,Coastal Karnataka,14.790,74.690,0.000,0.200,-100.000,2025/March 2025/daily cum dated 01.03.2025.xls,0.000,,0.000
2025-03-02,492,Dakshina Kannada,Coastal Karnataka,12.840,74.860,0.000,0.200,-100.000,2025/March 2025/daily cum dated 02.03.2025.xls,0.000,,0.000
2025-03-02,493,Udupi,Coastal Karnataka,13.340,74.740,0.000,0.300,-100.000,2025/March 2025/daily cum dated 02.03.2025.xls,0.000,,0.000
2025-03-02,494,Uttara Kannada,Coastal Karnataka,14.790,74.690,0.000,0.100,-100.000,2025/March 2025/daily cum dated 02.03.2025.xls,0.000,,0.000
2025-03-03,492,Dakshina Kannada,Coastal Karnataka,12.840,74.860,0.000,0.000,-100.000,2025/March 2025/daily cum dated 03.03.2025.xls,0.000,,0.000
2025-03-03,493,Udupi,Coastal Karnataka,13.340,74.740,0.000,0.000,-100.000,2025/March 2025/daily cum dated 03.03.2025.xls,0.000,,0.000
2025-03-03,494,Uttara Kannada,Coastal Karnataka,14.790,74.690,0.000,0.000,-100.000,2025/March 2025/daily cum dated 03.03.2025.xls,0.000,,0.000
2025-03-04,492,Dakshina Kannada,Coastal Karnataka,12.840,74.860,0.000,0.100,-100.000,2025/March 2025/daily cum dated 04.03.2025.xls,0.000,,0.000
2025-03-04,493,Udupi,Coastal Karnataka,13.340,74.740,0.000,0.000,-100.000,2025/March 2025/daily cum dated 04.03.2025.xls,0.000,,0.000
2025-03-04,494,Uttara Kannada,Coastal Karnataka,14.790,74.690,0.000,0.000,-100.000,2025/March 2025/daily cum dated 04.03.2025.xls,0.000,,0.000
2025-03-05,492,Dakshina Kannada,Coastal Karnataka,12.840,74.860,0.000,0.600,-100.000,2025/March 2025/daily cum dated 05.03.2025.xls,0.000,,0.000
2025-03-05,493,Udupi,Coastal Karnataka,13.340,74.740,0.000,0.100,-100.000,2025/March 2025/daily cum dated 05.03.2025.xls,0.000,,0.000
2025-03-05,494,Uttara Kannada,Coastal Karnataka,14.790,74.690,0.000,0.000,-100.000,2025/March 2025/daily cum dated 05.03.2025.xls,0.000,,0.000
2025-03-06,492,Dakshina Kannada,Coastal Karnataka,12.840,74.860,0.000,0.300,-100.000,2025/March 2025/daily cum dated 06.03.2025.xls,0.000,,0.000
2025-03-06,493,Udupi,Coastal Karnataka,13.340,74.740,0.000,0.000,-100.000,2025/March 2025/daily cum dated 06.03.2025.xls,0.000,,0.000
2025-03-06,494,Uttara Kannada,Coastal Karnataka,14.790,74.690,0.000,0.000,-100.000,2025/March 2025/daily cum dated 06.03.2025.xls,0.000,,0.000
2025-03-07,492,Dakshina Kannada,Coastal Karnataka,12.840,74.860,0.000,0.300,-100.000,2025/March 2025/daily cum dated 07.03.2025.xls,0.000,,0.000
2025-03-07,493,Udupi,Coastal Karnataka,13.340,74.740,0.000,0.100,-100.000,2025/March 2025/daily cum dated 07.03.2025.xls,0.000,,0.000
2025-03-07,494,Uttara Kannada,Coastal Karnataka,14.790,74.690,0.000,0.000,-100.000,2025/March 2025/daily cum dated 07.03.2025.xls,0.000,,0.000
2025-03-08,492,Dakshina Kannada,Coastal Karnataka,12.840,74.860,0.000,0.800,-100.000,2025/March 2025/daily cum dated 08.03.2025.xls,0.000,,0.000
2025-03-08,493,Udupi,Coastal Karnataka,13.340,74.740,0.000,0.300,-100.000,2025/March 2025/daily cum dated 08.03.2025.xls,0.000,,0.000
2025-03-08,494,Uttara Kannada,Coastal Karnataka,14.790,74.690,0.000,0.200,-100.000,2025/March 2025/daily cum dated 08.03.2025.xls,0.000,,0.000
2025-03-09,492,Dakshina Kannada,Coastal Karnataka,12.840,74.860,0.000,0.700,-100.000,2025/March 2025/daily cum dated 09.03.2025.xls,0.000,,0.000
2025-03-09,493,Udupi,Coastal Karnataka,13.340,74.740,0.000,0.200,-100.000,2025/March 2025/daily cum dated 09.03.2025.xls,0.000,,0.000
2025-03-09,494,Uttara Kannada,Coastal Karnataka,14.790,74.690,0.000,0.100,-100.000,2025/March 2025/daily cum dated 09.03.2025.xls,0.000,,0.000
2025-03-10,492,Dakshina Kannada,Coastal Karnataka,12.840,74.860,0.000,0.400,-100.000,2025/March 2025/Specified Period 10.03.2025.xls,0.000,,0.000
2025-03-10,493,Udupi,Coastal Karnataka,13.340,74.740,0.000,0.100,-100.000,2025/March 2025/Specified Period 10.03.2025.xls,0.000,,0.000
2025-03-10,494,Uttara Kannada,Coastal Karnataka,14.790,74.690,0.000,0.100,-100.000,2025/March 2025/Specified Period 10.03.2025.xls,0.000,,0.000
2025-03-11,492,Dakshina Kannada,Coastal Karnataka,12.840,74.860,0.000,0.300,-100.000,2025/March 2025/daily cum dated 11.03.2025.xls,0.000,,0.000
2025-03-11,493,Udupi,Coastal Karnataka,13.340,74.740,0.000,0.000,-100.000,2025/March 2025/daily cum dated 11.03.2025.xls,0.000,,0.000
2025-03-11,494,Uttara Kannada,Coastal Karnataka,14.790,74.690,0.000,0.200,-100.000,2025/March 2025/daily cum dated 11.03.2025.xls,0.000,,0.000
2025-03-12,492,Dakshina Kannada,Coastal Karnataka,12.840,74.860,0.000,0.700,-100.000,2025/March 2025/Specified Period 12.03.2025.xls,2.400,,4.800
2025-03-12,493,Udupi,Coastal Karnataka,13.340,74.740,0.000,0.200,-100.000,2025/March 2025/Specified Period 12.03.2025.xls,0.200,,1.800
2025-03-12,494,Uttara Kannada,Coastal Karnataka,14.790,74.690,0.000,0.000,-100.000,2025/March 2025/Specified Period 12.03.2025.xls,0.000,,0.000
2025-03-13,492,Dakshina Kannada,Coastal Karnataka,12.840,74.860,33.900,0.500,6671.000,2025/March 2025/Specified Period 13.03.2025.xls,0.600,,0.600
2025-03-13,493,Udupi,Coastal Karnataka,13.340,74.740,0.000,0.200,-100.000,2025/March 2025/Specified Period 13.03.2025.xls,0.300,,0.000
2025-03-13,494,Uttara Kannada,Coastal Karnataka,14.790,74.690,0.000,0.100,-100.000,2025/March 2025/Specified Period 13.03.2025.xls,0.000,,0.000
2025-03-14,492,Dakshina Kannada,Coastal Karnataka,12.840,74.860,0.000,0.400,-100.000,2025/March 2025/Specified Period 14.03.2025.xls,0.200,,1.200
2025-03-14,493,Udupi,Coastal Karnataka,13.340,74.740,0.000,0.500,-100.000,2025/March 2025/Specified Period 14.03.2025.xls,0.900,,1.200
2025-03-14,494,Uttara Kannada,Coastal Karnataka,14.790,74.690,0.000,0.200,-100.000,2025/March 2025/Specified Period 14.03.2025.xls,0.000,,0.000
2025-03-15,492,Dakshina Kannada,Coastal Karnataka,12.840,74.860,0.000,0.800,-100.000,2025/March 2025/Specified Period 15.03.2025.xls,0.000,,0.000
2025-03-15,493,Udupi,Coastal Karnataka,13.340,74.740,0.000,0.900,-100.000,2025/March 2025/Specified Period 15.03.2025.xls,0.000,,0.000
2025-03-15,494,Uttara Kannada,Coastal Karnataka,14.790,74.690,0.000,0.100,-100.000,2025/March 2025/Specified Period 15.03.2025.xls,0.000,,0.000
2025-03-16,492,Dakshina Kannada,Coastal Karnataka,12.840,74.860,0.000,0.500,-100.000,2025/March 2025/Specified Period 16.03.2025.xls,0.000,,0.600
2025-03-16,493,Udupi,Coastal Karnataka,13.340,74.740,0.000,0.400,-100.000,2025/March 2025/Specified Period 16.03.2025.xls,0.000,,0.000
2025-03-16,494,Uttara Kannada,Coastal Karnataka,14.790,74.690,0.000,0.200,-100.000,2025/March 2025/Specified Period 16.03.2025.xls,0.000,,0.000
2025-03-17,492,Dakshina Kannada,Coastal Karnataka,12.840,74.860,0.000,0.600,-100.000,2025/March 2025/Specified Period 17.03.2025.xls,0.000,,2.400
2025-03-17,493,Udupi,Coastal Karnataka,13.340,74.740,0.000,0.200,-100.000,2025/March 2025/Specified Period 17.03.2025.xls,0.000,,0.000
2025-03-17,494,Uttara Kannada,Coastal Karnataka,14.790,74.690,0.000,0.200,-100.000,2025/March 2025/Specified Period 17.03.2025.xls,0.000,,0.000
2025-03-18,492,Dakshina Kannada,Coastal Karnataka,12.840,74.860,0.000,0.300,-100.000,2025/March 2025/Specified Period 18.03.2025.xls,0.000,,0.000
2025-03-18,493,Udupi,Coastal Karnataka,13.340,74.740,0.000,0.100,-100.000,2025/March 2025/Specified Period 18.03.2025.xls,0.000,,0.000
2025-03-18,494,Uttara Kannada,Coastal Karnataka,14.790,74.690,0.000,0.200,-100.000,2025/March 2025/Specified Period 18.03.2025.xls,0.000,,0.000
2025-03-19,492,Dakshina Kannada,Coastal Karnataka,12.840,74.860,0.000,0.400,-100.000,2025/March 2025/Specified Period 19.03.2025.xls,0.000,,1.200
2025-03-19,493,Udupi,Coastal Karnataka,13.340,74.740,0.000,0.000,-100.000,2025/March 2025/Specified Period 19.03.2025.xls,0.000,,1.200
2025-03-19,494,Uttara Kannada,Coastal Karnataka,14.790,74.690,0.000,0.100,-100.000,2025/March 2025/Specified Period 19.03.2025.xls,0.000,,0.000
2025-03-20,492,Dakshina Kannada,Coastal Karnataka,12.840,74.860,0.000,0.300,-100.000,2025/March 2025/Specified Period 20.03.2025.xls,2.200,,1.200
2025-03-20,493,Udupi,Coastal Karnataka,13.340,74.740,0.000,0.000,-100.000,2025/March 2025/Specified Period 20.03.2025.xls,0.200,,0.000
2025-03-20,494,Uttara Kannada,Coastal Karnataka,14.790,74.690,0.000,0.200,-100.000,2025/March 2025/Specified Period 20.03.2025.xls,0.000,,0.000
2025-03-21,492,Dakshina Kannada,Coastal Karnataka,12.840,74.860,0.000,1.000,-100.000,2025/March 2025/Specified Period 21.03.2025.xls,0.000,,0.600
2025-03-21,493,Udupi,Coastal Karnataka,13.340,74.740,0.000,0.700,-100.000,2025/March 2025/Specified Period 21.03.2025.xls,0.000,,0.000
2025-03-21,494,Uttara Kannada,Coastal Karnataka,14.790,74.690,0.000,0.100,-100.000,2025/March 2025/Specified Period 21.03.2025.xls,0.000,,0.000
2025-03-22,492,Dakshina Kannada,Coastal Karnataka,12.840,74.860,0.000,0.900,-100.000,2025/March 2025/Specified Period dated 22.03.2025.xls,0.000,,0.000
2025-03-22,493,Udupi,Coastal Karnataka,13.340,74.740,0.000,1.000,-100.000,2025/March 2025/Specified Period dated 22.03.2025.xls,0.000,,0.000
2025-03-22,494,Uttara Kannada,Coastal Karnataka,14.790,74.690,0.000,0.500,-100.000,2025/March 2025/Specified Period dated 22.03.2025.xls,0.000,,0.000
2025-03-23,492,Dakshina Kannada,Coastal Karnataka,12.840,74.860,0.000,2.000,-100.000,2025/March 2025/Specified Period dated 23.03.2025.xls,0.200,,1.800
2025-03-23,493,Udupi,Coastal Karnataka,13.340,74.740,0.000,1.900,-100.000,2025/March 2025/Specified Period dated 23.03.2025.xls,0.000,,0.000
2025-03-23,494,Uttara Kannada,Coastal Karnataka,14.790,74.690,0.000,0.800,-100.000,2025/March 2025/Specified Period dated 23.03.2025.xls,0.000,,0.000
2025-03-24,492,Dakshina Kannada,Coastal Karnataka,12.840,74.860,0.000,1.200,-100.000,2025/March 2025/Specified Period 24.03.2025.xls,0.000,,0.000
2025-03-24,493,Udupi,Coastal Karnataka,13.340,74.740,0.000,0.700,-100.000,2025/March 2025/Specified Period 24.03.2025.xls,0.000,,0.000
2025-03-24,494,Uttara Kannada,Coastal Karnataka,14.790,74.690,0.000,0.300,-100.000,2025/March 2025/Specified Period 24.03.2025.xls,0.000,,0.000
2025-03-25,492,Dakshina Kannada,Coastal Karnataka,12.840,74.860,0.000,0.700,-100.000,2025/March 2025/Specified Period dated 25.03.2025.xls,0.000,,4.200
2025-03-25,493,Udupi,Coastal Karnataka,13.340,74.740,0.000,1.000,-100.000,2025/March 2025/Specified Period dated 25.03.2025.xls,0.100,,3.000
2025-03-25,494,Uttara Kannada,Coastal Karnataka,14.790,74.690,0.000,0.600,-100.000,2025/March 2025/Specified Period dated 25.03.2025.xls,5.700,,2.400
2025-03-26,492,Dakshina Kannada,Coastal Karnataka,12.840,74.860,0.000,0.400,-100.000,2025/March 2025/Specified Period dated 26.03.2025.xls,0.000,,7.800
2025-03-26,493,Udupi,Coastal Karnataka,13.340,74.740,3.600,0.100,3480.000,2025/March 2025/Specified Period dated 26.03.2025.xls,1.300,,4.200
2025-03-26,494,Uttara Kannada,Coastal Karnataka,14.790,74.690,4.800,0.200,2303.000,2025/March 2025/Specified Period dated 26.03.2025.xls,0.000,,1.200
2025-03-27,492,Dakshina Kannada,Coastal Karnataka,12.840,74.860,0.000,0.400,-100.000,2025/March 2025/Specified Period dated 27.03.2025.xls,0.100,,3.000
2025-03-27,493,Udupi,Coastal Karnataka,13.340,74.740,1.500,0.100,1420.000,2025/March 2025/Specified Period dated 27.03.2025.xls,0.000,,1.800
2025-03-27,494,Uttara Kannada,Coastal Karnataka,14.790,74.690,0.000,0.200,-100.000,2025/March 2025/Specified Period dated 27.03.2025.xls,0.000,,0.600
2025-03-28,492,Dakshina Kannada,Coastal Karnataka,12.840,74.860,0.000,0.400,-100.000,2025/March 2025/daily cum dated 28.03.2025.xls,0.000,,0.000
2025-03-28,493,Udupi,Coastal Karnataka,13.340,74.740,0.000,0.000,-100.000,2025/March 2025/daily cum dated 28.03.2025.xls,0.000,,0.000
2025-03-28,494,Uttara Kannada,Coastal Karnataka,14.790,74.690,0.000,0.000,-100.000,2025/March 2025/daily cum dated 28.03.2025.xls,0.000,,0.000
2025-03-29,492,Dakshina Kannada,Coastal Karnataka,12.840,74.860,0.800,0.400,97.000,2025/March 2025/daily cum dated 29.03.2025.xls,0.000,,0.000
2025-03-29,493,Udupi,Coastal Karnataka,13.340,74.740,0.000,0.300,-100.000,2025/March 2025/daily cum dated 29.03.2025.xls,0.000,,0.000
2025-03-29,494,Uttara Kannada,Coastal Karnataka,14.790,74.690,0.000,0.100,-100.000,2025/March 2025/daily cum dated 29.03.2025.xls,0.000,,0.000
2025-03-30,492,Dakshina Kannada,Coastal Karnataka,12.840,74.860,0.000,0.300,-100.000,2025/March 2025/daily cum dated 30.03.2025.xls,0.000,,0.000
2025-03-30,493,Udupi,Coastal Karnataka,13.340,74.740,0.000,0.100,-100.000,2025/March 2025/daily cum dated 30.03.2025.xls,0.000,,0.000
2025-03-30,494,Uttara Kannada,Coastal Karnataka,14.790,74.690,0.000,0.300,-100.000,2025/March 2025/daily cum dated 30.03.2025.xls,0.000,,0.000
2025-03-31,492,Dakshina Kannada,Coastal Karnataka,12.840,74.860,0.000,0.500,-100.000,2025/March 2025/Specified Period 31.03.2025.xls,0.000,,0.000
2025-03-31,493,Udupi,Coastal Karnataka,13.340,74.740,0.000,0.900,-100.000,2025/March 2025/Specified Period 31.03.2025.xls,0.000,,0.000
2025-03-31,494,Uttara Kannada,Coastal Karnataka,14.790,74.690,9.700,0.300,3144.000,2025/March 2025/Specified Period 31.03.2025.xls,0.000,,0.000
2025-04-01,492,Dakshina Kannada,Coastal Karnataka,12.840,74.860,0.000,1.100,-100.000,2025/APRIL 2025/daily cum dated 01.04.2025.xls,0.000,,3.000
2025-04-01,493,Udupi,Coastal Karnataka,13.340,74.740,0.000,0.700,-100.000,2025/APRIL 2025/daily cum dated 01.04.2025.xls,0.000,,1.200
2025-04-01,494,Uttara Kannada,Coastal Karnataka,14.790,74.690,0.200,0.100,57.000,2025/APRIL 2025/daily cum dated 01.04.2025.xls,0.000,,0.600
2025-04-02,492,Dakshina Kannada,Coastal Karnataka,12.840,74.860,0.000,0.700,-100.000,2025/APRIL 2025/daily cum dated 02.04.2025.xls,0.000,,4.800
2025-04-02,493,Udupi,Coastal Karnataka,13.340,74.740,0.000,0.200,-100.000,2025/APRIL 2025/daily cum dated 02.04.2025.xls,0.000,,3.000
2025-04-02,494,Uttara Kannada,Coastal Karnataka,14.790,74.690,0.000,0.200,-100.000,2025/APRIL 2025/daily cum dated 02.04.2025.xls,0.000,,2.400
2025-04-03,492,Dakshina Kannada,Coastal Karnataka,12.840,74.860,0.900,0.900,1.000,2025/APRIL 2025/daily cum dated 03.04.2025.xls,10.100,,12.000
2025-04-03,493,Udupi,Coastal Karnataka,13.340,74.740,2.600,0.500,412.000,2025/APRIL 2025/daily cum dated 03.04.2025.xls,11.500,,12.600
2025-04-03,494,Uttara Kannada,Coastal Karnataka,14.790,74.690,0.400,0.200,79.000,2025/APRIL 2025/daily cum dated 03.04.2025.xls,0.000,,9.000
2025-04-04,492,Dakshina Kannada,Coastal Karnataka,12.840,74.860,1.700,2.000,-16.000,2025/APRIL 2025/daily cum dated 04.04.2025.xls,5.800,,4.200
2025-04-04,493,Udupi,Coastal Karnataka,13.340,74.740,0.000,1.000,-100.000,2025/APRIL 2025/daily cum dated 04.04.2025.xls,4.700,,2.400
2025-04-04,494,Uttara Kannada,Coastal Karnataka,14.790,74.690,4.300,0.200,2043.000,2025/APRIL 2025/daily cum dated 04.04.2025.xls,2.200,,1.800
2025-04-05,492,Dakshina Kannada,Coastal Karnataka,12.840,74.860,2.400,1.600,50.000,2025/APRIL 2025/daily cum dated 05.04.2025.xls,4.900,,7.800
2025-04-05,493,Udupi,Coastal Karnataka,13.340,74.740,0.600,0.700,-18.000,2025/APRIL 2025/daily cum dated 05.04.2025.xls,0.800,,4.800
2025-04-05,494,Uttara Kannada,Coastal Karnataka,14.790,74.690,0.600,0.700,-11.000,2025/APRIL 2025/daily cum dated 05.04.2025.xls,0.900,,1.800
2025-04-06,492,Dakshina Kannada,Coastal Karnataka,12.840,74.860,12.000,0.900,1235.000,2025/APRIL 2025/daily cum dated 06.04.2025.xls,5.900,,3.000
2025-04-06,493,Udupi,Coastal Karnataka,13.340,74.740,10.200,0.300,3287.000,2025/APRIL 2025/daily cum dated 06.04.2025.xls,5.600,,1.800
2025-04-06,494,Uttara Kannada,Coastal Karnataka,14.790,74.690,3.100,0.400,670.000,2025/APRIL 2025/daily cum dated 06.04.2025.xls,0.300,,1.200
2025-04-07,492,Dakshina Kannada,Coastal Karnataka,12.840,74.860,0.000,1.300,-100.000,2025/APRIL 2025/daily cum dated 07.04.2025.xls,0.100,,1.200
2025-04-07,493,Udupi,Coastal Karnataka,13.340,74.740,0.000,0.400,-100.000,2025/APRIL 2025/daily cum dated 07.04.2025.xls,0.000,,0.600
2025-04-07,494,Uttara Kannada,Coastal Karnataka,14.790,74.690,0.000,0.400,-100.000,2025/APRIL 2025/daily cum dated 07.04.2025.xls,0.200,,0.600
2025-04-08,492,Dakshina Kannada,Coastal Karnataka,12.840,74.860,0.000,0.900,-100.000,2025/APRIL 2025/daily cum dated 08.04.2025.xls,0.100,,2.400
2025-04-08,493,Udupi,Coastal Karnataka,13.340,74.740,0.000,0.500,-100.000,2025/APRIL 2025/daily cum dated 08.04.2025.xls,0.100,,1.200
2025-04-08,494,Uttara Kannada,Coastal Karnataka,14.790,74.690,3.500,0.400,765.000,2025/APRIL 2025/daily cum dated 08.04.2025.xls,0.100,,1.200
2025-04-09,492,Dakshina Kannada,Coastal Karnataka,12.840,74.860,3.500,1.900,85.000,2025/APRIL 2025/daily cum dated 09.04.2025.xls,0.600,,3.000
2025-04-09,493,Udupi,Coastal Karnataka,13.340,74.740,2.200,0.400,460.000,2025/APRIL 2025/daily cum dated 09.04.2025.xls,0.100,,1.800
2025-04-09,494,Uttara Kannada,Coastal Karnataka,14.790,74.690,4.900,0.400,1131.000,2025/APRIL 2025/daily cum dated 09.04.2025.xls,0.000,,1.800
2025-04-10,492,Dakshina Kannada,Coastal Karnataka,12.840,74.860,2.700,0.600,342.000,2025/APRIL 2025/DAILY CUM DATED 10.04.2025.xls,2.300,,4.200
2025-04-10,493,Udupi,Coastal Karnataka,13.340,74.740,3.700,0.400,820.000,2025/APRIL 2025/DAILY CUM DATED 10.04.2025.xls,1.000,,4.200
2025-04-10,494,Uttara Kannada,Coastal Karnataka,14.790,74.690,1.900,0.700,167.000,2025/APRIL 2025/DAILY CUM DATED 10.04.2025.xls,0.000,,3.000
2025-04-11,492,Dakshina Kannada,Coastal Karnataka,12.840,74.860,7.300,2.100,246.000,2025/APRIL 2025/daily cum dated 11.04.2025.xls,2.400,,3.600
2025-04-11,493,Udupi,Coastal Karnataka,13.340,74.740,8.900,1.000,790.000,2025/APRIL 2025/daily cum dated 11.04.2025.xls,0.800,,3.600
2025-04-11,494,Uttara Kannada,Coastal Karnataka,14.790,74.690,0.200,0.800,-70.000,2025/APRIL 2025/daily cum dated 11.04.2025.xls,0.500,,3.600
2025-04-12,492,Dakshina Kannada,Coastal Karnataka,12.840,74.860,0.100,2.900,-97.000,2025/APRIL 2025/daily cum dated 12.04.2025.xls,11.000,,5.400
2025-04-12,493,Udupi,Coastal Karnataka,13.340,74.740,0.400,2.300,-84.000,2025/APRIL 2025/daily cum dated 12.04.2025.xls,2.000,,4.200
2025-04-12,494,Uttara Kannada,Coastal Karnataka,14.790,74.690,2.700,1.200,122.000,2025/APRIL 2025/daily cum dated 12.04.2025.xls,0.000,,3.000
2025-04-13,492,Dakshina Kannada,Coastal Karnataka,12.840,74.860,4.600,1.700,171.000,2025/APRIL 2025/daily cum dated 13.04.2025.xls,0.000,,3.000
2025-04-13,493,Udupi,Coastal Karnataka,13.340,74.740,2.000,0.800,155.000,2025/APRIL 2025/daily cum dated 13.04.2025.xls,0.000,,1.800
2025-04-13,494,Uttara Kannada,Coastal Karnataka,14.790,74.690,0.600,0.500,14.000,2025/APRIL 2025/daily cum dated 13.04.2025.xls,0.000,,0.600
2025-04-14,492,Dakshina Kannada,Coastal Karnataka,12.840,74.860,0.000,1.800,-100.000,2025/APRIL 2025/daily cum dated 14.04.2025.xls,0.000,,1.200
2025-04-14,493,Udupi,Coastal Karnataka,13.340,74.740,0.000,0.200,-100.000,2025/APRIL 2025/daily cum dated 14.04.2025.xls,0.600,,0.600
2025-04-14,494,Uttara Kannada,Coastal Karnataka,14.790,74.690,0.000,0.800,-100.000,2025/APRIL 2025/daily cum dated 14.04.2025.xls,0.000,,0.600
2025-04-15,492,Dakshina Kannada,Coastal Karnataka,12.840,74.860,0.800,2.400,-67.000,2025/APRIL 2025/daily cum dated 15.04.2025.xls,0.000,,1.800
2025-04-15,493,Udupi,Coastal Karnataka,13.340,74.740,4.900,0.900,444.000,2025/APRIL 2025/daily cum dated 15.04.2025.xls,0.000,,0.600
2025-04-15,494,Uttara Kannada,Coastal Karnataka,14.790,74.690,0.000,0.900,-100.000,2025/APRIL 2025/daily cum dated 15.04.2025.xls,0.000,,0.600
2025-04-16,492,Dakshina Kannada,Coastal Karnataka,12.840,74.860,0.000,1.800,-100.000,2025/APRIL 2025/daily cum dated 16.04.2025 .xls,0.000,,1.800
2025-04-16,493,Udupi,Coastal Karnataka,13.340,74.740,0.000,0.800,-100.000,2025/APRIL 2025/daily cum dated 16.04.2025 .xls,0.000,,1.200
2025-04-16,494,Uttara Kannada,Coastal Karnataka,14.790,74.690,0.000,1.100,-100.000,2025/APRIL 2025/daily cum dated 16.04.2025 .xls,0.000,,0.600
2025-04-17,492,Dakshina Kannada,Coastal Karnataka,12.840,74.860,0.000,1.500,-100.000,2025/APRIL 2025/daily cum dated 17.04.2025 .xls,0.000,,0.600
2025-04-17,493,Udupi,Coastal Karnataka,13.340,74.740,0.000,0.700,-100.000,2025/APRIL 2025/daily cum dated 17.04.2025 .xls,0.000,,0.000
2025-04-17,494,Uttara Kannada,Coastal Karnataka,14.790,74.690,0.000,1.100,-100.000,2025/APRIL 2025/daily cum dated 17.04.2025 .xls,0.000,,0.000
2025-04-18,492,Dakshina Kannada,Coastal Karnataka,12.840,74.860,0.000,1.300,-100.000,2025/APRIL 2025/daily cum dated 18.04.2025 .xls,0.000,,1.200
2025-04-18,493,Udupi,Coastal Karnataka,13.340,74.740,0.000,0.400,-100.000,2025/APRIL 2025/daily cum dated 18.04.2025 .xls,0.000,,0.000
2025-04-18,494,Uttara Kannada,Coastal Karnataka,14.790,74.690,0.000,0.600,-100.000,2025/APRIL 2025/daily cum dated 18.04.2025 .xls,0.000,,0.600
2025-04-19,492,Dakshina Kannada,Coastal Karnataka,12.840,74.860,0.000,2.000,-100.000,2025/APRIL 2025/daily cum dated 19.04.2025 .xls,0.100,,1.800
2025-04-19,493,Udupi,Coastal Karnataka,13.340,74.740,0.000,0.700,-100.000,2025/APRIL 2025/daily cum dated 19.04.2025 .xls,0.000,,1.200
2025-04-19,494,Uttara Kannada,Coastal Karnataka,14.790,74.690,0.000,1.000,-100.000,2025/APRIL 2025/daily cum dated 19.04.2025 .xls,0.000,,1.800
2025-04-20,492,Dakshina Kannada,Coastal Karnataka,12.840,74.860,6.700,2.200,206.000,2025/APRIL 2025/daily cum dated 20.04.2025 .xls,0.300,,6.000
2025-04-20,493,Udupi,Coastal Karnataka,13.340,74.740,0.000,0.600,-100.000,2025/APRIL 2025/daily cum dated 20.04.2025 .xls,15.000,,3.000
2025-04-20,494,Uttara Kannada,Coastal Karnataka,14.790,74.690,0.000,0.400,-100.000,2025/APRIL 2025/daily cum dated 20.04.2025 .xls,0.000,,1.200
2025-04-21,492,Dakshina Kannada,Coastal Karnataka,12.840,74.860,1.700,2.200,-23.000,2025/APRIL 2025/daily cum dated 21.04.2025.xls,0.100,,1.800
2025-04-21,493,Udupi,Coastal Karnataka,13.340,74.740,15.000,0.900,1571.000,2025/APRIL 2025/daily cum dated 21.04.2025.xls,14.300,,1.800
2025-04-21,494,Uttara Kannada,Coastal Karnataka,14.790,74.690,0.800,0.500,68.000,2025/APRIL 2025/daily cum dated 21.04.2025.xls,0.000,,1.200
2025-04-23,492,Dakshina Kannada,Coastal Karnataka,12.840,74.860,0.400,3.100,-86.000,2025/APRIL 2025/daily cum dated 23.04.2025.xls,0.300,,3.600
2025-04-23,493,Udupi,Coastal Karnataka,13.340,74.740,0.100,0.300,-73.000,2025/APRIL 2025/daily cum dated 23.04.2025.xls,0.000,,0.600
2025-04-23,494,Uttara Kannada,Coastal Karnataka,14.790,74.690,2.000,0.900,124.000,2025/APRIL 2025/daily cum dated 23.04.2025.xls,0.000,,1.200
2025-04-24,492,Dakshina Kannada,Coastal Karnataka,12.840,74.860,0.000,3.300,-99.000,2025/APRIL 2025/daily cum dated 24.04.2025.xls,0.400,,3.600
2025-04-24,493,Udupi,Coastal Karnataka,13.340,74.740,3.500,1.400,149.000,2025/APRIL 2025/daily cum dated 24.04.2025.xls,0.000,,2.400
2025-04-24,494,Uttara Kannada,Coastal Karnataka,14.790,74.690,0.000,0.700,-100.000,2025/APRIL 2025/daily cum dated 24.04.2025.xls,0.000,,1.200
2025-04-25,492,Dakshina Kannada,Coastal Karnataka,12.840,74.860,2.100,1.300,62.000,2025/APRIL 2025/daily cum dated 25.04.2025.xls,0.400,,4.800
2025-04-25,493,Udupi,Coastal Karnataka,13.340,74.740,0.000,1.000,-100.000,2025/APRIL 2025/daily cum dated 25.04.2025.xls,0.000,,3.000
2025-04-25,494,Uttara Kannada,Coastal Karnataka,14.790,74.690,0.000,1.000,-100.000,2025/APRIL 2025/daily cum dated 25.04.2025.xls,0.100,,1.800
2025-04-26,492,Dakshina Kannada,Coastal Karnataka,12.840,74.860,0.000,1.100,-100.000,2025/APRIL 2025/daily cum dated 26.04.2025.xls,0.100,,6.000
2025-04-26,493,Udupi,Coastal Karnataka,13.340,74.740,1.700,0.700,146.000,2025/APRIL 2025/daily cum dated 26.04.2025.xls,0.000,,1.800
2025-04-26,494,Uttara Kannada,Coastal Karnataka,14.790,74.690,0.000,0.700,-100.000,2025/APRIL 2025/daily cum dated 26.04.2025.xls,0.000,,1.800
2025-04-27,492,Dakshina Kannada,Coastal Karnataka,12.840,74.860,12.800,3.000,326.000,2025/APRIL 2025/daily cum dated 27.04.2025.xls,0.000,,6.600
2025-04-27,493,Udupi,Coastal Karnataka,13.340,74.740,2.300,1.200,90.000,2025/APRIL 2025/daily cum dated 27.04.2025.xls,0.000,,4.800
2025-04-27,494,Uttara Kannada,Coastal Karnataka,14.790,74.690,4.400,1.100,304.000,2025/APRIL 2025/daily cum dated 27.04.2025.xls,0.300,,3.000
2025-04-28,492,Dakshina Kannada,Coastal Karnataka,12.840,74.860,14.500,1.700,755.000,2025/APRIL 2025/daily cum dated 28.04.2025.xls,0.100,,4.200
2025-04-28,493,Udupi,Coastal Karnataka,13.340,74.740,9.100,1.200,657.000,2025/APRIL 2025/daily cum dated 28.04.2025.xls,0.000,,2.400
2025-04-28,494,Uttara Kannada,Coastal Karnataka,14.790,74.690,7.300,1.000,632.000,2025/APRIL 2025/daily cum dated 28.04.2025.xls,0.000,,0.600
2025-04-29,492,Dakshina Kannada,Coastal Karnataka,12.840,74.860,2.000,1.300,54.000,2025/APRIL 2025/daily cum dated 29.04.2025.xls,0.400,,6.600
2025-04-29,493,Udupi,Coastal Karnataka,13.340,74.740,3.000,0.800,270.000,2025/APRIL 2025/daily cum dated 29.04.2025.xls,0.000,,2.400
2025-04-29,494,Uttara Kannada,Coastal Karnataka,14.790,74.690,0.200,0.700,-71.000,2025/APRIL 2025/daily cum dated 29.04.2025.xls,0.000,,0.600
2025-04-30,492,Dakshina Kannada,Coastal Karnataka,12.840,74.860,1.800,1.800,1.000,2025/APRIL 2025/daily cum dated 30.04.2025.xls,0.000,,9.000
2025-04-30,493,Udupi,Coastal Karnataka,13.340,74.740,2.300,1.200,93.000,2025/APRIL 2025/daily cum dated 30.04.2025.xls,0.000,,2.400
2025-04-30,494,Uttara Kannada,Coastal Karnataka,14.790,74.690,0.000,0.800,-100.000,2025/APRIL 2025/daily cum dated 30.04.2025.xls,0.000,,0.600
2025-05-01,492,Dakshina Kannada,Coastal Karnataka,12.840,74.860,6.200,3.300,88.000,2025/May 2025/daily cum dated 01.05.2025.xls,0.000,,5.400
2025-05-01,493,Udupi,Coastal Karnataka,13.340,74.740,3.800,1.100,245.000,2025/May 2025/daily cum dated 01.05.2025.xls,0.000,,1.800
2025-05-01,494,Uttara Kannada,Coastal Karnataka,14.790,74.690,0.000,0.700,-100.000,2025/May 2025/daily cum dated 01.05.2025.xls,0.000,,0.000
2025-05-02,492,Dakshina Kannada,Coastal Karnataka,12.840,74.860,4.300,2.400,78.000,2025/May 2025/daily cum dated 02.05.2025.xls,0.000,,1.800
2025-05-02,493,Udupi,Coastal Karnataka,13.340,74.740,0.000,0.300,-100.000,2025/May 2025/daily cum dated 02.05.2025.xls,0.000,,0.000
2025-05-02,494,Uttara Kannada,Coastal Karnataka,14.790,74.690,0.000,0.900,-100.000,2025/May 2025/daily cum dated 02.05.2025.xls,0.000,,0.600
2025-05-03,492,Dakshina Kannada,Coastal Karnataka,12.840,74.860,6.400,1.900,238.000,2025/May 2025/daily cum dated 03.05.2025.xls,0.000,,5.400
2025-05-03,493,Udupi,Coastal Karnataka,13.340,74.740,2.100,1.300,62.000,2025/May 2025/daily cum dated 03.05.2025.xls,0.000,,3.000
2025-05-03,494,Uttara Kannada,Coastal Karnataka,14.790,74.690,0.700,1.100,-33.000,2025/May 2025/daily cum dated 03.05.2025.xls,0.000,,1.800
2025-05-04,492,Dakshina Kannada,Coastal Karnataka,12.840,74.860,3.400,3.200,5.000,2025/May 2025/daily cum dated 04.05.2025.xls,0.500,,1.800
2025-05-04,493,Udupi,Coastal Karnataka,13.340,74.740,2.300,2.300,0.000,2025/May 2025/daily cum dated 04.05.2025.xls,0.000,,1.800
2025-05-04,494,Uttara Kannada,Coastal Karnataka,14.790,74.690,0.000,1.000,-100.000,2025/May 2025/daily cum dated 04.05.2025.xls,0.000,,0.000
2025-05-05,492,Dakshina Kannada,Coastal Karnataka,12.840,74.860,0.000,3.100,-100.000,2025/May 2025/daily cum dated 05.05.2025.xls,0.000,,0.600
2025-05-05,493,Udupi,Coastal Karnataka,13.340,74.740,0.000,2.600,-100.000,2025/May 2025/daily cum dated 05.05.2025.xls,0.000,,0.000
2025-05-05,494,Uttara Kannada,Coastal Karnataka,14.790,74.690,0.000,1.100,-100.000,2025/May 2025/daily cum dated 05.05.2025.xls,0.000,,0.000
2025-05-06,492,Dakshina Kannada,Coastal Karnataka,12.840,74.860,0.000,3.700,-100.000,2025/May 2025/daily cum dated 06.05.2025.xls,0.000,,0.600
2025-05-06,493,Udupi,Coastal Karnataka,13.340,74.740,0.000,2.700,-100.000,2025/May 2025/daily cum dated 06.05.2025.xls,0.000,,0.000
2025-05-06,494,Uttara Kannada,Coastal Karnataka,14.790,74.690,0.000,1.500,-100.000,2025/May 2025/daily cum dated 06.05.2025.xls,0.000,,0.000
2025-05-07,492,Dakshina Kannada,Coastal Karnataka,12.840,74.860,0.000,3.700,-100.000,2025/May 2025/daily cum dated 07.05.2025.xls,0.000,,1.800
2025-05-07,493,Udupi,Coastal Karnataka,13.340,74.740,0.000,2.500,-100.000,2025/May 2025/daily cum dated 07.05.2025.xls,0.000,,1.200
2025-05-07,494,Uttara Kannada,Coastal Karnataka,14.790,74.690,0.000,1.600,-100.000,2025/May 2025/daily cum dated 07.05.2025.xls,0.000,,0.600
2025-05-08,492,Dakshina Kannada,Coastal Karnataka,12.840,74.860,0.000,3.900,-100.000,2025/May 2025/daily cum dated 08.05.2025.xls,0.700,,1.800
2025-05-08,493,Udupi,Coastal Karnataka,13.340,74.740,0.000,2.000,-100.000,2025/May 2025/daily cum dated 08.05.2025.xls,0.600,,1.200
2025-05-08,494,Uttara Kannada,Coastal Karnataka,14.790,74.690,0.000,2.100,-100.000,2025/May 2025/daily cum dated 08.05.2025.xls,0.000,,1.200
2025-05-09,492,Dakshina Kannada,Coastal Karnataka,12.840,74.860,0.000,5.600,-100.000,2025/May 2025/daily cum dated 09.05.2025.xls,0.100,,0.000
2025-05-09,493,Udupi,Coastal Karnataka,13.340,74.740,0.000,3.700,-100.000,2025/May 2025/daily cum dated 09.05.2025.xls,0.400,,0.000
2025-05-09,494,Uttara Kannada,Coastal Karnataka,14.790,74.690,0.000,2.100,-100.000,2025/May 2025/daily cum dated 09.05.2025.xls,0.100,,0.600
2025-05-10,492,Dakshina Kannada,Coastal Karnataka,12.840,74.860,0.000,4.500,-100.000,2025/May 2025/daily cum dated 10.05.2025.xls,0.000,,0.000
2025-05-10,493,Udupi,Coastal Karnataka,13.340,74.740,0.000,3.300,-100.000,2025/May 2025/daily cum dated 10.05.2025.xls,0.200,,0.600
2025-05-10,494,Uttara Kannada,Coastal Karnataka,14.790,74.690,0.000,1.000,-100.000,2025/May 2025/daily cum dated 10.05.2025.xls,0.000,,0.600
2025-05-11,492,Dakshina Kannada,Coastal Karnataka,12.840,74.860,4.200,2.800,51.000,2025/May 2025/daily cum dated 11.05.2025.xls,0.500,,2.400
2025-05-11,493,Udupi,Coastal Karnataka,13.340,74.740,0.200,1.900,-87.000,2025/May 2025/daily cum dated 11.05.2025.xls,0.400,,3.000
2025-05-11,494,Uttara Kannada,Coastal Karnataka,14.790,74.690,0.000,0.900,-100.000,2025/May 2025/daily cum dated 11.05.2025.xls,0.000,,1.200
2025-05-12,492,Dakshina Kannada,Coastal Karnataka,12.840,74.860,2.600,4.500,-42.000,2025/May 2025/daily cum dated 12.05.2025.xls,5.900,,7.800
2025-05-12,493,Udupi,Coastal Karnataka,13.340,74.740,1.500,2.100,-30.000,2025/May 2025/daily cum dated 12.05.2025.xls,20.200,,6.000
2025-05-12,494,Uttara Kannada,Coastal Karnataka,14.790,74.690,0.100,1.400,-95.000,2025/May 2025/daily cum dated 12.05.2025.xls,5.000,,4.800
2025-05-13,492,Dakshina Kannada,Coastal Karnataka,12.840,74.860,1.700,3.600,-53.000,2025/May 2025/daily cum dated 13.05.2025.xls,4.800,,18.000
2025-05-13,493,Udupi,Coastal Karnataka,13.340,74.740,0.800,2.000,-58.000,2025/May 2025/daily cum dated 13.05.2025.xls,3.100,,15.600
2025-05-13,494,Uttara Kannada,Coastal Karnataka,14.790,74.690,4.800,1.500,222.000,2025/May 2025/daily cum dated 13.05.2025.xls,2.400,,9.000
2025-05-14,492,Dakshina Kannada,Coastal Karnataka,12.840,74.860,10.000,3.100,222.000,2025/May 2025/daily cum dated 14.05.2025.xls,0.400,,12.600
2025-05-14,493,Udupi,Coastal Karnataka,13.340,74.740,10.700,2.300,367.000,2025/May 2025/daily cum dated 14.05.2025.xls,4.400,,9.000
2025-05-14,494,Uttara Kannada,Coastal Karnataka,14.790,74.690,3.200,1.800,80.000,2025/May 2025/daily cum dated 14.05.2025.xls,0.000,,4.200
2025-05-15,492,Dakshina Kannada,Coastal Karnataka,12.840,74.860,0.000,7.300,-100.000,2025/May 2025/daily cum dated 15.05.2025.xls,0.900,,7.800
2025-05-15,493,Udupi,Coastal Karnataka,13.340,74.740,0.000,4.300,-100.000,2025/May 2025/daily cum dated 15.05.2025.xls,0.700,,6.000
2025-05-15,494,Uttara Kannada,Coastal Karnataka,14.790,74.690,2.500,3.600,-32.000,2025/May 2025/daily cum dated 15.05.2025.xls,0.000,,6.600
2025-05-16,492,Dakshina Kannada,Coastal Karnataka,12.840,74.860,1.100,4.900,-78.000,2025/May 2025/daily cum dated 16.05.2025.xls,2.500,,10.200
2025-05-16,493,Udupi,Coastal Karnataka,13.340,74.740,6.600,4.200,56.000,2025/May 2025/daily cum dated 16.05.2025.xls,11.800,,9.600
2025-05-16,494,Uttara Kannada,Coastal Karnataka,14.790,74.690,2.600,1.700,56.000,2025/May 2025/daily cum dated 16.05.2025.xls,3.900,,6.600
2025-05-17,492,Dakshina Kannada,Coastal Karnataka,12.840,74.860,8.000,4.100,96.000,2025/May 2025/daily cum dated 17.05.2025.xls,4.900,,12.600
2025-05-17,493,Udupi,Coastal Karnataka,13.340,74.740,2.800,3.500,-21.000,2025/May 2025/daily cum dated 17.05.2025.xls,5.400,,9.600
2025-05-17,494,Uttara Kannada,Coastal Karnataka,14.790,74.690,6.600,2.900,127.000,2025/May 2025/daily cum dated 17.05.2025.xls,14.000,,7.200
2025-05-18,492,Dakshina Kannada,Coastal Karnataka,12.840,74.860,6.900,5.000,39.000,2025/May 2025/daily cum dated 18.05.2025.xls,5.100,,18.000
2025-05-18,493,Udupi,Coastal Karnataka,13.340,74.740,1.500,6.200,-76.000,2025/May 2025/daily cum dated 18.05.2025.xls,4.500,,13.800
2025-05-18,494,Uttara Kannada,Coastal Karnataka,14.790,74.690,8.100,3.300,146.000,2025/May 2025/daily cum dated 18.05.2025.xls,10.700,,9.600
2025-05-19,492,Dakshina Kannada,Coastal Karnataka,12.840,74.860,4.800,6.100,-21.000,2025/May 2025/daily cum dated 19.05.2025.xls,6.800,,37.200
2025-05-19,493,Udupi,Coastal Karnataka,13.340,74.740,0.100,6.000,-99.000,2025/May 2025/daily cum dated 19.05.2025.xls,9.300,,39.000
2025-05-19,494,Uttara Kannada,Coastal Karnataka,14.790,74.690,5.900,3.800,54.000,2025/May 2025/daily cum dated 19.05.2025.xls,30.400,,26.400
2025-05-20,492,Dakshina Kannada,Coastal Karnataka,12.840,74.860,45.300,6.700,576.000,2025/May 2025/daily cum dated 20.05.2025.xls,49.000,,93.000
2025-05-20,493,Udupi,Coastal Karnataka,13.340,74.740,52.500,6.300,733.000,2025/May 2025/daily cum dated 20.05.2025.xls,38.800,,94.200
2025-05-20,494,Uttara Kannada,Coastal Karnataka,14.790,74.690,25.600,3.200,701.000,2025/May 2025/daily cum dated 20.05.2025.xls,52.400,,34.200
2025-05-21,492,Dakshina Kannada,Coastal Karnataka,12.840,74.860,77.200,6.000,1186.000,2025/May 2025/daily cum dated 21.05.2025.xls,16.100,,27.600
2025-05-21,493,Udupi,Coastal Karnataka,13.340,74.740,146.200,6.700,2081.000,2025/May 2025/daily cum dated 21.05.2025.xls,21.000,,43.200
2025-05-21,494,Uttara Kannada,Coastal Karnataka,14.790,74.690,97.800,3.000,3161.000,2025/May 2025/daily cum dated 21.05.2025.xls,10.400,,49.800
2025-05-22,492,Dakshina Kannada,Coastal Karnataka,12.840,74.860,21.800,4.900,346.000,2025/May 2025/daily cum dated 22.05.2025.xls,8.700,,8.400
2025-05-22,493,Udupi,Coastal Karnataka,13.340,74.740,38.100,5.900,546.000,2025/May 2025/daily cum dated 22.05.2025.xls,16.100,,13.200
2025-05-22,494,Uttara Kannada,Coastal Karnataka,14.790,74.690,58.500,3.500,1571.000,2025/May 2025/daily cum dated 22.05.2025.xls,6.800,,14.400
2025-05-23,492,Dakshina Kannada,Coastal Karnataka,12.840,74.860,18.500,3.700,399.000,2025/May 2025/daily cum dated 23.05.2025.xls,38.400,,49.800
2025-05-23,493,Udupi,Coastal Karnataka,13.340,74.740,41.400,3.600,1051.000,2025/May 2025/daily cum dated 23.05.2025.xls,30.600,,60.600
2025-05-23,494,Uttara Kannada,Coastal Karnataka,14.790,74.690,61.400,2.100,2824.000,2025/May 2025/daily cum dated 23.05.2025.xls,79.900,,52.800
2025-05-24,492,Dakshina Kannada,Coastal Karnataka,12.840,74.860,62.500,4.600,1258.000,2025/May 2025/daily cum dated 24.05.2025.xls,55.000,,60.600
2025-05-24,493,Udupi,Coastal Karnataka,13.340,74.740,55.600,5.100,989.000,2025/May 2025/daily cum dated 24.05.2025.xls,61.600,,60.600
2025-05-24,494,Uttara Kannada,Coastal Karnataka,14.790,74.690,60.500,3.200,1789.000,2025/May 2025/daily cum dated 24.05.2025.xls,28.600,,55.800
2025-05-25,492,Dakshina Kannada,Coastal Karnataka,12.840,74.860,68.600,6.300,988.000,2025/May 2025/daily cum dated 25.05.2025.xls,66.100,,56.400
2025-05-25,493,Udupi,Coastal Karnataka,13.340,74.740,104.000,7.300,1325.000,2025/May 2025/daily cum dated 25.05.2025.xls,61.800,,52.200
2025-05-25,494,Uttara Kannada,Coastal Karnataka,14.790,74.690,36.300,3.200,1035.000,2025/May 2025/daily cum dated 25.05.2025.xls,56.200,,45.600
2025-05-26,492,Dakshina Kannada,Coastal Karnataka,12.840,74.860,128.900,7.300,1666.000,2025/May 2025/daily cum dated 26.05.2025.xls,60.800,,52.800
2025-05-26,493,Udupi,Coastal Karnataka,13.340,74.740,58.200,6.400,809.000,2025/May 2025/daily cum dated 26.05.2025.xls,36.600,,53.400
2025-05-26,494,Uttara Kannada,Coastal Karnataka,14.790,74.690,38.200,2.600,1369.000,2025/May 2025/daily cum dated 26.05.2025.xls,14.000,,34.800
2025-05-27,492,Dakshina Kannada,Coastal Karnataka,12.840,74.860,134.300,7.100,1792.000,2025/May 2025/daily cum dated 27.05.2025.xls,53.500,,36.000
2025-05-27,493,Udupi,Coastal Karnataka,13.340,74.740,107.200,5.900,1716.000,2025/May 2025/daily cum dated 27.05.2025.xls,57.100,,42.600
2025-05-27,494,Uttara Kannada,Coastal Karnataka,14.790,74.690,25.400,3.900,552.000,2025/May 2025/daily cum dated 27.05.2025.xls,15.300,,31.800
2025-05-28,492,Dakshina Kannada,Coastal Karnataka,12.840,74.860,47.400,10.700,343.000,2025/May 2025/daily cum dated 28.05.2025.xls,66.900,,49.200
2025-05-28,493,Udupi,Coastal Karnataka,13.340,74.740,76.200,10.400,633.000,2025/May 2025/daily cum dated 28.05.2025.xls,69.900,,57.000
2025-05-28,494,Uttara Kannada,Coastal Karnataka,14.790,74.690,22.100,4.200,427.000,2025/May 2025/daily cum dated 28.05.2025.xls,15.300,,31.800
2025-05-29,492,Dakshina Kannada,Coastal Karnataka,12.840,74.860,80.200,11.200,616.000,2025/May 2025/daily cum dated 29.05.2025.xls,60.600,,69.000
2025-05-29,493,Udupi,Coastal Karnataka,13.340,74.740,86.500,9.100,851.000,2025/May 2025/daily cum dated 29.05.2025.xls,32.100,,78.000
2025-05-29,494,Uttara Kannada,Coastal Karnataka,14.790,74.690,65.400,4.900,1234.000,2025/May 2025/daily cum dated 29.05.2025.xls,24.100,,47.400
2025-05-30,492,Dakshina Kannada,Coastal Karnataka,12.840,74.860,123.200,12.900,855.000,2025/May 2025/daily cum dated 30.05.2025.xls,95.400,,62.400
2025-05-30,493,Udupi,Coastal Karnataka,13.340,74.740,141.400,12.400,1040.000,2025/May 2025/daily cum dated 30.05.2025.xls,79.200,,46.800
2025-05-30,494,Uttara Kannada,Coastal Karnataka,14.790,74.690,60.200,7.500,702.000,2025/May 2025/daily cum dated 30.05.2025.xls,4.200,,9.600
2025-05-31,492,Dakshina Kannada,Coastal Karnataka,12.840,74.860,130.300,11.800,1004.000,2025/May 2025/daily cum dated 31.05.2025.xls,28.100,,12.000
2025-05-31,493,Udupi,Coastal Karnataka,13.340,74.740,13.200,10.900,21.000,2025/May 2025/daily cum dated 31.05.2025.xls,27.600,,10.200
2025-05-31,494,Uttara Kannada,Coastal Karnataka,14.790,74.690,2.100,6.900,-70.000,2025/May 2025/daily cum dated 31.05.2025.xls,0.600,,4.200
2025-06-01,492,Dakshina Kannada,Coastal Karnataka,12.840,74.860,11.100,11.200,-1.000,2025/June 2025/daily cum dated 01.06.2025.xls,23.300,,11.400
2025-06-01,493,Udupi,Coastal Karnataka,13.340,74.740,17.000,12.600,35.000,2025/June 2025/daily cum dated 01.06.2025.xls,35.700,,13.200
2025-06-01,494,Uttara Kannada,Coastal Karnataka,14.790,74.690,12.100,8.700,39.000,2025/June 2025/daily cum dated 01.06.2025.xls,0.300,,8.400
2025-06-02,492,Dakshina Kannada,Coastal Karnataka,12.840,74.860,11.900,12.700,-6.000,2025/June 2025/daily cum dated 02.06.2025.xls,31.000,,15.000
2025-06-02,493,Udupi,Coastal Karnataka,13.340,74.740,12.500,13.000,-4.000,2025/June 2025/daily cum dated 02.06.2025.xls,31.000,,17.400
2025-06-02,494,Uttara Kannada,Coastal Karnataka,14.790,74.690,16.900,7.400,129.000,2025/June 2025/daily cum dated 02.06.2025.xls,6.400,,12.600
2025-06-03,492,Dakshina Kannada,Coastal Karnataka,12.840,74.860,30.400,17.700,72.000,2025/June 2025/daily cum dated 03.06.2025.xls,28.700,,18.600
2025-06-03,493,Udupi,Coastal Karnataka,13.340,74.740,35.700,20.100,78.000,2025/June 2025/daily cum dated 03.06.2025.xls,27.600,,18.000
2025-06-03,494,Uttara Kannada,Coastal Karnataka,14.790,74.690,22.500,11.700,92.000,2025/June 2025/daily cum dated 03.06.2025.xls,5.700,,10.200
2025-06-04,492,Dakshina Kannada,Coastal Karnataka,12.840,74.860,18.100,13.600,33.000,2025/June 2025/daily cum dated 04.06.2025.xls,11.600,,10.200
2025-06-04,493,Udupi,Coastal Karnataka,13.340,74.740,12.800,18.900,-32.000,2025/June 2025/daily cum dated 04.06.2025.xls,17.200,,10.200
2025-06-04,494,Uttara Kannada,Coastal Karnataka,14.790,74.690,8.300,11.100,-25.000,2025/June 2025/daily cum dated 04.06.2025.xls,1.700,,7.800
2025-06-05,492,Dakshina Kannada,Coastal Karnataka,12.840,74.860,3.100,20.000,-84.000,2025/June 2025/daily cum dated 05.06.2025.xls,0.000,,1.800
2025-06-05,493,Udupi,Coastal Karnataka,13.340,74.740,4.400,20.800,-79.000,2025/June 2025/daily cum dated 05.06.2025.xls,0.100,,1.800
2025-06-05,494,Uttara Kannada,Coastal Karnataka,14.790,74.690,14.600,13.000,13.000,2025/June 2025/daily cum dated 05.06.2025.xls,0.000,,1.800
2025-06-06,492,Dakshina Kannada,Coastal Karnataka,12.840,74.860,0.600,26.600,-98.000,2025/June 2025/daily cum dated 06.06.2025.xls,0.000,,2.400
2025-06-06,493,Udupi,Coastal Karnataka,13.340,74.740,0.400,27.600,-99.000,2025/June 2025/daily cum dated 06.06.2025.xls,0.000,,2.400
2025-06-06,494,Uttara Kannada,Coastal Karnataka,14.790,74.690,2.800,17.600,-84.000,2025/June 2025/daily cum dated 06.06.2025.xls,0.000,,1.800
2025-06-07,492,Dakshina Kannada,Coastal Karnataka,12.840,74.860,0.300,22.400,-99.000,2025/June 2025/daily cum dated 07.06.2025.xls,2.300,,3.000
2025-06-07,493,Udupi,Coastal Karnataka,13.340,74.740,0.700,31.200,-98.000,2025/June 2025/daily cum dated 07.06.2025.xls,1.900,,4.200
2025-06-07,494,Uttara Kannada,Coastal Karnataka,14.790,74.690,1.300,20.000,-93.000,2025/June 2025/daily cum dated 07.06.2025.xls,0.900,,3.600
2025-06-08,492,Dakshina Kannada,Coastal Karnataka,12.840,74.860,2.700,25.500,-90.000,2025/June 2025/daily cum dated 08.06.2025.xls,4.400,,8.400
2025-06-08,493,Udupi,Coastal Karnataka,13.340,74.740,5.500,31.900,-83.000,2025/June 2025/daily cum dated 08.06.2025.xls,4.000,,7.800
2025-06-08,494,Uttara Kannada,Coastal Karnataka,14.790,74.690,5.100,19.200,-74.000,2025/June 2025/daily cum dated 08.06.2025.xls,0.500,,7.200
2025-06-09,492,Dakshina Kannada,Coastal Karnataka,12.840,74.860,12.800,27.200,-53.000,2025/June 2025/daily cum dated 09.06.2025.xls,7.300,,12.600
2025-06-09,493,Udupi,Coastal Karnataka,13.340,74.740,30.700,33.400,-8.000,2025/June 2025/daily cum dated 09.06.2025.xls,4.300,,14.400
2025-06-09,494,Uttara Kannada,Coastal Karnataka,14.790,74.690,6.900,18.100,-62.000,2025/June 2025/daily cum dated 09.06.2025.xls,3.500,,10.200
2025-06-10,492,Dakshina Kannada,Coastal Karnataka,12.840,74.860,5.500,25.100,-78.000,2025/June 2025/daily cum dated 10.06.2025.xls,6.200,,27.000
2025-06-10,493,Udupi,Coastal Karnataka,13.340,74.740,5.800,34.300,-83.000,2025/June 2025/daily cum dated 10.06.2025.xls,14.300,,25.200
2025-06-10,494,Uttara Kannada,Coastal Karnataka,14.790,74.690,1.800,21.800,-92.000,2025/June 2025/daily cum dated 10.06.2025.xls,0.400,,3.600
2025-06-11,492,Dakshina Kannada,Coastal Karnataka,12.840,74.860,19.000,31.500,-40.000,2025/June 2025/daily cum dated 11.06.2025.xls,47.400,,39.600
2025-06-11,493,Udupi,Coastal Karnataka,13.340,74.740,24.800,38.200,-35.000,2025/June 2025/daily cum dated 11.06.2025.xls,50.700,,39.600
2025-06-11,494,Uttara Kannada,Coastal Karnataka,14.790,74.690,0.700,23.700,-97.000,2025/June 2025/daily cum dated 11.06.2025.xls,2.100,,18.000
2025-06-12,492,Dakshina Kannada,Coastal Karnataka,12.840,74.860,65.700,33.000,99.000,2025/June 2025/daily cum dated 12.06.2025.xls,175.500,,50.400
2025-06-12,493,Udupi,Coastal Karnataka,13.340,74.740,107.800,42.500,154.000,2025/June 2025/daily cum dated 12.06.2025.xls,148.300,,74.400
2025-06-12,494,Uttara Kannada,Coastal Karnataka,14.790,74.690,80.000,28.200,184.000,2025/June 2025/daily cum dated 12.06.2025.xls,9.400,,34.200
2025-06-13,492,Dakshina Kannada,Coastal Karnataka,12.840,74.860,51.400,33.700,52.000,2025/June 2025/daily cum dated 13.06.2025.xls,76.300,,51.000
2025-06-13,493,Udupi,Coastal Karnataka,13.340,74.740,113.400,46.100,146.000,2025/June 2025/daily cum dated 13.06.2025.xls,88.600,,65.400
2025-06-13,494,Uttara Kannada,Coastal Karnataka,14.790,74.690,61.000,25.600,138.000,2025/June 2025/daily cum dated 13.06.2025.xls,8.200,,35.400
2025-06-14,492,Dakshina Kannada,Coastal Karnataka,12.840,74.860,54.200,41.500,31.000,2025/June 2025/daily cum dated 14.06.2025.xls,77.200,,71.400
2025-06-14,493,Udupi,Coastal Karnataka,13.340,74.740,60.800,44.600,36.000,2025/June 2025/daily cum dated 14.06.2025.xls,74.600,,72.600
2025-06-14,494,Uttara Kannada,Coastal Karnataka,14.790,74.690,29.000,27.200,7.000,2025/June 2025/daily cum dated 14.06.2025.xls,16.800,,36.600
2025-06-15,492,Dakshina Kannada,Coastal Karnataka,12.840,74.860,118.300,35.200,236.000,2025/June 2025/daily cum dated 15.06.2025.xls,86.000,,73.200
2025-06-15,493,Udupi,Coastal Karnataka,13.340,74.740,57.800,40.600,42.000,2025/June 2025/daily cum dated 15.06.2025.xls,137.100,,75.000
2025-06-15,494,Uttara Kannada,Coastal Karnataka,14.790,74.690,45.800,27.100,69.000,2025/June 2025/daily cum dated 15.06.2025.xls,50.800,,54.000
2025-06-16,492,Dakshina Kannada,Coastal Karnataka,12.840,74.860,140.800,34.400,309.000,2025/June 2025/daily cum dated 16.06.2025.xls,88.500,,55.200
2025-06-16,493,Udupi,Coastal Karnataka,13.340,74.740,161.400,43.600,270.000,2025/June 2025/daily cum dated 16.06.2025.xls,96.400,,61.800
2025-06-16,494,Uttara Kannada,Coastal Karnataka,14.790,74.690,111.400,33.200,236.000,2025/June 2025/daily cum dated 16.06.2025.xls,43.100,,57.000
2025-06-18,492,Dakshina Kannada,Coastal Karnataka,12.840,74.860,60.300,41.900,44.000,2025/June 2025/daily cum dated 18.06.2025.xls,27.200,,18.600
2025-06-18,493,Udupi,Coastal Karnataka,13.340,74.740,46.900,47.500,-1.000,2025/June 2025/daily cum dated 18.06.2025.xls,28.500,,19.800
2025-06-18,494,Uttara Kannada,Coastal Karnataka,14.790,74.690,21.400,32.600,-34.000,2025/June 2025/daily cum dated 18.06.2025.xls,2.800,,16.800
2025-06-19,492,Dakshina Kannada,Coastal Karnataka,12.840,74.860,17.400,39.000,-56.000,2025/June 2025/daily cum dated 19.06.2025.xls,34.700,,11.400
2025-06-19,493,Udupi,Coastal Karnataka,13.340,74.740,11.000,48.000,-77.000,2025/June 2025/daily cum dated 19.06.2025.xls,28.600,,13.200
2025-06-19,494,Uttara Kannada,Coastal Karnataka,14.790,74.690,23.000,34.200,-33.000,2025/June 2025/daily cum dated 19.06.2025.xls,2.800,,13.800
2025-06-20,492,Dakshina Kannada,Coastal Karnataka,12.840,74.860,16.000,36.700,-57.000,2025/June 2025/daily cum dated 20.06.2025.xls,34.900,,13.200
2025-06-20,493,Udupi,Coastal Karnataka,13.340,74.740,8.700,43.500,-80.000,2025/June 2025/daily cum dated 20.06.2025.xls,36.800,,17.400
2025-06-20,494,Uttara Kannada,Coastal Karnataka,14.790,74.690,15.700,30.800,-49.000,2025/June 2025/daily cum dated 20.06.2025.xls,2.700,,18.000
2025-06-21,492,Dakshina Kannada,Coastal Karnataka,12.840,74.860,13.000,35.800,-64.000,2025/June 2025/daily cum dated 21.06.2025.xls,20.500,,12.600
2025-06-21,493,Udupi,Coastal Karnataka,13.340,74.740,12.600,39.000,-68.000,2025/June 2025/daily cum dated 21.06.2025.xls,27.500,,15.000
2025-06-21,494,Uttara Kannada,Coastal Karnataka,14.790,74.690,19.800,26.400,-25.000,2025/June 2025/daily cum dated 21.06.2025.xls,3.300,,11.400
2025-06-22,492,Dakshina Kannada,Coastal Karnataka,12.840,74.860,14.200,35.900,-61.000,2025/June 2025/daily cum dated 22.06.2025.xls,44.500,,24.600
2025-06-22,493,Udupi,Coastal Karnataka,13.340,74.740,23.000,39.300,-41.000,2025/June 2025/daily cum dated 22.06.2025.xls,47.200,,28.200
2025-06-22,494,Uttara Kannada,Coastal Karnataka,14.790,74.690,16.400,28.700,-43.000,2025/June 2025/daily cum dated 22.06.2025.xls,5.200,,19.800
2025-06-23,492,Dakshina Kannada,Coastal Karnataka,12.840,74.860,72.100,35.800,101.000,2025/June 2025/daily cum dated 23.06.2025.xls,29.200,,25.800
2025-06-23,493,Udupi,Coastal Karnataka,13.340,74.740,37.000,40.400,-8.000,2025/June 2025/daily cum dated 23.06.2025.xls,42.200,,27.600
2025-06-23,494,Uttara Kannada,Coastal Karnataka,14.790,74.690,32.400,28.800,13.000,2025/June 2025/daily cum dated 23.06.2025.xls,2.700,,26.400
2025-06-24,492,Dakshina Kannada,Coastal Karnataka,12.840,74.860,33.900,37.400,-9.000,2025/June 2025/daily cum dated 24.06.2025.xls,20.400,,21.600
2025-06-24,493,Udupi,Coastal Karnataka,13.340,74.740,55.700,41.100,35.000,2025/June 2025/daily cum dated 24.06.2025.xls,23.500,,31.800
2025-06-24,494,Uttara Kannada,Coastal Karnataka,14.790,74.690,40.500,27.900,45.000,2025/June 2025/daily cum dated 24.06.2025.xls,9.500,,36.000
2025-06-25,492,Dakshina Kannada,Coastal Karnataka,12.840,74.860,43.500,34.800,25.000,2025/June 2025/daily cum dated 25.06.2025.xls,36.200,,28.200
2025-06-25,493,Udupi,Coastal Karnataka,13.340,74.740,28.600,40.400,-29.000,2025/June 2025/daily cum dated 25.06.2025.xls,41.200,,33.600
2025-06-25,494,Uttara Kannada,Coastal Karnataka,14.790,74.690,40.000,26.900,49.000,2025/June 2025/daily cum dated 25.06.2025.xls,7.500,,24.600
2025-06-26,492,Dakshina Kannada,Coastal Karnataka,12.840,74.860,40.800,39.300,4.000,2025/June 2025/daily cum dated 26.06.2025.xls,34.700,,24.600
2025-06-26,493,Udupi,Coastal Karnataka,13.340,74.740,32.900,42.600,-23.000,2025/June 2025/daily cum dated 26.06.2025.xls,28.200,,27.000
2025-06-26,494,Uttara Kannada,Coastal Karnataka,14.790,74.690,36.500,30.400,20.000,2025/June 2025/daily cum dated 26.06.2025.xls,8.100,,20.400
2025-06-27,492,Dakshina Kannada,Coastal Karnataka,12.840,74.860,41.400,36.400,14.000,2025/June 2025/daily cum dated 27.06.2025.xls,21.500,,15.600
2025-06-27,493,Udupi,Coastal Karnataka,13.340,74.740,26.700,39.400,-32.000,2025/June 2025/daily cum dated 27.06.2025.xls,16.200,,17.400
2025-06-27,494,Uttara Kannada,Coastal Karnataka,14.790,74.690,26.800,30.400,-12.000,2025/June 2025/daily cum dated 27.06.2025.xls,5.800,,15.600
2025-06-28,492,Dakshina Kannada,Coastal Karnataka,12.840,74.860,20.700,38.600,-46.000,2025/June 2025/daily cum dated 28.06.2025.xls,10.800,,16.200
2025-06-28,493,Udupi,Coastal Karnataka,13.340,74.740,18.700,44.500,-58.000,2025/June 2025/daily cum dated 28.06.2025.xls,10.100,,14.400
2025-06-28,494,Uttara Kannada,Coastal Karnataka,14.790,74.690,24.600,28.200,-13.000,2025/June 2025/daily cum dated 28.06.2025.xls,1.400,,12.600
2025-06-29,492,Dakshina Kannada,Coastal Karnataka,12.840,74.860,38.200,42.500,-10.000,2025/June 2025/daily cum dated 29.06.2025.xls,9.300,,11.400
2025-06-29,493,Udupi,Coastal Karnataka,13.340,74.740,21.900,46.000,-52.000,2025/June 2025/daily cum dated 29.06.2025.xls,10.400,,15.600
2025-06-29,494,Uttara Kannada,Coastal Karnataka,14.790,74.690,19.500,34.900,-44.000,2025/June 2025/daily cum dated 29.06.2025.xls,5.500,,14.400
2025-06-30,492,Dakshina Kannada,Coastal Karnataka,12.840,74.860,19.700,41.900,-53.000,2025/June 2025/daily cum dated 30.06.2025.xls,16.200,,15.000
2025-06-30,493,Udupi,Coastal Karnataka,13.340,74.740,24.800,45.400,-45.000,2025/June 2025/daily cum dated 30.06.2025.xls,23.700,,17.400
2025-06-30,494,Uttara Kannada,Coastal Karnataka,14.790,74.690,13.600,35.300,-62.000,2025/June 2025/daily cum dated 30.06.2025.xls,3.300,,12.600
2025-07-01,492,Dakshina Kannada,Coastal Karnataka,12.840,74.860,17.500,36.000,-51.000,2025/JULY 2025/daily cum dated 01.07.2025.xls,30.500,,15.000
2025-07-01,493,Udupi,Coastal Karnataka,13.340,74.740,19.400,43.100,-55.000,2025/JULY 2025/daily cum dated 01.07.2025.xls,37.300,,16.800
2025-07-01,494,Uttara Kannada,Coastal Karnataka,14.790,74.690,12.900,35.600,-64.000,2025/JULY 2025/daily cum dated 01.07.2025.xls,4.400,,13.800
2025-07-02,492,Dakshina Kannada,Coastal Karnataka,12.840,74.860,26.900,39.600,-32.000,2025/JULY 2025/daily cum dated 02.07.2025.xls,44.400,,35.400
2025-07-02,493,Udupi,Coastal Karnataka,13.340,74.740,30.000,47.800,-37.000,2025/JULY 2025/daily cum dated 02.07.2025.xls,56.400,,43.200
2025-07-02,494,Uttara Kannada,Coastal Karnataka,14.790,74.690,35.100,34.900,0.000,2025/JULY 2025/daily cum dated 02.07.2025.xls,7.200,,33.600
2025-07-03,492,Dakshina Kannada,Coastal Karnataka,12.840,74.860,65.200,37.400,74.000,2025/JULY 2025/daily cum dated 03.07.2025.xls,15.300,,27.600
2025-07-03,493,Udupi,Coastal Karnataka,13.340,74.740,64.600,45.500,42.000,2025/JULY 2025/daily cum dated 03.07.2025.xls,17.500,,35.400
2025-07-03,494,Uttara Kannada,Coastal Karnataka,14.790,74.690,55.000,35.700,54.000,2025/JULY 2025/daily cum dated 03.07.2025.xls,9.600,,27.600
2025-07-04,492,Dakshina Kannada,Coastal Karnataka,12.840,74.860,65.300,40.400,62.000,2025/JULY 2025/daily cum dated 04.07.2025.xls,20.500,,28.200
2025-07-04,493,Udupi,Coastal Karnataka,13.340,74.740,91.400,41.500,120.000,2025/JULY 2025/daily cum dated 04.07.2025.xls,21.900,,36.600
2025-07-04,494,Uttara Kannada,Coastal Karnataka,14.790,74.690,57.400,27.100,112.000,2025/JULY 2025/daily cum dated 04.07.2025.xls,11.400,,29.400
2025-07-05,492,Dakshina Kannada,Coastal Karnataka,12.840,74.860,51.500,33.300,55.000,2025/JULY 2025/daily cum dated 05.07.2025.xls,17.400,,31.200
2025-07-05,493,Udupi,Coastal Karnataka,13.340,74.740,81.800,43.700,87.000,2025/JULY 2025/daily cum dated 05.07.2025.xls,23.900,,39.000
2025-07-05,494,Uttara Kannada,Coastal Karnataka,14.790,74.690,49.100,31.500,56.000,2025/JULY 2025/daily cum dated 05.07.2025.xls,5.700,,26.400
2025-07-06,492,Dakshina Kannada,Coastal Karnataka,12.840,74.860,48.500,30.400,60.000,2025/JULY 2025/daily cum dated 06.07.2025.xls,19.600,,26.400
2025-07-06,493,Udupi,Coastal Karnataka,13.340,74.740,58.100,38.300,52.000,2025/JULY 2025/daily cum dated 06.07.2025.xls,19.100,,29.400
2025-07-06,494,Uttara Kannada,Coastal Karnataka,14.790,74.690,48.400,25.600,89.000,2025/JULY 2025/daily cum dated 06.07.2025.xls,8.500,,21.000
2025-07-07,492,Dakshina Kannada,Coastal Karnataka,12.840,74.860,39.700,35.800,11.000,2025/JULY 2025/daily cum dated 07.07.2025.xls,13.800,,17.400
2025-07-07,493,Udupi,Coastal Karnataka,13.340,74.740,26.100,35.100,-26.000,2025/JULY 2025/daily cum dated 07.07.2025.xls,16.600,,21.600
2025-07-07,494,Uttara Kannada,Coastal Karnataka,14.790,74.690,27.000,26.700,1.000,2025/JULY 2025/daily cum dated 07.07.2025.xls,3.600,,19.200
2025-07-08,492,Dakshina Kannada,Coastal Karnataka,12.840,74.860,18.700,36.800,-49.000,2025/JULY 2025/daily cum dated 08.07.2025.xls,13.100,,14.400
2025-07-08,493,Udupi,Coastal Karnataka,13.340,74.740,22.000,41.600,-47.000,2025/JULY 2025/daily cum dated 08.07.2025.xls,16.600,,18.000
2025-07-08,494,Uttara Kannada,Coastal Karnataka,14.790,74.690,15.400,31.300,-51.000,2025/JULY 2025/daily cum dated 08.07.2025.xls,8.200,,18.000
2025-07-09,492,Dakshina Kannada,Coastal Karnataka,12.840,74.860,23.300,33.900,-31.000,2025/JULY 2025/daily cum dated 09.07.2025.xls,21.600,,15.600
2025-07-09,493,Udupi,Coastal Karnataka,13.340,74.740,40.800,38.800,5.000,2025/JULY 2025/daily cum dated 09.07.2025.xls,29.000,,19.800
2025-07-09,494,Uttara Kannada,Coastal Karnataka,14.790,74.690,31.200,30.600,2.000,2025/JULY 2025/daily cum dated 09.07.2025.xls,1.600,,15.600
2025-07-10,492,Dakshina Kannada,Coastal Karnataka,12.840,74.860,35.500,38.700,-8.000,2025/JULY 2025/daily cum dated 10.07.2025.xls,23.800,,15.000
2025-07-10,493,Udupi,Coastal Karnataka,13.340,74.740,44.700,42.700,5.000,2025/JULY 2025/daily cum dated 10.07.2025.xls,27.900,,18.600
2025-07-10,494,Uttara Kannada,Coastal Karnataka,14.790,74.690,20.500,28.300,-28.000,2025/JULY 2025/daily cum dated 10.07.2025.xls,2.800,,12.000
2025-07-11,492,Dakshina Kannada,Coastal Karnataka,12.840,74.860,54.400,41.200,32.000,2025/JULY 2025/daily cum dated 11.07.2025.xls,40.200,,19.200
2025-07-11,493,Udupi,Coastal Karnataka,13.340,74.740,33.300,44.700,-25.000,2025/JULY 2025/daily cum dated 11.07.2025.xls,42.300,,21.000
2025-07-11,494,Uttara Kannada,Coastal Karnataka,14.790,74.690,14.300,30.300,-53.000,2025/JULY 2025/daily cum dated 11.07.2025.xls,5.600,,11.400
2025-07-13,492,Dakshina Kannada,Coastal Karnataka,12.840,74.860,21.000,34.300,-39.000,2025/JULY 2025/daily cum dated 13.07.2025.xls,37.700,,33.000
2025-07-13,493,Udupi,Coastal Karnataka,13.340,74.740,43.300,45.300,-4.000,2025/JULY 2025/daily cum dated 13.07.2025.xls,38.200,,34.200
2025-07-13,494,Uttara Kannada,Coastal Karnataka,14.790,74.690,28.200,31.500,-11.000,2025/JULY 2025/daily cum dated 13.07.2025.xls,3.900,,16.200
2025-07-14,492,Dakshina Kannada,Coastal Karnataka,12.840,74.860,59.300,40.700,46.000,2025/JULY 2025/daily cum dated 14.07.2025.xls,40.900,,32.400
2025-07-14,493,Udupi,Coastal Karnataka,13.340,74.740,57.400,46.100,25.000,2025/JULY 2025/daily cum dated 14.07.2025.xls,43.700,,40.200
2025-07-14,494,Uttara Kannada,Coastal Karnataka,14.790,74.690,26.900,34.000,-21.000,2025/JULY 2025/daily cum dated 14.07.2025.xls,4.800,,25.200
2025-07-15,492,Dakshina Kannada,Coastal Karnataka,12.840,74.860,81.500,38.200,113.000,2025/JULY 2025/daily cum dated 15.07.2025.xls,34.000,,40.200
2025-07-15,493,Udupi,Coastal Karnataka,13.340,74.740,70.400,43.700,61.000,2025/JULY 2025/daily cum dated 15.07.2025.xls,43.100,,49.200
2025-07-15,494,Uttara Kannada,Coastal Karnataka,14.790,74.690,62.100,31.400,98.000,2025/JULY 2025/daily cum dated 15.07.2025.xls,8.500,,31.800
2025-07-16,492,Dakshina Kannada,Coastal Karnataka,12.840,74.860,57.500,37.700,52.000,2025/JULY 2025/daily cum dated 16.07.2025.xls,45.200,,55.800
2025-07-16,493,Udupi,Coastal Karnataka,13.340,74.740,73.500,44.100,67.000,2025/JULY 2025/daily cum dated 16.07.2025.xls,51.300,,51.000
2025-07-16,494,Uttara Kannada,Coastal Karnataka,14.790,74.690,24.000,35.000,-31.000,2025/JULY 2025/daily cum dated 16.07.2025.xls,4.400,,22.200
2025-07-17,492,Dakshina Kannada,Coastal Karnataka,12.840,74.860,161.100,43.000,275.000,2025/JULY 2025/daily cum dated 17.07.2025.xls,28.900,,55.200
2025-07-17,493,Udupi,Coastal Karnataka,13.340,74.740,101.100,47.200,114.000,2025/JULY 2025/daily cum dated 17.07.2025.xls,15.700,,49.800
2025-07-17,494,Uttara Kannada,Coastal Karnataka,14.790,74.690,54.200,39.000,39.000,2025/JULY 2025/daily cum dated 17.07.2025.xls,1.000,,13.800
2025-07-18,492,Dakshina Kannada,Coastal Karnataka,12.840,74.860,26.900,38.800,-31.000,2025/JULY 2025/daily cum dated 18.07.2025.xls,29.600,,44.400
2025-07-18,493,Udupi,Coastal Karnataka,13.340,74.740,30.000,45.500,-34.000,2025/JULY 2025/daily cum dated 18.07.2025.xls,26.600,,43.200
2025-07-18,494,Uttara Kannada,Coastal Karnataka,14.790,74.690,53.800,38.800,39.000,2025/JULY 2025/daily cum dated 18.07.2025.xls,1.500,,18.600
2025-07-19,492,Dakshina Kannada,Coastal Karnataka,12.840,74.860,42.600,36.300,17.000,2025/JULY 2025/daily cum dated 19.07.2025.xls,93.000,,75.000
2025-07-19,493,Udupi,Coastal Karnataka,13.340,74.740,28.700,41.500,-31.000,2025/JULY 2025/daily cum dated 19.07.2025.xls,81.200,,76.200
2025-07-19,494,Uttara Kannada,Coastal Karnataka,14.790,74.690,49.600,33.300,49.000,2025/JULY 2025/daily cum dated 19.07.2025.xls,6.100,,26.400
2025-07-20,492,Dakshina Kannada,Coastal Karnataka,12.840,74.860,38.800,40.500,-4.000,2025/JULY 2025/daily cum dated 20.07.2025.xls,100.500,,58.200
2025-07-20,493,Udupi,Coastal Karnataka,13.340,74.740,71.500,45.600,57.000,2025/JULY 2025/daily cum dated 20.07.2025.xls,95.200,,55.800
2025-07-20,494,Uttara Kannada,Coastal Karnataka,14.790,74.690,42.700,34.700,23.000,2025/JULY 2025/daily cum dated 20.07.2025.xls,7.200,,21.600
2025-07-21,492,Dakshina Kannada,Coastal Karnataka,12.840,74.860,29.800,38.300,-22.000,2025/JULY 2025/daily cum dated 21.07.2025.xls,37.500,,47.400
2025-07-21,493,Udupi,Coastal Karnataka,13.340,74.740,33.600,38.100,-12.000,2025/JULY 2025/daily cum dated 21.07.2025.xls,67.200,,46.200
2025-07-21,494,Uttara Kannada,Coastal Karnataka,14.790,74.690,27.600,33.800,-18.000,2025/JULY 2025/daily cum dated 21.07.2025.xls,14.600,,25.200
2025-07-22,492,Dakshina Kannada,Coastal Karnataka,12.840,74.860,25.200,39.600,-36.000,2025/JULY 2025/daily cum dated 22.07.2025.xls,35.100,,41.400
2025-07-22,493,Udupi,Coastal Karnataka,13.340,74.740,24.300,41.300,-41.000,2025/JULY 2025/daily cum dated 22.07.2025.xls,47.200,,46.200
2025-07-22,494,Uttara Kannada,Coastal Karnataka,14.790,74.690,30.900,36.000,-14.000,2025/JULY 2025/daily cum dated 22.07.2025.xls,7.700,,24.600
2025-07-23,492,Dakshina Kannada,Coastal Karnataka,12.840,74.860,41.900,35.200,19.000,2025/JULY 2025/daily cum dated 23.07.2025.xls,52.100,,50.400
2025-07-23,493,Udupi,Coastal Karnataka,13.340,74.740,52.600,43.000,22.000,2025/JULY 2025/daily cum dated 23.07.2025.xls,46.100,,58.200
2025-07-23,494,Uttara Kannada,Coastal Karnataka,14.790,74.690,78.200,35.300,122.000,2025/JULY 2025/daily cum dated 23.07.2025.xls,11.800,,39.600
2025-07-24,492,Dakshina Kannada,Coastal Karnataka,12.840,74.860,63.300,36.800,72.000,2025/JULY 2025/daily cum dated 24.07.2025.xls,48.000,,38.400
2025-07-24,493,Udupi,Coastal Karnataka,13.340,74.740,91.300,41.400,121.000,2025/JULY 2025/daily cum dated 24.07.2025.xls,60.300,,51.600
2025-07-24,494,Uttara Kannada,Coastal Karnataka,14.790,74.690,79.200,31.700,150.000,2025/JULY 2025/daily cum dated 24.07.2025.xls,10.300,,46.200
2025-07-25,492,Dakshina Kannada,Coastal Karnataka,12.840,74.860,85.100,39.000,118.000,2025/JULY 2025/daily cum dated 25.07.2025.xls,38.500,,21.600
2025-07-25,493,Udupi,Coastal Karnataka,13.340,74.740,66.900,47.500,41.000,2025/JULY 2025/daily cum dated 25.07.2025.xls,58.800,,35.400
2025-07-25,494,Uttara Kannada,Coastal Karnataka,14.790,74.690,81.000,32.000,153.000,2025/JULY 2025/daily cum dated 25.07.2025.xls,19.000,,48.000
2025-07-26,492,Dakshina Kannada,Coastal Karnataka,12.840,74.860,32.100,35.800,-10.000,2025/JULY 2025/daily cum dated 26.07.2025.xls,31.400,,31.200
2025-07-26,493,Udupi,Coastal Karnataka,13.340,74.740,44.200,37.400,18.000,2025/JULY 2025/daily cum dated 26.07.2025.xls,42.300,,33.600
2025-07-26,494,Uttara Kannada,Coastal Karnataka,14.790,74.690,85.500,30.400,181.000,2025/JULY 2025/daily cum dated 26.07.2025.xls,12.000,,39.600
2025-07-27,492,Dakshina Kannada,Coastal Karnataka,12.840,74.860,53.000,37.800,40.000,2025/JULY 2025/daily cum dated 27.07.2025.xls,25.200,,12.600
2025-07-27,493,Udupi,Coastal Karnataka,13.340,74.740,59.700,38.700,54.000,2025/JULY 2025/daily cum dated 27.07.2025.xls,26.700,,15.000
2025-07-27,494,Uttara Kannada,Coastal Karnataka,14.790,74.690,40.700,30.200,35.000,2025/JULY 2025/daily cum dated 27.07.2025.xls,8.700,,20.400
2025-07-28,492,Dakshina Kannada,Coastal Karnataka,12.840,74.860,17.000,35.200,-52.000,2025/JULY 2025/daily cum dated 28.07.2025.xls,19.900,,4.200
2025-07-28,493,Udupi,Coastal Karnataka,13.340,74.740,27.300,35.400,-23.000,2025/JULY 2025/daily cum dated 28.07.2025.xls,11.200,,7.800
2025-07-28,494,Uttara Kannada,Coastal Karnataka,14.790,74.690,16.400,28.800,-43.000,2025/JULY 2025/daily cum dated 28.07.2025.xls,3.800,,12.000
2025-07-29,492,Dakshina Kannada,Coastal Karnataka,12.840,74.860,12.000,33.300,-64.000,2025/JULY 2025/daily cum dated 29.07.2025.xls,32.800,,11.400
2025-07-29,493,Udupi,Coastal Karnataka,13.340,74.740,15.000,38.500,-61.000,2025/JULY 2025/daily cum dated 29.07.2025.xls,32.400,,16.200
2025-07-29,494,Uttara Kannada,Coastal Karnataka,14.790,74.690,9.700,28.600,-66.000,2025/JULY 2025/daily cum dated 29.07.2025.xls,3.000,,14.400
2025-07-30,492,Dakshina Kannada,Coastal Karnataka,12.840,74.860,15.500,32.700,-53.000,2025/JULY 2025/daily cum dated 30.07.2025.xls,19.300,,10.800
2025-07-30,493,Udupi,Coastal Karnataka,13.340,74.740,31.600,36.600,-14.000,2025/JULY 2025/daily cum dated 30.07.2025.xls,22.100,,13.800
2025-07-30,494,Uttara Kannada,Coastal Karnataka,14.790,74.690,13.200,28.200,-53.000,2025/JULY 2025/daily cum dated 30.07.2025.xls,2.600,,10.200
2025-07-31,492,Dakshina Kannada,Coastal Karnataka,12.840,74.860,14.900,32.500,-54.000,2025/JULY 2025/daily cum dated 31.07.2025.xls,13.800,,10.200
2025-07-31,493,Udupi,Coastal Karnataka,13.340,74.740,15.400,32.600,-53.000,2025/JULY 2025/daily cum dated 31.07.2025.xls,20.600,,10.800
2025-07-31,494,Uttara Kannada,Coastal Karnataka,14.790,74.690,14.200,29.600,-52.000,2025/JULY 2025/daily cum dated 31.07.2025.xls,2.000,,7.800
2025-08-01,492,Dakshina Kannada,Coastal Karnataka,12.840,74.860,12.900,34.300,-62.000,2025/AUGUST 2025/daily cum dated 01.08.2025.xls,11.900,,24.000
2025-08-01,493,Udupi,Coastal Karnataka,13.340,74.740,17.800,40.100,-56.000,2025/AUGUST 2025/daily cum dated 01.08.2025.xls,13.100,,31.200
2025-08-01,494,Uttara Kannada,Coastal Karnataka,14.790,74.690,6.600,30.100,-78.000,2025/AUGUST 2025/daily cum dated 01.08.2025.xls,0.900,,19.800
2025-08-02,492,Dakshina Kannada,Coastal Karnataka,12.840,74.860,7.900,40.000,-80.000,2025/AUGUST 2025/daily cum dated 02.08.2025.xls,7.700,,25.800
2025-08-02,493,Udupi,Coastal Karnataka,13.340,74.740,16.600,42.100,-61.000,2025/AUGUST 2025/daily cum dated 02.08.2025.xls,10.800,,21.000
2025-08-02,494,Uttara Kannada,Coastal Karnataka,14.790,74.690,10.900,30.900,-65.000,2025/AUGUST 2025/daily cum dated 02.08.2025.xls,0.700,,8.400
2025-08-03,492,Dakshina Kannada,Coastal Karnataka,12.840,74.860,11.800,32.700,-64.000,2025/AUGUST 2025/daily cum dated 03.08.2025.xls,9.000,,24.000
2025-08-03,493,Udupi,Coastal Karnataka,13.340,74.740,50.900,35.800,42.000,2025/AUGUST 2025/daily cum dated 03.08.2025.xls,5.300,,20.400
2025-08-03,494,Uttara Kannada,Coastal Karnataka,14.790,74.690,20.600,33.000,-38.000,2025/AUGUST 2025/daily cum dated 03.08.2025.xls,0.400,,9.600
2025-08-04,492,Dakshina Kannada,Coastal Karnataka,12.840,74.860,21.200,36.100,-41.000,2025/AUGUST 2025/daily cum dated 04.08.2025.xls,12.100,,18.000
2025-08-04,493,Udupi,Coastal Karnataka,13.340,74.740,23.500,38.800,-39.000,2025/AUGUST 2025/daily cum dated 04.08.2025.xls,18.400,,16.800
2025-08-04,494,Uttara Kannada,Coastal Karnataka,14.790,74.690,2.200,34.100,-94.000,2025/AUGUST 2025/daily cum dated 04.08.2025.xls,4.600,,9.600
2025-08-05,492,Dakshina Kannada,Coastal Karnataka,12.840,74.860,0.500,35.100,-99.000,2025/AUGUST 2025/daily cum dated 05.08.2025.xls,14.300,,27.600
2025-08-05,493,Udupi,Coastal Karnataka,13.340,74.740,2.300,35.300,-94.000,2025/AUGUST 2025/daily cum dated 05.08.2025.xls,53.000,,25.800
2025-08-05,494,Uttara Kannada,Coastal Karnataka,14.790,74.690,3.300,31.200,-90.000,2025/AUGUST 2025/daily cum dated 05.08.2025.xls,8.600,,16.800
2025-08-06,492,Dakshina Kannada,Coastal Karnataka,12.840,74.860,43.900,33.100,32.000,2025/AUGUST 2025/daily cum dated 06.08.2025.xls,35.200,,26.400
2025-08-06,493,Udupi,Coastal Karnataka,13.340,74.740,42.500,33.200,28.000,2025/AUGUST 2025/daily cum dated 06.08.2025.xls,48.800,,36.000
2025-08-06,494,Uttara Kannada,Coastal Karnataka,14.790,74.690,49.800,28.400,75.000,2025/AUGUST 2025/daily cum dated 06.08.2025.xls,27.900,,13.800
2025-08-07,492,Dakshina Kannada,Coastal Karnataka,12.840,74.860,4.500,30.500,-85.000,2025/AUGUST 2025/daily cum dated 07.08.2025.xls,4.900,,8.400
2025-08-07,493,Udupi,Coastal Karnataka,13.340,74.740,8.000,32.100,-75.000,2025/AUGUST 2025/daily cum dated 07.08.2025.xls,5.600,,8.400
2025-08-07,494,Uttara Kannada,Coastal Karnataka,14.790,74.690,3.800,29.300,-87.000,2025/AUGUST 2025/daily cum dated 07.08.2025.xls,9.400,,6.000
2025-08-08,492,Dakshina Kannada,Coastal Karnataka,12.840,74.860,5.200,32.300,-84.000,2025/AUGUST 2025/daily cum dated 08.08.2025.xls,1.900,,15.600
2025-08-08,493,Udupi,Coastal Karnataka,13.340,74.740,0.500,39.700,-99.000,2025/AUGUST 2025/daily cum dated 08.08.2025.xls,4.100,,17.400
2025-08-08,494,Uttara Kannada,Coastal Karnataka,14.790,74.690,2.200,30.600,-93.000,2025/AUGUST 2025/daily cum dated 08.08.2025.xls,3.500,,14.400
2025-08-09,492,Dakshina Kannada,Coastal Karnataka,12.840,74.860,0.900,31.700,-97.000,2025/AUGUST 2025/daily cum dated 09.08.2025.xls,14.400,,18.600
2025-08-09,493,Udupi,Coastal Karnataka,13.340,74.740,0.200,37.600,-99.000,2025/AUGUST 2025/daily cum dated 09.08.2025.xls,21.300,,20.400
2025-08-09,494,Uttara Kannada,Coastal Karnataka,14.790,74.690,2.500,31.900,-92.000,2025/AUGUST 2025/daily cum dated 09.08.2025.xls,8.200,,18.600
2025-08-10,492,Dakshina Kannada,Coastal Karnataka,12.840,74.860,2.100,34.000,-94.000,2025/AUGUST 2025/daily cum dated 10.08.2025.xls,9.300,,13.800
2025-08-10,493,Udupi,Coastal Karnataka,13.340,74.740,5.600,38.300,-85.000,2025/AUGUST 2025/daily cum dated 10.08.2025.xls,22.700,,12.000
2025-08-10,494,Uttara Kannada,Coastal Karnataka,14.790,74.690,2.200,29.600,-93.000,2025/AUGUST 2025/daily cum dated 10.08.2025.xls,5.200,,9.000
2025-08-11,492,Dakshina Kannada,Coastal Karnataka,12.840,74.860,4.900,36.200,-86.000,2025/AUGUST 2025/daily cum dated 11.08.2025.xls,3.200,,9.000
2025-08-11,493,Udupi,Coastal Karnataka,13.340,74.740,16.800,41.200,-59.000,2025/AUGUST 2025/daily cum dated 11.08.2025.xls,3.100,,13.200
2025-08-11,494,Uttara Kannada,Coastal Karnataka,14.790,74.690,11.500,31.100,-63.000,2025/AUGUST 2025/daily cum dated 11.08.2025.xls,0.300,,12.000
2025-08-12,492,Dakshina Kannada,Coastal Karnataka,12.840,74.860,8.600,38.800,-78.000,2025/AUGUST 2025/daily cum dated 12.08.2025.xls,6.800,,13.800
2025-08-12,493,Udupi,Coastal Karnataka,13.340,74.740,12.600,44.000,-71.000,2025/AUGUST 2025/daily cum dated 12.08.2025.xls,6.900,,13.800
2025-08-12,494,Uttara Kannada,Coastal Karnataka,14.790,74.690,12.300,31.300,-61.000,2025/AUGUST 2025/daily cum dated 12.08.2025.xls,3.200,,11.400
2025-08-13,492,Dakshina Kannada,Coastal Karnataka,12.840,74.860,16.400,33.400,-51.000,2025/AUGUST 2025/daily cum dated 13.08.2025.xls,13.800,,34.200
2025-08-13,493,Udupi,Coastal Karnataka,13.340,74.740,24.900,35.100,-29.000,2025/AUGUST 2025/daily cum dated 13.08.2025.xls,23.400,,43.200
2025-08-13,494,Uttara Kannada,Coastal Karnataka,14.790,74.690,19.300,29.600,-35.000,2025/AUGUST 2025/daily cum dated 13.08.2025.xls,2.200,,25.800
2025-08-14,492,Dakshina Kannada,Coastal Karnataka,12.840,74.860,16.700,31.600,-47.000,2025/AUGUST 2025/daily cum dated 14.08.2025.xls,13.300,,31.800
2025-08-14,493,Udupi,Coastal Karnataka,13.340,74.740,37.200,35.000,6.000,2025/AUGUST 2025/daily cum dated 14.08.2025.xls,18.000,,46.800
2025-08-14,494,Uttara Kannada,Coastal Karnataka,14.790,74.690,34.400,26.300,31.000,2025/AUGUST 2025/daily cum dated 14.08.2025.xls,19.800,,29.400
2025-08-15,492,Dakshina Kannada,Coastal Karnataka,12.840,74.860,33.100,28.500,16.000,2025/AUGUST 2025/daily cum dated 15.08.2025.xls,29.300,,30.000
2025-08-15,493,Udupi,Coastal Karnataka,13.340,74.740,46.000,30.600,50.000,2025/AUGUST 2025/daily cum dated 15.08.2025.xls,30.100,,39.000
2025-08-15,494,Uttara Kannada,Coastal Karnataka,14.790,74.690,53.700,24.400,120.000,2025/AUGUST 2025/daily cum dated 15.08.2025.xls,6.500,,28.800
2025-08-16,492,Dakshina Kannada,Coastal Karnataka,12.840,74.860,40.800,28.800,41.000,2025/AUGUST 2025/daily cum dated 16.08.2025.xls,52.600,,30.000
2025-08-16,493,Udupi,Coastal Karnataka,13.340,74.740,28.100,30.500,-8.000,2025/AUGUST 2025/daily cum dated 16.08.2025.xls,72.300,,36.600
2025-08-16,494,Uttara Kannada,Coastal Karnataka,14.790,74.690,29.500,23.300,27.000,2025/AUGUST 2025/daily cum dated 16.08.2025.xls,32.000,,25.800
2025-08-17,492,Dakshina Kannada,Coastal Karnataka,12.840,74.860,42.300,32.100,32.000,2025/AUGUST 2025/daily cum dated 17.08.2025.xls,33.900,,42.600
2025-08-17,493,Udupi,Coastal Karnataka,13.340,74.740,40.700,33.700,21.000,2025/AUGUST 2025/daily cum dated 17.08.2025.xls,35.700,,52.800
2025-08-17,494,Uttara Kannada,Coastal Karnataka,14.790,74.690,41.100,25.900,59.000,2025/AUGUST 2025/daily cum dated 17.08.2025.xls,39.200,,49.800
2025-08-18,492,Dakshina Kannada,Coastal Karnataka,12.840,74.860,34.700,30.700,13.000,2025/AUGUST 2025/daily cum dated 18.08.2025.xls,38.100,,21.600
2025-08-18,493,Udupi,Coastal Karnataka,13.340,74.740,53.200,34.500,54.000,2025/AUGUST 2025/daily cum dated 18.08.2025.xls,41.200,,33.000
2025-08-18,494,Uttara Kannada,Coastal Karnataka,14.790,74.690,97.200,22.500,332.000,2025/AUGUST 2025/daily cum dated 18.08.2025.xls,7.700,,48.000
2025-08-19,492,Dakshina Kannada,Coastal Karnataka,12.840,74.860,30.100,24.800,21.000,2025/AUGUST 2025/daily cum dated 19.08.2025.xls,11.700,,6.600
2025-08-19,493,Udupi,Coastal Karnataka,13.340,74.740,76.500,31.800,141.000,2025/AUGUST 2025/daily cum dated 19.08.2025.xls,23.500,,13.800
2025-08-19,494,Uttara Kannada,Coastal Karnataka,14.790,74.690,76.400,21.000,264.000,2025/AUGUST 2025/daily cum dated 19.08.2025.xls,8.700,,35.400
2025-08-20,492,Dakshina Kannada,Coastal Karnataka,12.840,74.860,1.300,24.000,-94.000,2025/AUGUST 2025/daily cum dated 20.08.2025.xls,8.800,,9.000
2025-08-20,493,Udupi,Coastal Karnataka,13.340,74.740,3.300,25.400,-87.000,2025/AUGUST 2025/daily cum dated 20.08.2025.xls,19.500,,16.800
2025-08-20,494,Uttara Kannada,Coastal Karnataka,14.790,74.690,50.400,15.900,217.000,2025/AUGUST 2025/daily cum dated 20.08.2025.xls,6.900,,22.800
2025-08-21,492,Dakshina Kannada,Coastal Karnataka,12.840,74.860,8.300,21.300,-61.000,2025/AUGUST 2025/daily cum dated 21.08.2025.xls,4.600,,5.400
2025-08-21,493,Udupi,Coastal Karnataka,13.340,74.740,19.400,24.600,-21.000,2025/AUGUST 2025/daily cum dated 21.08.2025.xls,6.500,,7.800
2025-08-21,494,Uttara Kannada,Coastal Karnataka,14.790,74.690,28.000,17.500,60.000,2025/AUGUST 2025/daily cum dated 21.08.2025.xls,6.000,,7.800
2025-08-22,492,Dakshina Kannada,Coastal Karnataka,12.840,74.860,9.700,26.300,-63.000,2025/AUGUST 2025/daily cum dated 22.08.2025.xls,0.000,,3.000
2025-08-22,493,Udupi,Coastal Karnataka,13.340,74.740,11.900,24.500,-51.000,2025/AUGUST 2025/daily cum dated 22.08.2025.xls,1.300,,3.600
2025-08-22,494,Uttara Kannada,Coastal Karnataka,14.790,74.690,10.600,15.200,-30.000,2025/AUGUST 2025/daily cum dated 22.08.2025.xls,0.000,,3.000
2025-08-23,492,Dakshina Kannada,Coastal Karnataka,12.840,74.860,0.400,20.800,-98.000,2025/AUGUST 2025/daily cum dated 23.08.2025.xls,0.300,,3.600
2025-08-23,493,Udupi,Coastal Karnataka,13.340,74.740,1.200,24.400,-95.000,2025/AUGUST 2025/daily cum dated 23.08.2025.xls,1.700,,4.800
2025-08-23,494,Uttara Kannada,Coastal Karnataka,14.790,74.690,6.100,15.300,-60.000,2025/AUGUST 2025/daily cum dated 23.08.2025.xls,1.000,,4.800
2025-08-24,492,Dakshina Kannada,Coastal Karnataka,12.840,74.860,5.500,20.500,-73.000,2025/AUGUST 2025/daily cum dated 24.08.2025.xls,0.000,,1.800
2025-08-24,493,Udupi,Coastal Karnataka,13.340,74.740,11.400,20.800,-45.000,2025/AUGUST 2025/daily cum dated 24.08.2025.xls,1.400,,3.600
2025-08-24,494,Uttara Kannada,Coastal Karnataka,14.790,74.690,8.200,15.400,-47.000,2025/AUGUST 2025/daily cum dated 24.08.2025.xls,0.200,,4.200
2025-08-25,492,Dakshina Kannada,Coastal Karnataka,12.840,74.860,0.100,26.100,-99.000,2025/AUGUST 2025/daily cum dated 25.08.2025.xls,0.000,,1.200
2025-08-25,493,Udupi,Coastal Karnataka,13.340,74.740,0.200,28.700,-99.000,2025/AUGUST 2025/daily cum dated 25.08.2025.xls,0.700,,2.400
2025-08-25,494,Uttara Kannada,Coastal Karnataka,14.790,74.690,3.200,17.100,-81.000,2025/AUGUST 2025/daily cum dated 25.08.2025.xls,0.000,,3.000
2025-08-26,492,Dakshina Kannada,Coastal Karnataka,12.840,74.860,1.400,22.700,-94.000,2025/AUGUST 2025/daily cum dated 26.08.2025.xls,2.000,,16.200
2025-08-26,493,Udupi,Coastal Karnataka,13.340,74.740,10.300,27.100,-62.000,2025/AUGUST 2025/daily cum dated 26.08.2025.xls,5.000,,25.200
2025-08-26,494,Uttara Kannada,Coastal Karnataka,14.790,74.690,12.700,18.100,-30.000,2025/AUGUST 2025/daily cum dated 26.08.2025.xls,4.700,,19.200
2025-08-27,492,Dakshina Kannada,Coastal Karnataka,12.840,74.860,51.900,20.700,151.000,2025/AUGUST 2025/daily cum dated 27.08.2025.xls,33.700,,49.800
2025-08-27,493,Udupi,Coastal Karnataka,13.340,74.740,68.000,21.700,213.000,2025/AUGUST 2025/daily cum dated 27.08.2025.xls,38.900,,54.600
2025-08-27,494,Uttara Kannada,Coastal Karnataka,14.790,74.690,63.000,13.800,357.000,2025/AUGUST 2025/daily cum dated 27.08.2025.xls,8.300,,34.200
2025-08-28,492,Dakshina Kannada,Coastal Karnataka,12.840,74.860,71.800,18.500,288.000,2025/AUGUST 2025/daily cum dated 28.08.2025.xls,50.900,,51.600
2025-08-28,493,Udupi,Coastal Karnataka,13.340,74.740,78.700,20.000,293.000,2025/AUGUST 2025/daily cum dated 28.08.2025.xls,52.100,,67.200
2025-08-28,494,Uttara Kannada,Coastal Karnataka,14.790,74.690,93.100,13.900,569.000,2025/AUGUST 2025/daily cum dated 28.08.2025.xls,7.100,,40.800
2025-08-29,492,Dakshina Kannada,Coastal Karnataka,12.840,74.860,109.300,20.100,444.000,2025/AUGUST 2025/daily cum dated 29.08.2025.xls,47.200,,36.000
2025-08-29,493,Udupi,Coastal Karnataka,13.340,74.740,96.800,22.100,338.000,2025/AUGUST 2025/daily cum dated 29.08.2025.xls,35.100,,46.200
2025-08-29,494,Uttara Kannada,Coastal Karnataka,14.790,74.690,51.900,16.700,211.000,2025/AUGUST 2025/daily cum dated 29.08.2025.xls,1.500,,36.600
2025-08-30,492,Dakshina Kannada,Coastal Karnataka,12.840,74.860,48.900,17.100,186.000,2025/AUGUST 2025/daily cum dated 30.08.2025.xls,29.100,,24.000
2025-08-30,493,Udupi,Coastal Karnataka,13.340,74.740,31.400,23.100,36.000,2025/AUGUST 2025/daily cum dated 30.08.2025.xls,31.800,,27.600
2025-08-30,494,Uttara Kannada,Coastal Karnataka,14.790,74.690,47.100,16.500,185.000,2025/AUGUST 2025/daily cum dated 30.08.2025.xls,2.900,,15.600
2025-08-31,492,Dakshina Kannada,Coastal Karnataka,12.840,74.860,19.900,21.100,-6.000,2025/AUGUST 2025/daily cum dated 31.08.2025.xls,9.400,,19.800
2025-08-31,493,Udupi,Coastal Karnataka,13.340,74.740,16.500,24.500,-33.000,2025/AUGUST 2025/daily cum dated 31.08.2025.xls,12.100,,21.000
2025-08-31,494,Uttara Kannada,Coastal Karnataka,14.790,74.690,12.400,17.800,-30.000,2025/AUGUST 2025/daily cum dated 31.08.2025.xls,1.400,,10.800
2025-09-01,492,Dakshina Kannada,Coastal Karnataka,12.840,74.860,12.200,15.500,-22.000,2025/SEPT 2025/daily dated cum 01.09.2025.xls,8.700,,10.200
2025-09-01,493,Udupi,Coastal Karnataka,13.340,74.740,24.400,20.700,18.000,2025/SEPT 2025/daily dated cum 01.09.2025.xls,11.800,,12.000
2025-09-01,494,Uttara Kannada,Coastal Karnataka,14.790,74.690,16.300,15.900,3.000,2025/SEPT 2025/daily dated cum 01.09.2025.xls,1.000,,10.200
2025-09-02,492,Dakshina Kannada,Coastal Karnataka,12.840,74.860,8.400,15.800,-47.000,2025/SEPT 2025/daily dated cum 02.09.2025.xls,19.400,,12.000
2025-09-02,493,Udupi,Coastal Karnataka,13.340,74.740,11.900,17.500,-32.000,2025/SEPT 2025/daily dated cum 02.09.2025.xls,25.600,,19.200
2025-09-02,494,Uttara Kannada,Coastal Karnataka,14.790,74.690,10.800,12.300,-12.000,2025/SEPT 2025/daily dated cum 02.09.2025.xls,4.900,,18.000
2025-09-03,492,Dakshina Kannada,Coastal Karnataka,12.840,74.860,60.000,15.400,289.000,2025/SEPT 2025/daily dated cum 03.09.2025.xls,21.000,,20.400
2025-09-03,493,Udupi,Coastal Karnataka,13.340,74.740,36.400,19.300,89.000,2025/SEPT 2025/daily dated cum 03.09.2025.xls,23.900,,25.200
2025-09-03,494,Uttara Kannada,Coastal Karnataka,14.790,74.690,20.000,14.600,37.000,2025/SEPT 2025/daily dated cum 03.09.2025.xls,3.100,,14.400
2025-09-04,492,Dakshina Kannada,Coastal Karnataka,12.840,74.860,30.900,16.700,85.000,2025/SEPT 2025/daily dated cum 04.09.2025.xls,5.800,,16.800
2025-09-04,493,Udupi,Coastal Karnataka,13.340,74.740,23.600,15.800,49.000,2025/SEPT 2025/daily dated cum 04.09.2025.xls,7.900,,19.800
2025-09-04,494,Uttara Kannada,Coastal Karnataka,14.790,74.690,13.200,12.100,9.000,2025/SEPT 2025/daily dated cum 04.09.2025.xls,0.700,,12.000
2025-09-05,492,Dakshina Kannada,Coastal Karnataka,12.840,74.860,22.700,15.000,51.000,2025/SEPT 2025/daily dated cum 05.09.2025.xls,1.300,,15.000
2025-09-05,493,Udupi,Coastal Karnataka,13.340,74.740,12.700,16.000,-21.000,2025/SEPT 2025/daily dated cum 05.09.2025.xls,3.200,,13.800
2025-09-05,494,Uttara Kannada,Coastal Karnataka,14.790,74.690,7.400,11.500,-36.000,2025/SEPT 2025/daily dated cum 05.09.2025.xls,0.700,,6.000
2025-09-06,492,Dakshina Kannada,Coastal Karnataka,12.840,74.860,8.400,15.100,-45.000,2025/SEPT 2025/daily dated cum 06.09.2025.xls,0.400,,12.000
2025-09-06,493,Udupi,Coastal Karnataka,13.340,74.740,15.600,17.200,-10.000,2025/SEPT 2025/daily dated cum 06.09.2025.xls,1.500,,12.600
2025-09-06,494,Uttara Kannada,Coastal Karnataka,14.790,74.690,6.100,12.700,-52.000,2025/SEPT 2025/daily dated cum 06.09.2025.xls,0.700,,4.800
2025-09-07,492,Dakshina Kannada,Coastal Karnataka,12.840,74.860,4.500,14.600,-69.000,2025/SEPT 2025/daily dated cum 07.09.2025.xls,0.800,,6.000
2025-09-07,493,Udupi,Coastal Karnataka,13.340,74.740,8.600,18.000,-52.000,2025/SEPT 2025/daily dated cum 07.09.2025.xls,1.600,,7.200
2025-09-07,494,Uttara Kannada,Coastal Karnataka,14.790,74.690,7.000,11.800,-41.000,2025/SEPT 2025/daily dated cum 07.09.2025.xls,0.700,,4.800
2025-09-08,492,Dakshina Kannada,Coastal Karnataka,12.840,74.860,9.700,11.300,-14.000,2025/SEPT 2025/daily dated cum 08.09.2025.xls,0.000,,1.800
2025-09-08,493,Udupi,Coastal Karnataka,13.340,74.740,7.000,12.500,-44.000,2025/SEPT 2025/daily dated cum 08.09.2025.xls,0.700,,2.400
2025-09-08,494,Uttara Kannada,Coastal Karnataka,14.790,74.690,5.000,8.900,-44.000,2025/SEPT 2025/daily dated cum 08.09.2025.xls,0.900,,3.000
2025-09-09,492,Dakshina Kannada,Coastal Karnataka,12.840,74.860,0.200,11.800,-98.000,2025/SEPT 2025/daily dated cum 09.09.2025.xls,0.000,,0.600
2025-09-09,493,Udupi,Coastal Karnataka,13.340,74.740,2.000,12.500,-84.000,2025/SEPT 2025/daily dated cum 09.09.2025.xls,0.000,,1.200
2025-09-09,494,Uttara Kannada,Coastal Karnataka,14.790,74.690,6.100,7.500,-18.000,2025/SEPT 2025/daily dated cum 09.09.2025.xls,0.200,,1.800
2025-09-10,492,Dakshina Kannada,Coastal Karnataka,12.840,74.860,0.000,12.800,-100.000,2025/SEPT 2025/daily dated cum 10.09.2025.xls,0.000,,0.600
2025-09-10,493,Udupi,Coastal Karnataka,13.340,74.740,0.000,14.000,-100.000,2025/SEPT 2025/daily dated cum 10.09.2025.xls,0.000,,1.200
2025-09-10,494,Uttara Kannada,Coastal Karnataka,14.790,74.690,0.200,8.100,-98.000,2025/SEPT 2025/daily dated cum 10.09.2025.xls,0.000,,1.200
2025-09-11,492,Dakshina Kannada,Coastal Karnataka,12.840,74.860,0.000,10.700,-100.000,2025/SEPT 2025/daily dated cum 11.09.2025.xls,0.100,,0.000
2025-09-11,493,Udupi,Coastal Karnataka,13.340,74.740,0.000,13.600,-100.000,2025/SEPT 2025/daily dated cum 11.09.2025.xls,0.400,,0.600
2025-09-11,494,Uttara Kannada,Coastal Karnataka,14.790,74.690,0.400,6.400,-94.000,2025/SEPT 2025/daily dated cum 11.09.2025.xls,0.000,,0.600
2025-09-12,492,Dakshina Kannada,Coastal Karnataka,12.840,74.860,0.000,11.900,-100.000,2025/SEPT 2025/daily dated cum 12.09.2025.xls,0.300,,1.200
2025-09-12,493,Udupi,Coastal Karnataka,13.340,74.740,0.000,13.800,-100.000,2025/SEPT 2025/daily dated cum 12.09.2025.xls,0.900,,1.800
2025-09-12,494,Uttara Kannada,Coastal Karnataka,14.790,74.690,0.100,7.600,-98.000,2025/SEPT 2025/daily dated cum 12.09.2025.xls,3.700,,1.200
2025-09-13,492,Dakshina Kannada,Coastal Karnataka,12.840,74.860,0.000,13.400,-100.000,2025/SEPT 2025/daily dated cum 13.09.2025.xls,3.200,,2.400
2025-09-13,493,Udupi,Coastal Karnataka,13.340,74.740,0.000,13.200,-100.000,2025/SEPT 2025/daily dated cum 13.09.2025.xls,4.300,,3.000
2025-09-13,494,Uttara Kannada,Coastal Karnataka,14.790,74.690,1.200,8.000,-85.000,2025/SEPT 2025/daily dated cum 13.09.2025.xls,8.300,,8.400
2025-09-14,492,Dakshina Kannada,Coastal Karnataka,12.840,74.860,0.800,11.900,-94.000,2025/SEPT 2025/daily dated cum 14.09.2025.xls,0.100,,3.000
2025-09-14,493,Udupi,Coastal Karnataka,13.340,74.740,4.900,14.200,-65.000,2025/SEPT 2025/daily dated cum 14.09.2025.xls,0.600,,5.400
2025-09-14,494,Uttara Kannada,Coastal Karnataka,14.790,74.690,0.100,8.600,-99.000,2025/SEPT 2025/daily dated cum 14.09.2025.xls,1.900,,7.200
2025-09-15,492,Dakshina Kannada,Coastal Karnataka,12.840,74.860,7.100,13.400,-47.000,2025/SEPT 2025/daily dated cum 15.09.2025.xls,1.500,,10.200
2025-09-15,493,Udupi,Coastal Karnataka,13.340,74.740,5.900,15.300,-61.000,2025/SEPT 2025/daily dated cum 15.09.2025.xls,2.700,,13.800
2025-09-15,494,Uttara Kannada,Coastal Karnataka,14.790,74.690,7.000,9.200,-24.000,2025/SEPT 2025/daily dated cum 15.09.2025.xls,9.200,,8.400
2025-09-16,492,Dakshina Kannada,Coastal Karnataka,12.840,74.860,9.000,10.800,-17.000,2025/SEPT 2025/daily dated cum 16.09.2025.xls,10.300,,14.400
2025-09-16,493,Udupi,Coastal Karnataka,13.340,74.740,6.800,13.400,-49.000,2025/SEPT 2025/daily dated cum 16.09.2025.xls,10.600,,16.200
2025-09-16,494,Uttara Kannada,Coastal Karnataka,14.790,74.690,4.800,9.300,-49.000,2025/SEPT 2025/daily dated cum 16.09.2025.xls,13.000,,12.600
2025-09-17,492,Dakshina Kannada,Coastal Karnataka,12.840,74.860,5.100,9.200,-44.000,2025/SEPT 2025/daily dated cum 17.09.2025.xls,16.600,,19.200
2025-09-17,493,Udupi,Coastal Karnataka,13.340,74.740,4.900,9.900,-50.000,2025/SEPT 2025/daily dated cum 17.09.2025.xls,13.900,,21.600
2025-09-17,494,Uttara Kannada,Coastal Karnataka,14.790,74.690,4.400,8.900,-50.000,2025/SEPT 2025/daily dated cum 17.09.2025.xls,10.200,,14.400
2025-09-18,492,Dakshina Kannada,Coastal Karnataka,12.840,74.860,12.300,10.100,22.000,2025/SEPT 2025/daily dated cum 18.09.2025.xls,61.500,,15.600
2025-09-18,493,Udupi,Coastal Karnataka,13.340,74.740,29.100,9.500,206.000,2025/SEPT 2025/daily dated cum 18.09.2025.xls,44.100,,16.200
2025-09-18,494,Uttara Kannada,Coastal Karnataka,14.790,74.690,8.600,8.500,1.000,2025/SEPT 2025/daily dated cum 18.09.2025.xls,11.700,,12.600
2025-09-19,492,Dakshina Kannada,Coastal Karnataka,12.840,74.860,17.500,10.200,71.000,2025/SEPT 2025/daily dated cum 19.09.2025.xls,3.600,,8.400
2025-09-19,493,Udupi,Coastal Karnataka,13.340,74.740,16.900,9.900,71.000,2025/SEPT 2025/daily dated cum 19.09.2025.xls,7.900,,10.800
2025-09-19,494,Uttara Kannada,Coastal Karnataka,14.790,74.690,3.700,8.300,-56.000,2025/SEPT 2025/daily dated cum 19.09.2025.xls,8.000,,10.200
2025-09-20,492,Dakshina Kannada,Coastal Karnataka,12.840,74.860,4.400,12.400,-64.000,2025/SEPT 2025/daily dated cum 20.09.2025.xls,2.200,,7.800
2025-09-20,493,Udupi,Coastal Karnataka,13.340,74.740,10.600,10.800,-2.000,2025/SEPT 2025/daily dated cum 20.09.2025.xls,5.000,,7.800
2025-09-20,494,Uttara Kannada,Coastal Karnataka,14.790,74.690,6.900,8.800,-22.000,2025/SEPT 2025/daily dated cum 20.09.2025.xls,2.500,,6.600
2025-09-21,492,Dakshina Kannada,Coastal Karnataka,12.840,74.860,2.400,10.700,-77.000,2025/SEPT 2025/daily dated cum 21.09.2025.xls,0.100,,9.600
2025-09-21,493,Udupi,Coastal Karnataka,13.340,74.740,2.300,9.800,-76.000,2025/SEPT 2025/daily dated cum 21.09.2025.xls,1.300,,7.200
2025-09-21,494,Uttara Kannada,Coastal Karnataka,14.790,74.690,4.000,9.000,-56.000,2025/SEPT 2025/daily dated cum 21.09.2025.xls,2.000,,7.800
2025-09-22,492,Dakshina Kannada,Coastal Karnataka,12.840,74.860,5.600,7.900,-29.000,2025/SEPT 2025/daily dated cum 22.09.2025.xls,4.800,,18.600
2025-09-22,493,Udupi,Coastal Karnataka,13.340,74.740,3.800,10.200,-63.000,2025/SEPT 2025/daily dated cum 22.09.2025.xls,1.500,,16.200
2025-09-22,494,Uttara Kannada,Coastal Karnataka,14.790,74.690,3.000,9.400,-68.000,2025/SEPT 2025/daily dated cum 22.09.2025.xls,3.800,,10.200
2025-09-23,492,Dakshina Kannada,Coastal Karnataka,12.840,74.860,11.900,8.700,37.000,2025/SEPT 2025/daily dated cum 23.09.2025.xls,2.600,,16.800
2025-09-23,493,Udupi,Coastal Karnataka,13.340,74.740,20.400,8.700,134.000,2025/SEPT 2025/daily dated cum 23.09.2025.xls,4.400,,14.400
2025-09-23,494,Uttara Kannada,Coastal Karnataka,14.790,74.690,5.500,7.600,-28.000,2025/SEPT 2025/daily dated cum 23.09.2025.xls,1.900,,11.400
2025-09-24,492,Dakshina Kannada,Coastal Karnataka,12.840,74.860,5.200,10.700,-52.000,2025/SEPT 2025/daily dated cum 24.09.2025.xls,0.500,,6.000
2025-09-24,493,Udupi,Coastal Karnataka,13.340,74.740,16.900,12.200,39.000,2025/SEPT 2025/daily dated cum 24.09.2025.xls,1.900,,5.400
2025-09-24,494,Uttara Kannada,Coastal Karnataka,14.790,74.690,9.800,8.500,16.000,2025/SEPT 2025/daily dated cum 24.09.2025.xls,0.000,,4.800
2025-09-25,492,Dakshina Kannada,Coastal Karnataka,12.840,74.860,4.900,8.200,-40.000,2025/SEPT 2025/daily dated cum 25.09.2025.xls,4.700,,15.000
2025-09-25,493,Udupi,Coastal Karnataka,13.340,74.740,4.100,10.100,-59.000,2025/SEPT 2025/daily dated cum 25.09.2025.xls,9.500,,15.600
2025-09-25,494,Uttara Kannada,Coastal Karnataka,14.790,74.690,10.400,6.400,62.000,2025/SEPT 2025/daily dated cum 25.09.2025.xls,3.300,,9.000
2025-09-26,492,Dakshina Kannada,Coastal Karnataka,12.840,74.860,5.400,14.700,-63.000,2025/SEPT 2025/daily dated cum 26.09.2025.xls,7.600,,7.200
2025-09-26,493,Udupi,Coastal Karnataka,13.340,74.740,4.000,11.500,-65.000,2025/SEPT 2025/daily dated cum 26.09.2025.xls,10.600,,8.400
2025-09-26,494,Uttara Kannada,Coastal Karnataka,14.790,74.690,5.400,8.900,-39.000,2025/SEPT 2025/daily dated cum 26.09.2025.xls,1.500,,10.800
2025-09-27,492,Dakshina Kannada,Coastal Karnataka,12.840,74.860,18.100,9.200,96.000,2025/SEPT 2025/daily dated cum 27.09.2025.xls,27.100,,15.600
2025-09-27,493,Udupi,Coastal Karnataka,13.340,74.740,27.600,10.300,168.000,2025/SEPT 2025/daily dated cum 27.09.2025.xls,21.700,,23.400
2025-09-27,494,Uttara Kannada,Coastal Karnataka,14.790,74.690,21.400,7.000,206.000,2025/SEPT 2025/daily dated cum 27.09.2025.xls,4.100,,21.600
2025-09-28,492,Dakshina Kannada,Coastal Karnataka,12.840,74.860,46.500,7.700,504.000,2025/SEPT 2025/daily dated cum 28.09.2025.xls,17.300,,17.400
2025-09-28,493,Udupi,Coastal Karnataka,13.340,74.740,21.700,8.800,147.000,2025/SEPT 2025/daily dated cum 28.09.2025.xls,17.500,,26.400
2025-09-28,494,Uttara Kannada,Coastal Karnataka,14.790,74.690,15.800,6.300,150.000,2025/SEPT 2025/daily dated cum 28.09.2025.xls,5.600,,19.800
2025-09-29,492,Dakshina Kannada,Coastal Karnataka,12.840,74.860,17.400,11.800,47.000,2025/SEPT 2025/daily dated cum 29.09.2025.xls,18.600,,9.000
2025-09-29,493,Udupi,Coastal Karnataka,13.340,74.740,30.700,14.300,115.000,2025/SEPT 2025/daily dated cum 29.09.2025.xls,25.200,,15.000
2025-09-29,494,Uttara Kannada,Coastal Karnataka,14.790,74.690,72.700,7.900,820.000,2025/SEPT 2025/daily dated cum 29.09.2025.xls,9.100,,16.800
2025-09-30,492,Dakshina Kannada,Coastal Karnataka,12.840,74.860,2.600,8.300,-69.000,2025/SEPT 2025/daily dated cum 30.09.2025.xls,8.500,,6.600
2025-09-30,493,Udupi,Coastal Karnataka,13.340,74.740,2.900,11.200,-74.000,2025/SEPT 2025/daily dated cum 30.09.2025.xls,15.000,,9.000
2025-09-30,494,Uttara Kannada,Coastal Karnataka,14.790,74.690,10.800,7.200,50.000,2025/SEPT 2025/daily dated cum 30.09.2025.xls,1.300,,7.200
2025-10-01,492,Dakshina Kannada,Coastal Karnataka,12.840,74.860,3.300,10.800,-69.000,2025/oct 2025/daily dated cum 01.10.2025.xls,12.600,2.800,7.200
2025-10-01,493,Udupi,Coastal Karnataka,13.340,74.740,8.300,10.200,-19.000,2025/oct 2025/daily dated cum 01.10.2025.xls,17.300,4.500,9.600
2025-10-01,494,Uttara Kannada,Coastal Karnataka,14.790,74.690,23.000,7.300,215.000,2025/oct 2025/daily dated cum 01.10.2025.xls,0.800,3.400,7.800
2025-10-02,492,Dakshina Kannada,Coastal Karnataka,12.840,74.860,13.200,13.300,-1.000,2025/oct 2025/daily dated cum 02.10.2025.xls,4.000,5.800,9.000
2025-10-02,493,Udupi,Coastal Karnataka,13.340,74.740,14.000,13.700,2.000,2025/oct 2025/daily dated cum 02.10.2025.xls,6.700,4.400,11.400
2025-10-02,494,Uttara Kannada,Coastal Karnataka,14.790,74.690,18.200,8.600,112.000,2025/oct 2025/daily dated cum 02.10.2025.xls,0.600,3.300,8.400
2025-10-03,492,Dakshina Kannada,Coastal Karnataka,12.840,74.860,4.800,12.100,-60.000,2025/oct 2025/daily dated cum 03.10.2025.xls,0.200,1.400,5.400
2025-10-03,493,Udupi,Coastal Karnataka,13.340,74.740,4.900,14.000,-65.000,2025/oct 2025/daily dated cum 03.10.2025.xls,0.200,3.000,5.400
2025-10-03,494,Uttara Kannada,Coastal Karnataka,14.790,74.690,2.300,11.700,-80.000,2025/oct 2025/daily dated cum 03.10.2025.xls,0.500,1.900,2.400
2025-10-04,492,Dakshina Kannada,Coastal Karnataka,12.840,74.860,2.100,11.800,-82.000,2025/oct 2025/daily dated cum 04.10.2025.xls,0.000,4.600,6.000
2025-10-04,493,Udupi,Coastal Karnataka,13.340,74.740,4.600,11.600,-61.000,2025/oct 2025/daily dated cum 04.10.2025.xls,0.100,2.400,3.000
2025-10-04,494,Uttara Kannada,Coastal Karnataka,14.790,74.690,1.300,10.300,-87.000,2025/oct 2025/daily dated cum 04.10.2025.xls,0.000,0.800,1.200
2025-10-05,492,Dakshina Kannada,Coastal Karnataka,12.840,74.860,0.000,11.700,-100.000,2025/oct 2025/daily dated cum 05.10.2025.xls,0.500,1.100,1.800
2025-10-05,493,Udupi,Coastal Karnataka,13.340,74.740,0.300,12.100,-97.000,2025/oct 2025/daily dated cum 05.10.2025.xls,0.400,0.600,1.800
2025-10-05,494,Uttara Kannada,Coastal Karnataka,14.790,74.690,0.500,7.100,-93.000,2025/oct 2025/daily dated cum 05.10.2025.xls,0.900,4.500,2.400
2025-10-06,492,Dakshina Kannada,Coastal Karnataka,12.840,74.860,0.000,11.800,-100.000,2025/oct 2025/daily dated cum 06.10.2025.xls,0.000,0.500,0.000
2025-10-06,493,Udupi,Coastal Karnataka,13.340,74.740,0.000,10.800,-100.000,2025/oct 2025/daily dated cum 06.10.2025.xls,0.000,0.500,0.000
2025-10-06,494,Uttara Kannada,Coastal Karnataka,14.790,74.690,0.200,7.700,-98.000,2025/oct 2025/daily dated cum 06.10.2025.xls,0.000,0.100,0.000
2025-10-07,492,Dakshina Kannada,Coastal Karnataka,12.840,74.860,0.000,10.000,-100.000,2025/oct 2025/daily dated cum 07.10.2025.xls,0.100,0.200,0.000
2025-10-07,493,Udupi,Coastal Karnataka,13.340,74.740,0.000,8.400,-100.000,2025/oct 2025/daily dated cum 07.10.2025.xls,0.100,0.400,0.000
2025-10-07,494,Uttara Kannada,Coastal Karnataka,14.790,74.690,0.100,4.300,-97.000,2025/oct 2025/daily dated cum 07.10.2025.xls,0.700,0.800,1.200
2025-10-08,492,Dakshina Kannada,Coastal Karnataka,12.840,74.860,0.000,7.100,-100.000,2025/oct 2025/daily dated cum 08.10.2025.xls,12.600,0.500,3.600
2025-10-08,493,Udupi,Coastal Karnataka,13.340,74.740,0.000,6.100,-100.000,2025/oct 2025/daily dated cum 08.10.2025.xls,7.400,0.200,1.200
2025-10-08,494,Uttara Kannada,Coastal Karnataka,14.790,74.690,0.000,3.900,-100.000,2025/oct 2025/daily dated cum 08.10.2025.xls,0.500,0.800,1.800
2025-10-09,492,Dakshina Kannada,Coastal Karnataka,12.840,74.860,3.600,9.900,-64.000,2025/oct 2025/daily dated cum 09.10.2025.xls,32.600,4.700,7.800
2025-10-09,493,Udupi,Coastal Karnataka,13.340,74.740,0.700,5.500,-88.000,2025/oct 2025/daily dated cum 09.10.2025.xls,24.400,2.200,7.800
2025-10-09,494,Uttara Kannada,Coastal Karnataka,14.790,74.690,1.300,5.800,-78.000,2025/oct 2025/daily dated cum 09.10.2025.xls,5.000,6.800,8.400
2025-10-10,492,Dakshina Kannada,Coastal Karnataka,12.840,74.860,1.400,8.700,-83.000,2025/oct 2025/daily dated cum 10.10.2025.xls,12.100,8.500,14.400
2025-10-10,493,Udupi,Coastal Karnataka,13.340,74.740,2.500,5.000,-50.000,2025/oct 2025/daily dated cum 10.10.2025.xls,11.500,22.200,16.800
2025-10-10,494,Uttara Kannada,Coastal Karnataka,14.790,74.690,8.100,3.800,114.000,2025/oct 2025/daily dated cum 10.10.2025.xls,2.900,22.600,4.800
2025-10-11,492,Dakshina Kannada,Coastal Karnataka,12.840,74.860,5.000,8.100,-39.000,2025/oct 2025/daily dated cum 11.10.2025.xls,4.700,2.000,12.000
2025-10-11,493,Udupi,Coastal Karnataka,13.340,74.740,0.000,5.000,-100.000,2025/oct 2025/daily dated cum 11.10.2025.xls,7.300,3.400,13.800
2025-10-11,494,Uttara Kannada,Coastal Karnataka,14.790,74.690,1.900,5.700,-66.000,2025/oct 2025/daily dated cum 11.10.2025.xls,1.600,1.500,3.000
2025-10-12,492,Dakshina Kannada,Coastal Karnataka,12.840,74.860,12.300,9.700,27.000,2025/oct 2025/daily dated cum 12.10.2025.xls,0.200,2.000,3.600
2025-10-12,493,Udupi,Coastal Karnataka,13.340,74.740,3.700,9.500,-61.000,2025/oct 2025/daily dated cum 12.10.2025.xls,0.900,0.000,0.600
2025-10-12,494,Uttara Kannada,Coastal Karnataka,14.790,74.690,0.100,5.200,-99.000,2025/oct 2025/daily dated cum 12.10.2025.xls,0.000,0.000,0.000
2025-10-13,492,Dakshina Kannada,Coastal Karnataka,12.840,74.860,23.700,11.000,116.000,2025/oct 2025/daily dated cum 13.10.2025.xls,0.000,0.000,4.200
2025-10-13,493,Udupi,Coastal Karnataka,13.340,74.740,0.000,8.900,-100.000,2025/oct 2025/daily dated cum 13.10.2025.xls,0.000,0.100,0.600
2025-10-13,494,Uttara Kannada,Coastal Karnataka,14.790,74.690,0.000,4.600,-100.000,2025/oct 2025/daily dated cum 13.10.2025.xls,0.000,0.000,0.000
2025-10-14,492,Dakshina Kannada,Coastal Karnataka,12.840,74.860,0.600,10.900,-95.000,2025/oct 2025/daily dated cum 14.10.2025.xls,4.900,7.000,9.000
2025-10-14,493,Udupi,Coastal Karnataka,13.340,74.740,0.000,8.400,-100.000,2025/oct 2025/daily dated cum 14.10.2025.xls,1.000,12.200,4.200
2025-10-14,494,Uttara Kannada,Coastal Karnataka,14.790,74.690,0.000,4.100,-100.000,2025/oct 2025/daily dated cum 14.10.2025.xls,1.200,7.300,1.800
2025-10-15,492,Dakshina Kannada,Coastal Karnataka,12.840,74.860,20.100,7.300,175.000,2025/oct 2025/daily dated cum 15.10.2025.xls,0.100,2.900,13.200
2025-10-15,493,Udupi,Coastal Karnataka,13.340,74.740,7.500,8.600,-13.000,2025/oct 2025/daily dated cum 15.10.2025.xls,1.700,1.500,10.800
2025-10-15,494,Uttara Kannada,Coastal Karnataka,14.790,74.690,4.400,4.900,-11.000,2025/oct 2025/daily dated cum 15.10.2025.xls,13.400,7.700,8.400
2025-10-16,492,Dakshina Kannada,Coastal Karnataka,12.840,74.860,6.100,9.100,-33.000,2025/oct 2025/daily dated cum 16.10.2025.xls,2.200,15.700,20.400
2025-10-16,493,Udupi,Coastal Karnataka,13.340,74.740,2.900,6.800,-58.000,2025/oct 2025/daily dated cum 16.10.2025.xls,2.600,14.700,13.800
2025-10-16,494,Uttara Kannada,Coastal Karnataka,14.790,74.690,3.800,4.600,-17.000,2025/oct 2025/daily dated cum 16.10.2025.xls,0.900,21.900,5.400
2025-10-17,492,Dakshina Kannada,Coastal Karnataka,12.840,74.860,39.300,7.200,445.000,2025/oct 2025/daily dated cum 17.10.2025.xls,3.200,4.300,10.200
2025-10-17,493,Udupi,Coastal Karnataka,13.340,74.740,34.200,4.700,628.000,2025/oct 2025/daily dated cum 17.10.2025.xls,2.800,5.600,5.400
2025-10-17,494,Uttara Kannada,Coastal Karnataka,14.790,74.690,6.600,2.900,128.000,2025/oct 2025/daily dated cum 17.10.2025.xls,0.600,1.300,1.200
2025-10-18,492,Dakshina Kannada,Coastal Karnataka,12.840,74.860,14.400,5.500,161.000,2025/oct 2025/daily dated cum 18.10.2025.xls,7.700,12.100,27.600
2025-10-18,493,Udupi,Coastal Karnataka,13.340,74.740,0.100,4.200,-97.000,2025/oct 2025/daily dated cum 18.10.2025.xls,7.800,21.500,25.800
2025-10-18,494,Uttara Kannada,Coastal Karnataka,14.790,74.690,0.000,3.300,-100.000,2025/oct 2025/daily dated cum 18.10.2025.xls,3.800,9.500,4.800
2025-10-19,492,Dakshina Kannada,Coastal Karnataka,12.840,74.860,33.300,5.000,566.000,2025/oct 2025/daily dated cum 19.10.2025.xls,2.300,19.900,16.800
2025-10-19,493,Udupi,Coastal Karnataka,13.340,74.740,45.700,3.500,1206.000,2025/oct 2025/daily dated cum 19.10.2025.xls,20.300,33.000,14.400
2025-10-19,494,Uttara Kannada,Coastal Karnataka,14.790,74.690,7.600,3.600,110.000,2025/oct 2025/daily dated cum 19.10.2025.xls,6.500,23.300,4.800
2025-10-20,492,Dakshina Kannada,Coastal Karnataka,12.840,74.860,26.100,8.800,196.000,2025/oct 2025/daily dated cum 20.10.2025.xls,3.700,7.100,16.800
2025-10-20,493,Udupi,Coastal Karnataka,13.340,74.740,10.100,5.100,99.000,2025/oct 2025/daily dated cum 20.10.2025.xls,17.900,30.800,18.000
2025-10-20,494,Uttara Kannada,Coastal Karnataka,14.790,74.690,16.900,4.200,302.000,2025/oct 2025/daily dated cum 20.10.2025.xls,28.800,7.000,6.600
2025-10-21,492,Dakshina Kannada,Coastal Karnataka,12.840,74.860,21.800,6.500,235.000,2025/oct 2025/daily dated cum 21.10.2025.xls,7.100,16.300,19.800
2025-10-21,493,Udupi,Coastal Karnataka,13.340,74.740,9.700,4.200,130.000,2025/oct 2025/daily dated cum 21.10.2025.xls,5.000,17.800,17.400
2025-10-21,494,Uttara Kannada,Coastal Karnataka,14.790,74.690,6.000,3.300,82.000,2025/oct 2025/daily dated cum 21.10.2025.xls,9.700,2.100,6.000
2025-10-22,492,Dakshina Kannada,Coastal Karnataka,12.840,74.860,20.100,7.400,172.000,2025/oct 2025/daily dated cum 22.10.2025.xls,35.200,28.400,39.600
2025-10-22,493,Udupi,Coastal Karnataka,13.340,74.740,17.100,6.600,159.000,2025/oct 2025/daily dated cum 22.10.2025.xls,27.000,19.600,27.600
2025-10-22,494,Uttara Kannada,Coastal Karnataka,14.790,74.690,13.600,3.800,257.000,2025/oct 2025/daily dated cum 22.10.2025.xls,21.800,10.400,9.600
2025-10-23,492,Dakshina Kannada,Coastal Karnataka,12.840,74.860,49.300,9.000,448.000,2025/oct 2025/daily dated cum 23.10.2025.xls,8.000,67.300,30.000
2025-10-23,493,Udupi,Coastal Karnataka,13.340,74.740,47.400,6.500,628.000,2025/oct 2025/daily dated cum 23.10.2025.xls,3.100,24.400,40.200
2025-10-23,494,Uttara Kannada,Coastal Karnataka,14.790,74.690,3.100,4.700,-34.000,2025/oct 2025/daily dated cum 23.10.2025.xls,18.700,12.200,23.400
2025-10-24,492,Dakshina Kannada,Coastal Karnataka,12.840,74.860,12.100,6.600,83.000,2025/oct 2025/daily dated cum 24.10.2025.xls,20.500,28.300,30.600
2025-10-24,493,Udupi,Coastal Karnataka,13.340,74.740,5.800,5.200,12.000,2025/oct 2025/daily dated cum 24.10.2025.xls,15.800,25.800,31.800
2025-10-24,494,Uttara Kannada,Coastal Karnataka,14.790,74.690,7.200,3.400,112.000,2025/oct 2025/daily dated cum 24.10.2025.xls,3.000,11.400,15.000
2025-10-25,492,Dakshina Kannada,Coastal Karnataka,12.840,74.860,8.600,5.500,56.000,2025/oct 2025/daily dated cum 25.10.2025.xls,6.100,17.200,10.800
2025-10-25,493,Udupi,Coastal Karnataka,13.340,74.740,1.900,5.500,-66.000,2025/oct 2025/daily dated cum 25.10.2025.xls,9.000,15.200,14.400
2025-10-25,494,Uttara Kannada,Coastal Karnataka,14.790,74.690,33.100,3.600,820.000,2025/oct 2025/daily dated cum 25.10.2025.xls,2.500,6.400,7.800
2025-10-26,492,Dakshina Kannada,Coastal Karnataka,12.840,74.860,13.900,7.700,81.000,2025/oct 2025/daily dated cum 26.10.2025.xls,3.500,17.400,9.000
2025-10-26,493,Udupi,Coastal Karnataka,13.340,74.740,6.100,6.100,0.000,2025/oct 2025/daily dated cum 26.10.2025.xls,4.000,12.700,12.600
2025-10-26,494,Uttara Kannada,Coastal Karnataka,14.790,74.690,27.300,4.500,508.000,2025/oct 2025/daily dated cum 26.10.2025.xls,0.100,4.700,9.600
2025-10-27,492,Dakshina Kannada,Coastal Karnataka,12.840,74.860,14.800,7.400,100.000,2025/oct 2025/daily dated cum 27.10.2025.xls,11.200,25.000,31.800
2025-10-27,493,Udupi,Coastal Karnataka,13.340,74.740,29.100,5.000,481.000,2025/oct 2025/daily dated cum 27.10.2025.xls,9.900,28.100,27.000
2025-10-27,494,Uttara Kannada,Coastal Karnataka,14.790,74.690,35.200,3.500,907.000,2025/oct 2025/daily dated cum 27.10.2025.xls,4.600,10.400,13.800
2025-10-28,492,Dakshina Kannada,Coastal Karnataka,12.840,74.860,13.200,7.700,72.000,2025/oct 2025/daily dated cum 28.10.2025.xls,1.500,10.100,7.200
2025-10-28,493,Udupi,Coastal Karnataka,13.340,74.740,3.200,4.600,-30.000,2025/oct 2025/daily dated cum 28.10.2025.xls,3.300,6.000,6.000
2025-10-28,494,Uttara Kannada,Coastal Karnataka,14.790,74.690,1.100,3.100,-64.000,2025/oct 2025/daily dated cum 28.10.2025.xls,2.100,1.000,3.000
2025-10-29,492,Dakshina Kannada,Coastal Karnataka,12.840,74.860,5.200,7.000,-25.000,2025/oct 2025/daily dated cum 29.10.2025.xls,3.500,2.800,10.200
2025-10-29,493,Udupi,Coastal Karnataka,13.340,74.740,1.300,5.600,-78.000,2025/oct 2025/daily dated cum 29.10.2025.xls,2.300,1.300,7.800
2025-10-29,494,Uttara Kannada,Coastal Karnataka,14.790,74.690,1.800,2.800,-36.000,2025/oct 2025/daily dated cum 29.10.2025.xls,7.500,1.500,3.600
2025-10-30,492,Dakshina Kannada,Coastal Karnataka,12.840,74.860,0.300,5.300,-95.000,2025/oct 2025/daily dated cum 30.10.2025.xls,10.500,2.700,4.200
2025-10-30,493,Udupi,Coastal Karnataka,13.340,74.740,4.200,3.600,17.000,2025/oct 2025/daily dated cum 30.10.2025.xls,13.300,2.800,5.400
2025-10-30,494,Uttara Kannada,Coastal Karnataka,14.790,74.690,16.500,2.900,467.000,2025/oct 2025/daily dated cum 30.10.2025.xls,2.300,1.400,4.200
2025-10-31,492,Dakshina Kannada,Coastal Karnataka,12.840,74.860,0.100,4.200,-98.000,2025/oct 2025/daily dated cum 31.10.2025.xls,1.300,2.300,2.400
2025-10-31,493,Udupi,Coastal Karnataka,13.340,74.740,5.300,3.500,50.000,2025/oct 2025/daily dated cum 31.10.2025.xls,1.800,3.100,4.800
2025-10-31,494,Uttara Kannada,Coastal Karnataka,14.790,74.690,3.800,1.300,193.000,2025/oct 2025/daily dated cum 31.10.2025.xls,1.900,2.700,3.600
2025-11-01,492,Dakshina Kannada,Coastal Karnataka,12.840,74.860,0.600,6.200,-90.000,2025/NOV 2025/daily dated cum 01.11.2025.xls,1.700,1.000,1.200
2025-11-01,493,Udupi,Coastal Karnataka,13.340,74.740,0.400,2.300,-84.000,2025/NOV 2025/daily dated cum 01.11.2025.xls,1.200,0.200,1.800
2025-11-01,494,Uttara Kannada,Coastal Karnataka,14.790,74.690,4.300,1.100,289.000,2025/NOV 2025/daily dated cum 01.11.2025.xls,0.000,1.600,2.400
2025-11-02,492,Dakshina Kannada,Coastal Karnataka,12.840,74.860,0.000,6.100,-100.000,2025/NOV 2025/daily dated cum 02.11.2025.xls,0.000,0.000,0.600
2025-11-02,493,Udupi,Coastal Karnataka,13.340,74.740,0.000,3.500,-100.000,2025/NOV 2025/daily dated cum 02.11.2025.xls,0.000,1.000,1.200
2025-11-02,494,Uttara Kannada,Coastal Karnataka,14.790,74.690,0.300,2.300,-87.000,2025/NOV 2025/daily dated cum 02.11.2025.xls,0.500,1.800,1.800
2025-11-03,492,Dakshina Kannada,Coastal Karnataka,12.840,74.860,0.000,5.300,-100.000,2025/NOV 2025/daily dated cum 03.11.2025.xls,0.300,0.000,0.000
2025-11-03,493,Udupi,Coastal Karnataka,13.340,74.740,0.000,6.500,-100.000,2025/NOV 2025/daily dated cum 03.11.2025.xls,0.300,0.300,0.000
2025-11-03,494,Uttara Kannada,Coastal Karnataka,14.790,74.690,0.000,2.400,-100.000,2025/NOV 2025/daily dated cum 03.11.2025.xls,0.200,0.000,0.600
2025-11-04,492,Dakshina Kannada,Coastal Karnataka,12.840,74.860,0.900,4.900,-81.000,2025/NOV 2025/daily dated cum 04.11.2025.xls,3.200,0.700,1.200
2025-11-04,493,Udupi,Coastal Karnataka,13.340,74.740,6.300,3.300,90.000,2025/NOV 2025/daily dated cum 04.11.2025.xls,3.100,1.400,3.000
2025-11-04,494,Uttara Kannada,Coastal Karnataka,14.790,74.690,2.800,0.900,206.000,2025/NOV 2025/daily dated cum 04.11.2025.xls,0.000,1.200,2.400
2025-11-05,492,Dakshina Kannada,Coastal Karnataka,12.840,74.860,1.400,4.400,-68.000,2025/NOV 2025/daily dated cum 05.11.2025.xls,0.300,0.100,0.000
2025-11-05,493,Udupi,Coastal Karnataka,13.340,74.740,0.000,2.800,-100.000,2025/NOV 2025/daily dated cum 05.11.2025.xls,0.300,0.000,0.000
2025-11-05,494,Uttara Kannada,Coastal Karnataka,14.790,74.690,0.200,2.400,-90.000,2025/NOV 2025/daily dated cum 05.11.2025.xls,0.000,0.000,0.000
2025-11-06,492,Dakshina Kannada,Coastal Karnataka,12.840,74.860,0.000,7.300,-100.000,2025/NOV 2025/daily dated cum 06.11.2025.xls,0.000,0.000,0.000
2025-11-06,493,Udupi,Coastal Karnataka,13.340,74.740,0.000,3.800,-100.000,2025/NOV 2025/daily dated cum 06.11.2025.xls,0.100,0.000,0.000
2025-11-06,494,Uttara Kannada,Coastal Karnataka,14.790,74.690,0.000,1.600,-100.000,2025/NOV 2025/daily dated cum 06.11.2025.xls,0.000,0.000,0.000
2025-11-07,492,Dakshina Kannada,Coastal Karnataka,12.840,74.860,0.000,6.600,-100.000,2025/NOV 2025/daily dated cum 07.11.2025.xls,0.000,0.000,0.000
2025-11-07,493,Udupi,Coastal Karnataka,13.340,74.740,0.000,5.000,-100.000,2025/NOV 2025/daily dated cum 07.11.2025.xls,0.000,0.000,0.000
2025-11-07,494,Uttara Kannada,Coastal Karnataka,14.790,74.690,0.000,1.400,-100.000,2025/NOV 2025/daily dated cum 07.11.2025.xls,0.500,0.200,1.200
2025-11-08,492,Dakshina Kannada,Coastal Karnataka,12.840,74.860,0.000,5.100,-100.000,2025/NOV 2025/daily dated cum 08.11.2025.xls,4.600,1.600,1.800
2025-11-08,493,Udupi,Coastal Karnataka,13.340,74.740,0.000,3.900,-100.000,2025/NOV 2025/daily dated cum 08.11.2025.xls,0.000,2.200,1.200
2025-11-08,494,Uttara Kannada,Coastal Karnataka,14.790,74.690,2.900,2.000,43.000,2025/NOV 2025/daily dated cum 08.11.2025.xls,0.000,0.200,0.000
2025-11-09,492,Dakshina Kannada,Coastal Karnataka,12.840,74.860,10.000,3.300,204.000,2025/NOV 2025/daily dated cum 09.11.2025.xls,0.000,0.300,0.600
2025-11-09,493,Udupi,Coastal Karnataka,13.340,74.740,0.100,2.600,-98.000,2025/NOV 2025/daily dated cum 09.11.2025.xls,0.000,0.000,0.000
2025-11-09,494,Uttara Kannada,Coastal Karnataka,14.790,74.690,0.000,2.200,-100.000,2025/NOV 2025/daily dated cum 09.11.2025.xls,0.000,0.000,0.000
2025-11-10,492,Dakshina Kannada,Coastal Karnataka,12.840,74.860,0.000,3.500,-100.000,2025/NOV 2025/daily dated cum 10.11.2025.xls,0.000,0.000,0.000
2025-11-10,493,Udupi,Coastal Karnataka,13.340,74.740,0.000,2.400,-100.000,2025/NOV 2025/daily dated cum 10.11.2025.xls,0.000,0.000,0.000
2025-11-10,494,Uttara Kannada,Coastal Karnataka,14.790,74.690,0.000,1.200,-100.000,2025/NOV 2025/daily dated cum 10.11.2025.xls,0.000,0.000,0.000
2025-11-11,492,Dakshina Kannada,Coastal Karnataka,12.840,74.860,0.000,2.900,-100.000,2025/NOV 2025/daily dated cum 11.11.2025.xls,0.000,0.000,0.000
2025-11-11,493,Udupi,Coastal Karnataka,13.340,74.740,0.000,2.200,-100.000,2025/NOV 2025/daily dated cum 11.11.2025.xls,0.000,0.000,0.000
2025-11-11,494,Uttara Kannada,Coastal Karnataka,14.790,74.690,0.000,0.900,-100.000,2025/NOV 2025/daily dated cum 11.11.2025.xls,0.000,0.000,0.000
2025-11-12,492,Dakshina Kannada,Coastal Karnataka,12.840,74.860,0.000,3.800,-100.000,2025/NOV 2025/daily dated cum 12.11.2025.xls,0.000,0.000,0.000
2025-11-12,493,Udupi,Coastal Karnataka,13.340,74.740,0.000,2.300,-100.000,2025/NOV 2025/daily dated cum 12.11.2025.xls,0.000,0.000,0.000
2025-11-12,494,Uttara Kannada,Coastal Karnataka,14.790,74.690,0.000,1.700,-100.000,2025/NOV 2025/daily dated cum 12.11.2025.xls,0.000,0.000,0.000
2025-11-13,492,Dakshina Kannada,Coastal Karnataka,12.840,74.860,0.000,1.800,-100.000,2025/NOV 2025/daily dated cum 13.11.2025.xls,1.900,2.800,1.800
2025-11-13,493,Udupi,Coastal Karnataka,13.340,74.740,0.000,1.500,-100.000,2025/NOV 2025/daily dated cum 13.11.2025.xls,4.000,4.500,0.600
2025-11-13,494,Uttara Kannada,Coastal Karnataka,14.790,74.690,0.000,1.300,-100.000,2025/NOV 2025/daily dated cum 13.11.2025.xls,0.000,0.000,0.000
2025-11-14,492,Dakshina Kannada,Coastal Karnataka,12.840,74.860,5.800,3.500,65.000,2025/NOV 2025/daily dated cum 14.11.2025.xls,1.800,0.800,1.200
2025-11-14,493,Udupi,Coastal Karnataka,13.340,74.740,0.700,2.000,-65.000,2025/NOV 2025/daily dated cum 14.11.2025.xls,0.200,0.500,0.000
2025-11-14,494,Uttara Kannada,Coastal Karnataka,14.790,74.690,0.000,1.000,-100.000,2025/NOV 2025/daily dated cum 14.11.2025.xls,0.000,0.000,0.000
2025-11-15,492,Dakshina Kannada,Coastal Karnataka,12.840,74.860,0.000,2.900,-100.000,2025/NOV 2025/daily dated cum 15.11.2025.xls,0.000,7.000,0.600
2025-11-15,493,Udupi,Coastal Karnataka,13.340,74.740,4.900,2.100,132.000,2025/NOV 2025/daily dated cum 15.11.2025.xls,0.000,0.100,0.000
2025-11-15,494,Uttara Kannada,Coastal Karnataka,14.790,74.690,0.000,1.900,-100.000,2025/NOV 2025/daily dated cum 15.11.2025.xls,0.000,0.000,0.000
2025-11-16,492,Dakshina Kannada,Coastal Karnataka,12.840,74.860,0.000,5.900,-100.000,2025/NOV 2025/daily dated cum 16.11.2025.xls,0.000,0.000,0.000
2025-11-16,493,Udupi,Coastal Karnataka,13.340,74.740,0.000,4.000,-100.000,2025/NOV 2025/daily dated cum 16.11.2025.xls,0.000,0.000,0.000
2025-11-16,494,Uttara Kannada,Coastal Karnataka,14.790,74.690,0.000,2.300,-100.000,2025/NOV 2025/daily dated cum 16.11.2025.xls,0.000,0.000,0.000
2025-11-17,492,Dakshina Kannada,Coastal Karnataka,12.840,74.860,0.000,4.400,-100.000,2025/NOV 2025/daily dated cum 17.11.2025.xls,0.000,0.000,0.000
2025-11-17,493,Udupi,Coastal Karnataka,13.340,74.740,0.000,6.200,-100.000,2025/NOV 2025/daily dated cum 17.11.2025.xls,0.000,0.000,0.000
2025-11-17,494,Uttara Kannada,Coastal Karnataka,14.790,74.690,0.000,3.100,-100.000,2025/NOV 2025/daily dated cum 17.11.2025.xls,0.000,0.000,0.000
2025-11-18,492,Dakshina Kannada,Coastal Karnataka,12.840,74.860,0.000,4.900,-100.000,2025/NOV 2025/daily dated cum 18.11.2025.xls,1.500,0.600,1.200
2025-11-18,493,Udupi,Coastal Karnataka,13.340,74.740,0.000,2.600,-100.000,2025/NOV 2025/daily dated cum 18.11.2025.xls,0.100,0.000,0.000
2025-11-18,494,Uttara Kannada,Coastal Karnataka,14.790,74.690,0.000,2.300,-100.000,2025/NOV 2025/daily dated cum 18.11.2025.xls,0.000,0.000,0.000
2025-11-19,492,Dakshina Kannada,Coastal Karnataka,12.840,74.860,2.200,2.200,2.000,2025/NOV 2025/daily dated cum 19.11.2025.xls,2.300,0.300,2.400
2025-11-19,493,Udupi,Coastal Karnataka,13.340,74.740,0.000,2.100,-100.000,2025/NOV 2025/daily dated cum 19.11.2025.xls,0.000,0.100,0.600
2025-11-19,494,Uttara Kannada,Coastal Karnataka,14.790,74.690,0.000,1.000,-100.000,2025/NOV 2025/daily dated cum 19.11.2025.xls,0.000,0.700,0.000
2025-11-20,492,Dakshina Kannada,Coastal Karnataka,12.840,74.860,0.000,2.200,-100.000,2025/NOV 2025/daily dated cum 20.11.2025.xls,0.800,1.200,0.600
2025-11-20,493,Udupi,Coastal Karnataka,13.340,74.740,0.000,1.400,-100.000,2025/NOV 2025/daily dated cum 20.11.2025.xls,0.200,0.500,0.000
2025-11-20,494,Uttara Kannada,Coastal Karnataka,14.790,74.690,0.000,0.700,-100.000,2025/NOV 2025/daily dated cum 20.11.2025.xls,0.000,0.000,0.000
2025-11-21,492,Dakshina Kannada,Coastal Karnataka,12.840,74.860,0.000,2.500,-100.000,2025/NOV 2025/daily dated cum 21.11.2025.xls,0.000,0.600,0.600
2025-11-21,493,Udupi,Coastal Karnataka,13.340,74.740,0.000,3.200,-100.000,2025/NOV 2025/daily dated cum 21.11.2025.xls,0.000,1.700,0.000
2025-11-21,494,Uttara Kannada,Coastal Karnataka,14.790,74.690,0.000,0.800,-100.000,2025/NOV 2025/daily dated cum 21.11.2025.xls,0.000,0.100,0.000
2025-11-22,492,Dakshina Kannada,Coastal Karnataka,12.840,74.860,0.000,1.700,-100.000,2025/NOV 2025/daily dated cum 22.11.2025.xls,0.600,4.900,2.400
2025-11-22,493,Udupi,Coastal Karnataka,13.340,74.740,0.000,1.500,-100.000,2025/NOV 2025/daily dated cum 22.11.2025.xls,0.200,1.300,0.600
2025-11-22,494,Uttara Kannada,Coastal Karnataka,14.790,74.690,0.000,0.600,-100.000,2025/NOV 2025/daily dated cum 22.11.2025.xls,0.000,0.100,0.000
2025-11-23,492,Dakshina Kannada,Coastal Karnataka,12.840,74.860,15.600,2.100,642.000,2025/NOV 2025/daily dated cum 23.11.2025.xls,0.800,0.000,5.400
2025-11-23,493,Udupi,Coastal Karnataka,13.340,74.740,9.400,1.100,755.000,2025/NOV 2025/daily dated cum 23.11.2025.xls,1.100,0.000,2.400
2025-11-23,494,Uttara Kannada,Coastal Karnataka,14.790,74.690,0.000,0.700,-100.000,2025/NOV 2025/daily dated cum 23.11.2025.xls,0.000,2.300,0.000
2025-11-24,492,Dakshina Kannada,Coastal Karnataka,12.840,74.860,7.700,2.400,221.000,2025/NOV 2025/daily dated cum 24.11.2025.xls,4.500,1.900,1.800
2025-11-24,493,Udupi,Coastal Karnataka,13.340,74.740,0.000,1.100,-100.000,2025/NOV 2025/daily dated cum 24.11.2025.xls,4.700,12.500,1.200
2025-11-24,494,Uttara Kannada,Coastal Karnataka,14.790,74.690,0.000,0.300,-100.000,2025/NOV 2025/daily dated cum 24.11.2025.xls,0.000,1.300,0.600
2025-11-25,492,Dakshina Kannada,Coastal Karnataka,12.840,74.860,7.200,2.700,165.000,2025/NOV 2025/daily dated cum 25.11.2025.xls,0.100,0.100,0.600
2025-11-25,493,Udupi,Coastal Karnataka,13.340,74.740,0.600,2.300,-76.000,2025/NOV 2025/daily dated cum 25.11.2025.xls,0.300,0.300,0.000
2025-11-25,494,Uttara Kannada,Coastal Karnataka,14.790,74.690,0.000,0.400,-100.000,2025/NOV 2025/daily dated cum 25.11.2025.xls,0.000,0.000,0.000
2025-11-26,492,Dakshina Kannada,Coastal Karnataka,12.840,74.860,0.000,0.800,-100.000,2025/NOV 2025/daily dated cum 26.11.2025.xls,0.000,0.000,0.000
2025-11-26,493,Udupi,Coastal Karnataka,13.340,74.740,0.000,0.600,-100.000,2025/NOV 2025/daily dated cum 26.11.2025.xls,0.000,0.000,0.000
2025-11-26,494,Uttara Kannada,Coastal Karnataka,14.790,74.690,0.000,0.600,-100.000,2025/NOV 2025/daily dated cum 26.11.2025.xls,0.000,0.000,0.000
2025-11-27,492,Dakshina Kannada,Coastal Karnataka,12.840,74.860,0.000,0.500,-100.000,2025/NOV 2025/daily dated cum 27.11.2025.xls,0.000,0.000,0.000
2025-11-27,493,Udupi,Coastal Karnataka,13.340,74.740,0.000,0.500,-100.000,2025/NOV 2025/daily dated cum 27.11.2025.xls,0.000,0.000,0.000
2025-11-27,494,Uttara Kannada,Coastal Karnataka,14.790,74.690,0.000,0.300,-100.000,2025/NOV 2025/daily dated cum 27.11.2025.xls,0.000,0.000,0.000
2025-11-28,492,Dakshina Kannada,Coastal Karnataka,12.840,74.860,0.000,0.400,-100.000,2025/NOV 2025/daily dated cum 28.11.2025.xls,0.000,0.000,0.000
2025-11-28,493,Udupi,Coastal Karnataka,13.340,74.740,0.000,0.200,-100.000,2025/NOV 2025/daily dated cum 28.11.2025.xls,0.000,0.000,0.000
2025-11-28,494,Uttara Kannada,Coastal Karnataka,14.790,74.690,0.000,0.400,-100.000,2025/NOV 2025/daily dated cum 28.11.2025.xls,0.000,0.000,0.000
2025-11-29,492,Dakshina Kannada,Coastal Karnataka,12.840,74.860,0.000,0.800,-100.000,2025/NOV 2025/daily dated cum 29.11.2025.xls,0.000,0.000,0.000
2025-11-29,493,Udupi,Coastal Karnataka,13.340,74.740,0.000,0.500,-100.000,2025/NOV 2025/daily dated cum 29.11.2025.xls,0.000,0.000,0.000
2025-11-29,494,Uttara Kannada,Coastal Karnataka,14.790,74.690,0.000,0.700,-100.000,2025/NOV 2025/daily dated cum 29.11.2025.xls,0.000,0.000,0.000
2025-11-30,492,Dakshina Kannada,Coastal Karnataka,12.840,74.860,0.000,0.300,-100.000,2025/NOV 2025/daily dated cum 30.11.2025.xls,0.000,0.100,0.000
2025-11-30,493,Udupi,Coastal Karnataka,13.340,74.740,0.000,0.000,-100.000,2025/NOV 2025/daily dated cum 30.11.2025.xls,0.000,0.000,0.000
2025-11-30,494,Uttara Kannada,Coastal Karnataka,14.790,74.690,0.000,0.400,-100.000,2025/NOV 2025/daily dated cum 30.11.2025.xls,0.200,0.000,0.000
2025-12-01,492,Dakshina Kannada,Coastal Karnataka,12.840,74.860,0.000,0.900,-100.000,2025/DEC 2025/daily dated cum 01.12.2025.xls,0.000,0.100,0.000
2025-12-01,493,Udupi,Coastal Karnataka,13.340,74.740,0.000,0.300,-100.000,2025/DEC 2025/daily dated cum 01.12.2025.xls,0.000,0.000,0.000
2025-12-01,494,Uttara Kannada,Coastal Karnataka,14.790,74.690,0.000,0.000,-100.000,2025/DEC 2025/daily dated cum 01.12.2025.xls,0.000,0.000,0.000
2025-12-02,492,Dakshina Kannada,Coastal Karnataka,12.840,74.860,0.800,0.700,17.000,2025/DEC 2025/daily dated cum 02.12.2025.xls,0.000,1.100,0.000
2025-12-02,493,Udupi,Coastal Karnataka,13.340,74.740,0.000,0.300,-100.000,2025/DEC 2025/daily dated cum 02.12.2025.xls,0.000,0.000,0.000
2025-12-02,494,Uttara Kannada,Coastal Karnataka,14.790,74.690,0.000,0.000,-100.000,2025/DEC 2025/daily dated cum 02.12.2025.xls,0.000,0.000,0.000
2025-12-03,492,Dakshina Kannada,Coastal Karnataka,12.840,74.860,0.000,0.400,-100.000,2025/DEC 2025/daily dated cum 03.12.2025.xls,5.500,14.300,1.800
2025-12-03,493,Udupi,Coastal Karnataka,13.340,74.740,0.000,0.300,-100.000,2025/DEC 2025/daily dated cum 03.12.2025.xls,0.100,0.100,0.600
2025-12-03,494,Uttara Kannada,Coastal Karnataka,14.790,74.690,0.000,0.100,-100.000,2025/DEC 2025/daily dated cum 03.12.2025.xls,0.000,0.600,0.000
2025-12-04,492,Dakshina Kannada,Coastal Karnataka,12.840,74.860,19.100,0.600,3078.000,2025/DEC 2025/daily dated cum 04.12.2025.xls,9.300,0.400,6.000
2025-12-04,493,Udupi,Coastal Karnataka,13.340,74.740,9.200,0.200,4500.000,2025/DEC 2025/daily dated cum 04.12.2025.xls,20.500,1.500,3.600
2025-12-04,494,Uttara Kannada,Coastal Karnataka,14.790,74.690,0.000,0.000,-100.000,2025/DEC 2025/daily dated cum 04.12.2025.xls,1.100,1.000,0.600
2025-12-05,492,Dakshina Kannada,Coastal Karnataka,12.840,74.860,3.700,0.600,522.000,2025/DEC 2025/daily dated cum 05.12.2025.xls,1.500,2.000,0.600
2025-12-05,493,Udupi,Coastal Karnataka,13.340,74.740,3.400,0.200,1600.000,2025/DEC 2025/daily dated cum 05.12.2025.xls,2.700,9.300,0.000
2025-12-05,494,Uttara Kannada,Coastal Karnataka,14.790,74.690,0.000,0.000,-100.000,2025/DEC 2025/daily dated cum 05.12.2025.xls,0.200,0.000,0.000
2025-12-06,492,Dakshina Kannada,Coastal Karnataka,12.840,74.860,0.000,0.600,-94.000,2025/DEC 2025/daily dated cum 06.12.2025.xls,0.000,0.000,0.000
2025-12-06,493,Udupi,Coastal Karnataka,13.340,74.740,0.000,0.500,-100.000,2025/DEC 2025/daily dated cum 06.12.2025.xls,0.000,0.000,0.000
2025-12-06,494,Uttara Kannada,Coastal Karnataka,14.790,74.690,0.000,0.300,-100.000,2025/DEC 2025/daily dated cum 06.12.2025.xls,0.000,0.000,0.000
2025-12-07,492,Dakshina Kannada,Coastal Karnataka,12.840,74.860,0.000,0.500,-100.000,2025/DEC 2025/daily dated cum 07.12.2025.xls,0.000,0.000,0.000
2025-12-07,493,Udupi,Coastal Karnataka,13.340,74.740,0.000,1.300,-100.000,2025/DEC 2025/daily dated cum 07.12.2025.xls,0.000,0.000,0.000
2025-12-07,494,Uttara Kannada,Coastal Karnataka,14.790,74.690,0.000,1.100,-100.000,2025/DEC 2025/daily dated cum 07.12.2025.xls,0.000,0.000,0.000
2025-12-08,492,Dakshina Kannada,Coastal Karnataka,12.840,74.860,0.000,0.300,-100.000,2025/DEC 2025/daily dated cum 08.12.2025.xls,0.000,0.000,0.000
2025-12-08,493,Udupi,Coastal Karnataka,13.340,74.740,0.000,0.700,-100.000,2025/DEC 2025/daily dated cum 08.12.2025.xls,0.000,0.000,0.000
2025-12-08,494,Uttara Kannada,Coastal Karnataka,14.790,74.690,0.000,0.200,-100.000,2025/DEC 2025/daily dated cum 08.12.2025.xls,0.000,0.000,0.000
2025-12-09,492,Dakshina Kannada,Coastal Karnataka,12.840,74.860,0.000,1.600,-100.000,2025/DEC 2025/daily dated cum 09.12.2025.xls,0.000,0.000,0.000
2025-12-09,493,Udupi,Coastal Karnataka,13.340,74.740,0.000,2.600,-100.000,2025/DEC 2025/daily dated cum 09.12.2025.xls,0.000,0.000,0.000
2025-12-09,494,Uttara Kannada,Coastal Karnataka,14.790,74.690,0.000,0.900,-100.000,2025/DEC 2025/daily dated cum 09.12.2025.xls,0.000,0.000,0.000
2025-12-10,492,Dakshina Kannada,Coastal Karnataka,12.840,74.860,0.000,0.400,-100.000,2025/DEC 2025/daily dated cum 10.12.2025.xls,0.000,0.000,0.000
2025-12-10,493,Udupi,Coastal Karnataka,13.340,74.740,0.000,0.300,-100.000,2025/DEC 2025/daily dated cum 10.12.2025.xls,0.000,0.000,0.000
2025-12-10,494,Uttara Kannada,Coastal Karnataka,14.790,74.690,0.000,0.000,-100.000,2025/DEC 2025/daily dated cum 10.12.2025.xls,0.000,0.000,0.000
2025-12-11,492,Dakshina Kannada,Coastal Karnataka,12.840,74.860,0.000,1.000,-100.000,2025/DEC 2025/daily dated cum 11.12.2025.xls,0.000,0.000,0.000
2025-12-11,493,Udupi,Coastal Karnataka,13.340,74.740,0.000,0.700,-100.000,2025/DEC 2025/daily dated cum 11.12.2025.xls,0.000,0.000,0.000
2025-12-11,494,Uttara Kannada,Coastal Karnataka,14.790,74.690,0.000,0.200,-100.000,2025/DEC 2025/daily dated cum 11.12.2025.xls,0.000,0.000,0.000
2025-12-12,492,Dakshina Kannada,Coastal Karnataka,12.840,74.860,0.000,0.200,-100.000,2025/DEC 2025/daily dated cum 12.12.2025.xls,0.000,0.000,0.000
2025-12-12,493,Udupi,Coastal Karnataka,13.340,74.740,0.000,0.100,-100.000,2025/DEC 2025/daily dated cum 12.12.2025.xls,0.000,0.000,0.000
2025-12-12,494,Uttara Kannada,Coastal Karnataka,14.790,74.690,0.000,0.100,-100.000,2025/DEC 2025/daily dated cum 12.12.2025.xls,0.000,0.000,0.000
2025-12-13,492,Dakshina Kannada,Coastal Karnataka,12.840,74.860,0.000,0.300,-100.000,2025/DEC 2025/daily dated cum 13.12.2025.xls,0.000,0.000,0.000
2025-12-13,493,Udupi,Coastal Karnataka,13.340,74.740,0.000,0.200,-100.000,2025/DEC 2025/daily dated cum 13.12.2025.xls,0.000,0.000,0.000
2025-12-13,494,Uttara Kannada,Coastal Karnataka,14.790,74.690,0.000,0.600,-100.000,2025/DEC 2025/daily dated cum 13.12.2025.xls,0.000,0.000,0.000
2025-12-14,492,Dakshina Kannada,Coastal Karnataka,12.840,74.860,0.000,1.100,-100.000,2025/DEC 2025/daily dated cum 14.12.2025.xls,0.000,0.000,0.000
2025-12-14,493,Udupi,Coastal Karnataka,13.340,74.740,0.000,0.600,-100.000,2025/DEC 2025/daily dated cum 14.12.2025.xls,0.000,0.000,0.000
2025-12-14,494,Uttara Kannada,Coastal Karnataka,14.790,74.690,0.000,0.200,-100.000,2025/DEC 2025/daily dated cum 14.12.2025.xls,0.000,0.000,0.000
2025-12-15,492,Dakshina Kannada,Coastal Karnataka,12.840,74.860,0.000,0.300,-100.000,2025/DEC 2025/daily dated cum 15.12.2025.xls,0.000,0.000,0.000
2025-12-15,493,Udupi,Coastal Karnataka,13.340,74.740,0.000,0.300,-100.000,2025/DEC 2025/daily dated cum 15.12.2025.xls,0.000,0.000,0.000
2025-12-15,494,Uttara Kannada,Coastal Karnataka,14.790,74.690,0.000,0.200,-100.000,2025/DEC 2025/daily dated cum 15.12.2025.xls,0.000,0.000,0.000
2025-12-16,492,Dakshina Kannada,Coastal Karnataka,12.840,74.860,0.000,0.900,-100.000,2025/DEC 2025/daily dated cum 16.12.2025.xls,0.000,0.000,0.000
2025-12-16,493,Udupi,Coastal Karnataka,13.340,74.740,0.000,0.200,-100.000,2025/DEC 2025/daily dated cum 16.12.2025.xls,0.000,0.000,0.000
2025-12-16,494,Uttara Kannada,Coastal Karnataka,14.790,74.690,0.000,0.200,-100.000,2025/DEC 2025/daily dated cum 16.12.2025.xls,0.000,0.000,0.000
2025-12-17,492,Dakshina Kannada,Coastal Karnataka,12.840,74.860,0.000,0.700,-100.000,2025/DEC 2025/daily dated cum 17.12.2025.xls,0.000,0.000,0.000
2025-12-17,493,Udupi,Coastal Karnataka,13.340,74.740,0.000,1.100,-100.000,2025/DEC 2025/daily dated cum 17.12.2025.xls,0.000,0.000,0.000
2025-12-17,494,Uttara Kannada,Coastal Karnataka,14.790,74.690,0.000,0.500,-100.000,2025/DEC 2025/daily dated cum 17.12.2025.xls,0.000,0.000,0.000
2025-12-18,492,Dakshina Kannada,Coastal Karnataka,12.840,74.860,0.000,0.200,-100.000,2025/DEC 2025/daily dated cum 18.12.2025.xls,0.000,0.000,0.000
2025-12-18,493,Udupi,Coastal Karnataka,13.340,74.740,0.000,0.600,-100.000,2025/DEC 2025/daily dated cum 18.12.2025.xls,0.000,0.000,0.000
2025-12-18,494,Uttara Kannada,Coastal Karnataka,14.790,74.690,0.000,0.300,-100.000,2025/DEC 2025/daily dated cum 18.12.2025.xls,0.000,0.000,0.000
2025-12-19,492,Dakshina Kannada,Coastal Karnataka,12.840,74.860,0.000,0.100,-100.000,2025/DEC 2025/daily dated cum 19.12.2025.xls,0.000,0.000,0.000
2025-12-19,493,Udupi,Coastal Karnataka,13.340,74.740,0.000,0.100,-100.000,2025/DEC 2025/daily dated cum 19.12.2025.xls,0.000,0.000,0.000
2025-12-19,494,Uttara Kannada,Coastal Karnataka,14.790,74.690,0.000,0.000,-100.000,2025/DEC 2025/daily dated cum 19.12.2025.xls,0.000,0.000,0.000
2025-12-20,492,Dakshina Kannada,Coastal Karnataka,12.840,74.860,0.000,0.000,-100.000,2025/DEC 2025/daily dated cum 20.12.2025.xls,0.000,0.000,0.000
2025-12-20,493,Udupi,Coastal Karnataka,13.340,74.740,0.000,0.000,-100.000,2025/DEC 2025/daily dated cum 20.12.2025.xls,0.000,0.000,0.000
2025-12-20,494,Uttara Kannada,Coastal Karnataka,14.790,74.690,0.000,0.000,-100.000,2025/DEC 2025/daily dated cum 20.12.2025.xls,0.000,0.000,0.000
2025-12-21,492,Dakshina Kannada,Coastal Karnataka,12.840,74.860,0.000,0.000,-100.000,2025/DEC 2025/daily dated cum 21.12.2025.xls,0.000,0.000,0.000
2025-12-21,493,Udupi,Coastal Karnataka,13.340,74.740,0.000,0.000,-100.000,2025/DEC 2025/daily dated cum 21.12.2025.xls,0.000,0.000,0.000
2025-12-21,494,Uttara Kannada,Coastal Karnataka,14.790,74.690,0.000,0.000,-100.000,2025/DEC 2025/daily dated cum 21.12.2025.xls,0.000,0.000,0.000
2025-12-22,492,Dakshina Kannada,Coastal Karnataka,12.840,74.860,0.000,0.000,-100.000,2025/DEC 2025/daily dated cum 22.12.2025.xls,0.000,0.000,0.000
2025-12-22,493,Udupi,Coastal Karnataka,13.340,74.740,0.000,0.000,-100.000,2025/DEC 2025/daily dated cum 22.12.2025.xls,0.000,0.000,0.000
2025-12-22,494,Uttara Kannada,Coastal Karnataka,14.790,74.690,0.000,0.000,-100.000,2025/DEC 2025/daily dated cum 22.12.2025.xls,0.000,0.000,0.000
2025-12-23,492,Dakshina Kannada,Coastal Karnataka,12.840,74.860,0.000,0.100,-100.000,2025/DEC 2025/daily dated cum 23.12.2025.xls,0.000,0.000,0.000
2025-12-23,493,Udupi,Coastal Karnataka,13.340,74.740,0.000,0.100,-100.000,2025/DEC 2025/daily dated cum 23.12.2025.xls,0.000,0.000,0.000
2025-12-23,494,Uttara Kannada,Coastal Karnataka,14.790,74.690,0.000,0.100,-100.000,2025/DEC 2025/daily dated cum 23.12.2025.xls,0.000,0.000,0.000
2025-12-24,492,Dakshina Kannada,Coastal Karnataka,12.840,74.860,0.000,0.200,-100.000,2025/DEC 2025/daily dated cum 24.12.2025.xls,0.000,0.000,0.000
2025-12-24,493,Udupi,Coastal Karnataka,13.340,74.740,0.000,0.100,-100.000,2025/DEC 2025/daily dated cum 24.12.2025.xls,0.000,0.000,0.000
2025-12-24,494,Uttara Kannada,Coastal Karnataka,14.790,74.690,0.000,0.000,-100.000,2025/DEC 2025/daily dated cum 24.12.2025.xls,0.000,0.000,0.000
2025-12-25,492,Dakshina Kannada,Coastal Karnataka,12.840,74.860,0.000,0.200,-100.000,2025/DEC 2025/daily dated cum 25.12.2025.xls,0.000,0.000,0.000
2025-12-25,493,Udupi,Coastal Karnataka,13.340,74.740,0.000,0.200,-100.000,2025/DEC 2025/daily dated cum 25.12.2025.xls,0.000,0.000,0.000
2025-12-25,494,Uttara Kannada,Coastal Karnataka,14.790,74.690,0.000,0.100,-100.000,2025/DEC 2025/daily dated cum 25.12.2025.xls,0.000,0.000,0.000
2025-12-26,492,Dakshina Kannada,Coastal Karnataka,12.840,74.860,0.000,0.100,-100.000,2025/DEC 2025/daily dated cum 26.12.2025.xls,0.000,0.000,0.000
2025-12-26,493,Udupi,Coastal Karnataka,13.340,74.740,0.000,0.100,-100.000,2025/DEC 2025/daily dated cum 26.12.2025.xls,0.000,0.000,0.000
2025-12-26,494,Uttara Kannada,Coastal Karnataka,14.790,74.690,0.000,0.200,-100.000,2025/DEC 2025/daily dated cum 26.12.2025.xls,0.000,0.000,0.000
2025-12-27,492,Dakshina Kannada,Coastal Karnataka,12.840,74.860,0.000,0.500,-100.000,2025/DEC 2025/daily dated cum 27.12.2025.xls,0.000,0.000,0.000
2025-12-27,493,Udupi,Coastal Karnataka,13.340,74.740,0.000,1.000,-100.000,2025/DEC 2025/daily dated cum 27.12.2025.xls,0.000,0.000,0.000
2025-12-27,494,Uttara Kannada,Coastal Karnataka,14.790,74.690,0.000,0.300,-100.000,2025/DEC 2025/daily dated cum 27.12.2025.xls,0.000,0.000,0.000
2025-12-28,492,Dakshina Kannada,Coastal Karnataka,12.840,74.860,0.000,0.600,-100.000,2025/DEC 2025/daily dated cum 28.12.2025.xls,0.000,0.000,0.000
2025-12-28,493,Udupi,Coastal Karnataka,13.340,74.740,0.000,0.100,-100.000,2025/DEC 2025/daily dated cum 28.12.2025.xls,0.000,0.000,0.000
2025-12-28,494,Uttara Kannada,Coastal Karnataka,14.790,74.690,0.000,0.100,-100.000,2025/DEC 2025/daily dated cum 28.12.2025.xls,0.000,0.000,0.000
2025-12-29,492,Dakshina Kannada,Coastal Karnataka,12.840,74.860,0.000,0.800,-100.000,2025/DEC 2025/daily dated cum 29.12.2025.xls,0.000,0.000,0.000
2025-12-29,493,Udupi,Coastal Karnataka,13.340,74.740,0.000,0.100,-100.000,2025/DEC 2025/daily dated cum 29.12.2025.xls,0.000,0.000,0.000
2025-12-29,494,Uttara Kannada,Coastal Karnataka,14.790,74.690,0.000,0.100,-100.000,2025/DEC 2025/daily dated cum 29.12.2025.xls,0.000,0.000,0.000
2025-12-30,492,Dakshina Kannada,Coastal Karnataka,12.840,74.860,0.000,0.300,-100.000,2025/DEC 2025/daily dated cum 30.12.2025.xls,0.000,0.000,0.000
2025-12-30,493,Udupi,Coastal Karnataka,13.340,74.740,0.000,0.000,-100.000,2025/DEC 2025/daily dated cum 30.12.2025.xls,0.000,0.000,0.000
2025-12-30,494,Uttara Kannada,Coastal Karnataka,14.790,74.690,0.000,0.100,-100.000,2025/DEC 2025/daily dated cum 30.12.2025.xls,0.000,0.000,0.000
2025-12-31,492,Dakshina Kannada,Coastal Karnataka,12.840,74.860,0.000,0.100,-100.000,2025/DEC 2025/daily dated cum 31.12.2025.xls,0.000,0.000,0.000
2025-12-31,493,Udupi,Coastal Karnataka,13.340,74.740,0.000,0.100,-100.000,2025/DEC 2025/daily dated cum 31.12.2025.xls,0.000,0.000,0.000
2025-12-31,494,Uttara Kannada,Coastal Karnataka,14.790,74.690,0.000,0.100,-100.000,2025/DEC 2025/daily dated cum 31.12.2025.xls,0.000,0.000,0.000
2026-01-01,492,Dakshina Kannada,Coastal Karnataka,12.840,74.860,0.000,0.500,-100.000,2026/DAILY CUM STATISTICS_JAN 2026/daily dated cum 01.01.2026.xls,0.000,0.000,0.000
2026-01-01,493,Udupi,Coastal Karnataka,13.340,74.740,0.000,0.100,-100.000,2026/DAILY CUM STATISTICS_JAN 2026/daily dated cum 01.01.2026.xls,0.000,0.000,0.000
2026-01-01,494,Uttara Kannada,Coastal Karnataka,14.790,74.690,0.000,0.200,-100.000,2026/DAILY CUM STATISTICS_JAN 2026/daily dated cum 01.01.2026.xls,0.000,0.000,0.000
2026-01-02,492,Dakshina Kannada,Coastal Karnataka,12.840,74.860,0.000,0.100,-100.000,2026/DAILY CUM STATISTICS_JAN 2026/daily dated cum 02.01.2026.xls,0.000,0.000,0.000
2026-01-02,493,Udupi,Coastal Karnataka,13.340,74.740,0.000,0.000,-100.000,2026/DAILY CUM STATISTICS_JAN 2026/daily dated cum 02.01.2026.xls,0.000,0.000,0.000
2026-01-02,494,Uttara Kannada,Coastal Karnataka,14.790,74.690,0.000,0.100,-100.000,2026/DAILY CUM STATISTICS_JAN 2026/daily dated cum 02.01.2026.xls,0.000,0.000,0.000
2026-01-03,492,Dakshina Kannada,Coastal Karnataka,12.840,74.860,0.000,0.100,-100.000,2026/DAILY CUM STATISTICS_JAN 2026/daily dated cum 03.01.2026.xls,0.000,0.000,0.000
2026-01-03,493,Udupi,Coastal Karnataka,13.340,74.740,0.000,0.100,-100.000,2026/DAILY CUM STATISTICS_JAN 2026/daily dated cum 03.01.2026.xls,0.000,0.000,0.000
2026-01-03,494,Uttara Kannada,Coastal Karnataka,14.790,74.690,0.000,0.000,-100.000,2026/DAILY CUM STATISTICS_JAN 2026/daily dated cum 03.01.2026.xls,0.000,0.000,0.000
2026-01-04,492,Dakshina Kannada,Coastal Karnataka,12.840,74.860,0.000,0.100,-100.000,2026/DAILY CUM STATISTICS_JAN 2026/daily dated cum 04.01.2026.xls,0.100,0.000,0.000
2026-01-04,493,Udupi,Coastal Karnataka,13.340,74.740,0.000,0.000,-100.000,2026/DAILY CUM STATISTICS_JAN 2026/daily dated cum 04.01.2026.xls,0.600,0.000,0.000
2026-01-04,494,Uttara Kannada,Coastal Karnataka,14.790,74.690,0.000,0.000,-100.000,2026/DAILY CUM STATISTICS_JAN 2026/daily dated cum 04.01.2026.xls,0.000,0.000,0.000
2026-01-05,492,Dakshina Kannada,Coastal Karnataka,12.840,74.860,0.000,0.100,-100.000,2026/DAILY CUM STATISTICS_JAN 2026/daily dated cum 05.01.2026.xls,0.000,0.000,0.000
2026-01-05,493,Udupi,Coastal Karnataka,13.340,74.740,0.000,0.000,-100.000,2026/DAILY CUM STATISTICS_JAN 2026/daily dated cum 05.01.2026.xls,0.000,0.000,0.000
2026-01-05,494,Uttara Kannada,Coastal Karnataka,14.790,74.690,0.000,0.000,-100.000,2026/DAILY CUM STATISTICS_JAN 2026/daily dated cum 05.01.2026.xls,0.000,0.000,0.000
2026-01-06,492,Dakshina Kannada,Coastal Karnataka,12.840,74.860,0.000,0.000,-100.000,2026/DAILY CUM STATISTICS_JAN 2026/daily dated cum 06.01.2026.xls,0.000,0.000,0.000
2026-01-06,493,Udupi,Coastal Karnataka,13.340,74.740,0.000,0.000,-100.000,2026/DAILY CUM STATISTICS_JAN 2026/daily dated cum 06.01.2026.xls,0.000,0.000,0.000
2026-01-06,494,Uttara Kannada,Coastal Karnataka,14.790,74.690,0.000,0.000,-100.000,2026/DAILY CUM STATISTICS_JAN 2026/daily dated cum 06.01.2026.xls,0.000,0.000,0.000
2026-01-07,492,Dakshina Kannada,Coastal Karnataka,12.840,74.860,0.000,0.000,-100.000,2026/DAILY CUM STATISTICS_JAN 2026/daily dated cum 07.01.2026.xls,0.000,0.000,0.000
2026-01-07,493,Udupi,Coastal Karnataka,13.340,74.740,0.000,0.000,-100.000,2026/DAILY CUM STATISTICS_JAN 2026/daily dated cum 07.01.2026.xls,0.000,0.000,0.000
2026-01-07,494,Uttara Kannada,Coastal Karnataka,14.790,74.690,0.000,0.000,-100.000,2026/DAILY CUM STATISTICS_JAN 2026/daily dated cum 07.01.2026.xls,0.000,0.000,0.000
2026-01-08,492,Dakshina Kannada,Coastal Karnataka,12.840,74.860,0.000,0.000,-100.000,2026/DAILY CUM STATISTICS_JAN 2026/daily dated cum 08.01.2026.xls,0.000,0.000,0.000
2026-01-08,493,Udupi,Coastal Karnataka,13.340,74.740,0.000,0.000,-100.000,2026/DAILY CUM STATISTICS_JAN 2026/daily dated cum 08.01.2026.xls,0.000,0.000,0.000
2026-01-08,494,Uttara Kannada,Coastal Karnataka,14.790,74.690,0.000,0.100,-100.000,2026/DAILY CUM STATISTICS_JAN 2026/daily dated cum 08.01.2026.xls,0.000,0.000,0.000
2026-01-09,492,Dakshina Kannada,Coastal Karnataka,12.840,74.860,0.000,0.100,-100.000,2026/DAILY CUM STATISTICS_JAN 2026/daily dated cum 09.01.2026.xls,0.000,0.000,0.000
2026-01-09,493,Udupi,Coastal Karnataka,13.340,74.740,0.000,0.100,-100.000,2026/DAILY CUM STATISTICS_JAN 2026/daily dated cum 09.01.2026.xls,0.000,0.000,0.000
2026-01-09,494,Uttara Kannada,Coastal Karnataka,14.790,74.690,0.000,0.000,-100.000,2026/DAILY CUM STATISTICS_JAN 2026/daily dated cum 09.01.2026.xls,0.000,0.000,0.000
2026-01-10,492,Dakshina Kannada,Coastal Karnataka,12.840,74.860,0.000,0.100,-100.000,2026/DAILY CUM STATISTICS_JAN 2026/daily dated cum 10.01.2026.xls,0.000,0.000,0.000
2026-01-10,493,Udupi,Coastal Karnataka,13.340,74.740,0.000,0.000,-100.000,2026/DAILY CUM STATISTICS_JAN 2026/daily dated cum 10.01.2026.xls,0.000,0.000,0.000
2026-01-10,494,Uttara Kannada,Coastal Karnataka,14.790,74.690,0.000,0.100,-100.000,2026/DAILY CUM STATISTICS_JAN 2026/daily dated cum 10.01.2026.xls,0.000,0.000,0.000
2026-01-11,492,Dakshina Kannada,Coastal Karnataka,12.840,74.860,0.000,0.200,-95.000,2026/DAILY CUM STATISTICS_JAN 2026/daily dated cum 11.01.2026.xls,0.100,0.300,0.000
2026-01-11,493,Udupi,Coastal Karnataka,13.340,74.740,0.000,0.100,-100.000,2026/DAILY CUM STATISTICS_JAN 2026/daily dated cum 11.01.2026.xls,0.000,0.000,0.000
2026-01-11,494,Uttara Kannada,Coastal Karnataka,14.790,74.690,0.000,0.100,-100.000,2026/DAILY CUM STATISTICS_JAN 2026/daily dated cum 11.01.2026.xls,0.000,0.000,0.000
2026-01-12,492,Dakshina Kannada,Coastal Karnataka,12.840,74.860,0.000,0.300,-100.000,2026/DAILY CUM STATISTICS_JAN 2026/daily dated cum 12.01.2026.xls,0.800,0.000,0.000
2026-01-12,493,Udupi,Coastal Karnataka,13.340,74.740,0.000,0.100,-100.000,2026/DAILY CUM STATISTICS_JAN 2026/daily dated cum 12.01.2026.xls,0.400,0.000,0.000
2026-01-12,494,Uttara Kannada,Coastal Karnataka,14.790,74.690,0.000,0.000,-100.000,2026/DAILY CUM STATISTICS_JAN 2026/daily dated cum 12.01.2026.xls,0.100,1.100,0.600
2026-01-13,492,Dakshina Kannada,Coastal Karnataka,12.840,74.860,0.000,0.600,-100.000,2026/DAILY CUM STATISTICS_JAN 2026/daily dated cum 13.01.2026.xls,0.100,0.100,0.600
2026-01-13,493,Udupi,Coastal Karnataka,13.340,74.740,0.000,0.100,-100.000,2026/DAILY CUM STATISTICS_JAN 2026/daily dated cum 13.01.2026.xls,0.500,0.000,0.600
2026-01-13,494,Uttara Kannada,Coastal Karnataka,14.790,74.690,0.000,0.100,-100.000,2026/DAILY CUM STATISTICS_JAN 2026/daily dated cum 13.01.2026.xls,0.400,0.300,0.000
2026-01-14,492,Dakshina Kannada,Coastal Karnataka,12.840,74.860,1.800,0.200,783.000,2026/DAILY CUM STATISTICS_JAN 2026/daily dated cum 14.01.2026.xls,0.200,0.700,0.600
2026-01-14,493,Udupi,Coastal Karnataka,13.340,74.740,2.600,0.100,2467.000,2026/DAILY CUM STATISTICS_JAN 2026/daily dated cum 14.01.2026.xls,0.000,0.000,0.000
2026-01-14,494,Uttara Kannada,Coastal Karnataka,14.790,74.690,0.000,0.100,-100.000,2026/DAILY CUM STATISTICS_JAN 2026/daily dated cum 14.01.2026.xls,0.500,0.200,0.000
2026-01-15,492,Dakshina Kannada,Coastal Karnataka,12.840,74.860,0.800,0.300,179.000,2026/DAILY CUM STATISTICS_JAN 2026/daily dated cum 15.01.2026.xls,0.000,0.000,0.000
2026-01-15,493,Udupi,Coastal Karnataka,13.340,74.740,0.000,0.500,-100.000,2026/DAILY CUM STATISTICS_JAN 2026/daily dated cum 15.01.2026.xls,0.000,0.000,0.000
2026-01-15,494,Uttara Kannada,Coastal Karnataka,14.790,74.690,0.000,0.100,-100.000,2026/DAILY CUM STATISTICS_JAN 2026/daily dated cum 15.01.2026.xls,0.000,0.000,0.000
2026-01-16,492,Dakshina Kannada,Coastal Karnataka,12.840,74.860,0.000,0.000,-100.000,2026/DAILY CUM STATISTICS_JAN 2026/daily dated cum 16.01.2026.xls,0.700,0.000,0.000
2026-01-16,493,Udupi,Coastal Karnataka,13.340,74.740,0.000,0.000,-100.000,2026/DAILY CUM STATISTICS_JAN 2026/daily dated cum 16.01.2026.xls,0.000,0.000,0.000
2026-01-16,494,Uttara Kannada,Coastal Karnataka,14.790,74.690,0.000,0.000,-100.000,2026/DAILY CUM STATISTICS_JAN 2026/daily dated cum 16.01.2026.xls,0.000,0.000,0.000
2026-01-17,492,Dakshina Kannada,Coastal Karnataka,12.840,74.860,0.000,0.000,-100.000,2026/DAILY CUM STATISTICS_JAN 2026/daily dated cum 17.01.2026.xls,0.000,0.000,0.000
2026-01-17,493,Udupi,Coastal Karnataka,13.340,74.740,0.000,0.000,-100.000,2026/DAILY CUM STATISTICS_JAN 2026/daily dated cum 17.01.2026.xls,0.000,0.000,0.000
2026-01-17,494,Uttara Kannada,Coastal Karnataka,14.790,74.690,0.000,0.000,-100.000,2026/DAILY CUM STATISTICS_JAN 2026/daily dated cum 17.01.2026.xls,0.000,0.000,0.000
2026-01-18,492,Dakshina Kannada,Coastal Karnataka,12.840,74.860,0.000,0.000,-100.000,2026/DAILY CUM STATISTICS_JAN 2026/daily dated cum 18.01.2026.xls,0.000,0.000,0.000
2026-01-18,493,Udupi,Coastal Karnataka,13.340,74.740,0.000,0.000,-100.000,2026/DAILY CUM STATISTICS_JAN 2026/daily dated cum 18.01.2026.xls,0.000,0.000,0.000
2026-01-18,494,Uttara Kannada,Coastal Karnataka,14.790,74.690,0.000,0.000,-100.000,2026/DAILY CUM STATISTICS_JAN 2026/daily dated cum 18.01.2026.xls,0.000,0.000,0.000
2026-01-19,492,Dakshina Kannada,Coastal Karnataka,12.840,74.860,0.000,0.000,-100.000,2026/DAILY CUM STATISTICS_JAN 2026/daily dated cum 19.01.2026.xls,0.000,0.000,0.000
2026-01-19,493,Udupi,Coastal Karnataka,13.340,74.740,0.000,0.100,-100.000,2026/DAILY CUM STATISTICS_JAN 2026/daily dated cum 19.01.2026.xls,0.000,0.000,0.000
2026-01-19,494,Uttara Kannada,Coastal Karnataka,14.790,74.690,0.000,0.000,-100.000,2026/DAILY CUM STATISTICS_JAN 2026/daily dated cum 19.01.2026.xls,0.000,0.000,0.000
2026-01-20,492,Dakshina Kannada,Coastal Karnataka,12.840,74.860,0.000,0.100,-100.000,2026/DAILY CUM STATISTICS_JAN 2026/daily dated 20.01.2026.xls,0.000,0.000,0.000
2026-01-20,493,Udupi,Coastal Karnataka,13.340,74.740,0.000,0.000,-100.000,2026/DAILY CUM STATISTICS_JAN 2026/daily dated 20.01.2026.xls,0.000,0.000,0.000
2026-01-20,494,Uttara Kannada,Coastal Karnataka,14.790,74.690,0.000,0.000,-100.000,2026/DAILY CUM STATISTICS_JAN 2026/daily dated 20.01.2026.xls,0.000,0.000,0.000
2026-01-21,492,Dakshina Kannada,Coastal Karnataka,12.840,74.860,0.000,0.200,-100.000,2026/DAILY CUM STATISTICS_JAN 2026/daily dated cum 21.01.2026.xls,0.000,0.000,0.000
2026-01-21,493,Udupi,Coastal Karnataka,13.340,74.740,0.000,0.000,-100.000,2026/DAILY CUM STATISTICS_JAN 2026/daily dated cum 21.01.2026.xls,0.000,0.000,0.000
2026-01-21,494,Uttara Kannada,Coastal Karnataka,14.790,74.690,0.000,0.000,-100.000,2026/DAILY CUM STATISTICS_JAN 2026/daily dated cum 21.01.2026.xls,0.000,0.000,0.000
2026-01-22,492,Dakshina Kannada,Coastal Karnataka,12.840,74.860,0.000,0.000,-100.000,2026/DAILY CUM STATISTICS_JAN 2026/daily dated cum 22.01.2026.xls,0.000,0.000,0.000
2026-01-22,493,Udupi,Coastal Karnataka,13.340,74.740,0.000,0.000,-100.000,2026/DAILY CUM STATISTICS_JAN 2026/daily dated cum 22.01.2026.xls,0.000,0.000,0.000
2026-01-22,494,Uttara Kannada,Coastal Karnataka,14.790,74.690,0.000,0.000,-100.000,2026/DAILY CUM STATISTICS_JAN 2026/daily dated cum 22.01.2026.xls,0.000,0.000,0.000
2026-01-23,492,Dakshina Kannada,Coastal Karnataka,12.840,74.860,0.000,0.000,-100.000,2026/DAILY CUM STATISTICS_JAN 2026/daily dated cum 23.01.2026.xls,0.000,0.000,0.000
2026-01-23,493,Udupi,Coastal Karnataka,13.340,74.740,0.000,0.000,-100.000,2026/DAILY CUM STATISTICS_JAN 2026/daily dated cum 23.01.2026.xls,0.000,0.000,0.000
2026-01-23,494,Uttara Kannada,Coastal Karnataka,14.790,74.690,0.000,0.000,-100.000,2026/DAILY CUM STATISTICS_JAN 2026/daily dated cum 23.01.2026.xls,0.000,0.000,0.000
2026-01-24,492,Dakshina Kannada,Coastal Karnataka,12.840,74.860,0.000,0.100,-100.000,2026/DAILY CUM STATISTICS_JAN 2026/daily dated cum 24.01.2026.xls,0.000,0.000,0.000
2026-01-24,493,Udupi,Coastal Karnataka,13.340,74.740,0.000,0.000,-100.000,2026/DAILY CUM STATISTICS_JAN 2026/daily dated cum 24.01.2026.xls,0.000,0.000,0.000
2026-01-24,494,Uttara Kannada,Coastal Karnataka,14.790,74.690,0.000,0.000,-100.000,2026/DAILY CUM STATISTICS_JAN 2026/daily dated cum 24.01.2026.xls,0.000,0.000,0.000
2026-01-25,492,Dakshina Kannada,Coastal Karnataka,12.840,74.860,0.000,0.000,-100.000,2026/DAILY CUM STATISTICS_JAN 2026/daily dated cum 25.01.2026.xls,0.000,0.000,0.000
2026-01-25,493,Udupi,Coastal Karnataka,13.340,74.740,0.000,0.000,-100.000,2026/DAILY CUM STATISTICS_JAN 2026/daily dated cum 25.01.2026.xls,0.000,0.000,0.000
2026-01-25,494,Uttara Kannada,Coastal Karnataka,14.790,74.690,0.000,0.000,-100.000,2026/DAILY CUM STATISTICS_JAN 2026/daily dated cum 25.01.2026.xls,0.000,0.000,0.000
2026-01-26,492,Dakshina Kannada,Coastal Karnataka,12.840,74.860,0.000,0.000,-100.000,2026/DAILY CUM STATISTICS_JAN 2026/daily dated cum 26.01.2026.xls,1.100,0.000,0.000
2026-01-26,493,Udupi,Coastal Karnataka,13.340,74.740,0.000,0.000,-100.000,2026/DAILY CUM STATISTICS_JAN 2026/daily dated cum 26.01.2026.xls,0.300,0.500,0.000
2026-01-26,494,Uttara Kannada,Coastal Karnataka,14.790,74.690,0.000,0.100,-100.000,2026/DAILY CUM STATISTICS_JAN 2026/daily dated cum 26.01.2026.xls,0.000,0.300,0.000
2026-01-27,492,Dakshina Kannada,Coastal Karnataka,12.840,74.860,0.000,0.000,-100.000,2026/DAILY CUM STATISTICS_JAN 2026/daily dated 27.01.2026.xls,10.300,2.500,0.600
2026-01-27,493,Udupi,Coastal Karnataka,13.340,74.740,0.000,0.000,-100.000,2026/DAILY CUM STATISTICS_JAN 2026/daily dated 27.01.2026.xls,5.900,7.500,0.000
2026-01-27,494,Uttara Kannada,Coastal Karnataka,14.790,74.690,0.000,0.000,-100.000,2026/DAILY CUM STATISTICS_JAN 2026/daily dated 27.01.2026.xls,0.000,0.300,0.600
2026-01-28,492,Dakshina Kannada,Coastal Karnataka,12.840,74.860,0.000,0.000,-100.000,2026/DAILY CUM STATISTICS_JAN 2026/daily dated cum 28.01.2026.xls,0.300,0.000,0.000
2026-01-28,493,Udupi,Coastal Karnataka,13.340,74.740,0.000,0.000,-100.000,2026/DAILY CUM STATISTICS_JAN 2026/daily dated cum 28.01.2026.xls,0.000,0.000,0.000
2026-01-28,494,Uttara Kannada,Coastal Karnataka,14.790,74.690,0.000,0.000,-100.000,2026/DAILY CUM STATISTICS_JAN 2026/daily dated cum 28.01.2026.xls,0.000,0.000,0.000
2026-01-29,492,Dakshina Kannada,Coastal Karnataka,12.840,74.860,0.000,0.100,-100.000,2026/DAILY CUM STATISTICS_JAN 2026/daily dated cum 29.01.2026.xls,0.000,0.000,0.000
2026-01-29,493,Udupi,Coastal Karnataka,13.340,74.740,0.000,0.000,-100.000,2026/DAILY CUM STATISTICS_JAN 2026/daily dated cum 29.01.2026.xls,0.000,0.000,0.000
2026-01-29,494,Uttara Kannada,Coastal Karnataka,14.790,74.690,0.000,0.000,-100.000,2026/DAILY CUM STATISTICS_JAN 2026/daily dated cum 29.01.2026.xls,0.000,0.000,0.000
2026-01-30,492,Dakshina Kannada,Coastal Karnataka,12.840,74.860,0.000,0.100,-100.000,2026/DAILY CUM STATISTICS_JAN 2026/daily dated cum 30.01.2026.xls,0.000,0.000,0.000
2026-01-30,493,Udupi,Coastal Karnataka,13.340,74.740,0.000,0.000,-100.000,2026/DAILY CUM STATISTICS_JAN 2026/daily dated cum 30.01.2026.xls,0.000,0.000,0.000
2026-01-30,494,Uttara Kannada,Coastal Karnataka,14.790,74.690,0.000,0.000,-100.000,2026/DAILY CUM STATISTICS_JAN 2026/daily dated cum 30.01.2026.xls,0.000,0.000,0.000
2026-01-31,492,Dakshina Kannada,Coastal Karnataka,12.840,74.860,0.000,0.100,-100.000,2026/DAILY CUM STATISTICS_JAN 2026/daily dated 31.01.2026.xls,0.000,0.000,0.000
2026-01-31,493,Udupi,Coastal Karnataka,13.340,74.740,0.000,0.100,-100.000,2026/DAILY CUM STATISTICS_JAN 2026/daily dated 31.01.2026.xls,0.000,0.000,0.000
2026-01-31,494,Uttara Kannada,Coastal Karnataka,14.790,74.690,0.000,0.000,-100.000,2026/DAILY CUM STATISTICS_JAN 2026/daily dated 31.01.2026.xls,0.000,0.000,0.000
2026-02-01,492,Dakshina Kannada,Coastal Karnataka,12.840,74.860,0.000,0.000,-100.000,2026/DAILY CUM STATISTICS_FEB 2026/daily dated 01.02.2026.xls,0.000,0.000,0.000
2026-02-01,493,Udupi,Coastal Karnataka,13.340,74.740,0.000,0.000,-100.000,2026/DAILY CUM STATISTICS_FEB 2026/daily dated 01.02.2026.xls,0.000,0.000,0.000
2026-02-01,494,Uttara Kannada,Coastal Karnataka,14.790,74.690,0.000,0.000,-100.000,2026/DAILY CUM STATISTICS_FEB 2026/daily dated 01.02.2026.xls,0.000,0.000,0.000
2026-02-02,492,Dakshina Kannada,Coastal Karnataka,12.840,74.860,0.000,0.000,-100.000,2026/DAILY CUM STATISTICS_FEB 2026/daily dated 02.02.2026.xls,0.000,0.000,0.000
2026-02-02,493,Udupi,Coastal Karnataka,13.340,74.740,0.000,0.000,-100.000,2026/DAILY CUM STATISTICS_FEB 2026/daily dated 02.02.2026.xls,0.000,0.000,0.000
2026-02-02,494,Uttara Kannada,Coastal Karnataka,14.790,74.690,0.000,0.100,-100.000,2026/DAILY CUM STATISTICS_FEB 2026/daily dated 02.02.2026.xls,0.000,0.000,0.000
2026-02-03,492,Dakshina Kannada,Coastal Karnataka,12.840,74.860,0.000,0.000,-100.000,2026/DAILY CUM STATISTICS_FEB 2026/daily dated 03.02.2026.xls,2.900,0.000,0.000
2026-02-03,493,Udupi,Coastal Karnataka,13.340,74.740,0.000,0.100,-100.000,2026/DAILY CUM STATISTICS_FEB 2026/daily dated 03.02.2026.xls,0.600,0.000,0.000
2026-02-03,494,Uttara Kannada,Coastal Karnataka,14.790,74.690,0.000,0.000,-100.000,2026/DAILY CUM STATISTICS_FEB 2026/daily dated 03.02.2026.xls,0.000,0.000,0.600
2026-02-05,492,Dakshina Kannada,Coastal Karnataka,12.840,74.860,0.000,0.100,-100.000,2026/DAILY CUM STATISTICS_FEB 2026/daily dated 05.02.2026.xls,0.000,0.000,0.000
2026-02-05,493,Udupi,Coastal Karnataka,13.340,74.740,0.000,0.000,-100.000,2026/DAILY CUM STATISTICS_FEB 2026/daily dated 05.02.2026.xls,0.000,0.000,0.000
2026-02-05,494,Uttara Kannada,Coastal Karnataka,14.790,74.690,0.000,0.000,-100.000,2026/DAILY CUM STATISTICS_FEB 2026/daily dated 05.02.2026.xls,0.000,0.000,0.000
2026-02-06,492,Dakshina Kannada,Coastal Karnataka,12.840,74.860,0.000,0.100,-100.000,2026/DAILY CUM STATISTICS_FEB 2026/daily dated 06.02.2026.xls,0.000,0.000,0.000
2026-02-06,493,Udupi,Coastal Karnataka,13.340,74.740,0.000,0.000,-100.000,2026/DAILY CUM STATISTICS_FEB 2026/daily dated 06.02.2026.xls,0.000,0.000,0.000
2026-02-06,494,Uttara Kannada,Coastal Karnataka,14.790,74.690,0.000,0.100,-100.000,2026/DAILY CUM STATISTICS_FEB 2026/daily dated 06.02.2026.xls,0.000,0.000,0.000
2026-02-07,492,Dakshina Kannada,Coastal Karnataka,12.840,74.860,0.000,0.400,-100.000,2026/DAILY CUM STATISTICS_FEB 2026/daily dated 07.02.2026.xls,0.000,0.000,0.000
2026-02-07,493,Udupi,Coastal Karnataka,13.340,74.740,0.000,0.000,-100.000,2026/DAILY CUM STATISTICS_FEB 2026/daily dated 07.02.2026.xls,0.000,0.000,0.000
2026-02-07,494,Uttara Kannada,Coastal Karnataka,14.790,74.690,0.000,0.000,-100.000,2026/DAILY CUM STATISTICS_FEB 2026/daily dated 07.02.2026.xls,0.000,0.000,0.000
2026-02-08,492,Dakshina Kannada,Coastal Karnataka,12.840,74.860,0.000,0.000,-100.000,2026/DAILY CUM STATISTICS_FEB 2026/daily dated 08.02.2026.xls,0.000,0.000,0.000
2026-02-08,493,Udupi,Coastal Karnataka,13.340,74.740,0.000,0.100,-100.000,2026/DAILY CUM STATISTICS_FEB 2026/daily dated 08.02.2026.xls,0.000,0.000,0.000
2026-02-08,494,Uttara Kannada,Coastal Karnataka,14.790,74.690,0.000,0.000,-100.000,2026/DAILY CUM STATISTICS_FEB 2026/daily dated 08.02.2026.xls,0.000,0.000,0.000
2026-02-09,492,Dakshina Kannada,Coastal Karnataka,12.840,74.860,0.000,0.100,-100.000,2026/DAILY CUM STATISTICS_FEB 2026/daily dated 09.02.2026.xls,0.000,0.000,0.000
2026-02-09,493,Udupi,Coastal Karnataka,13.340,74.740,0.000,0.000,-100.000,2026/DAILY CUM STATISTICS_FEB 2026/daily dated 09.02.2026.xls,0.000,0.000,0.000
2026-02-09,494,Uttara Kannada,Coastal Karnataka,14.790,74.690,0.000,0.000,-100.000,2026/DAILY CUM STATISTICS_FEB 2026/daily dated 09.02.2026.xls,0.000,0.000,0.000
2026-02-10,492,Dakshina Kannada,Coastal Karnataka,12.840,74.860,0.000,0.200,-100.000,2026/DAILY CUM STATISTICS_FEB 2026/daily dated 10.02.2026.xls,0.000,0.000,0.000
2026-02-10,493,Udupi,Coastal Karnataka,13.340,74.740,0.000,0.000,-100.000,2026/DAILY CUM STATISTICS_FEB 2026/daily dated 10.02.2026.xls,0.000,0.000,0.000
2026-02-10,494,Uttara Kannada,Coastal Karnataka,14.790,74.690,0.000,0.000,-100.000,2026/DAILY CUM STATISTICS_FEB 2026/daily dated 10.02.2026.xls,0.000,0.000,0.000
2026-02-11,492,Dakshina Kannada,Coastal Karnataka,12.840,74.860,0.000,0.000,-100.000,2026/DAILY CUM STATISTICS_FEB 2026/daily dated 11.02.2026.xls,0.000,0.000,0.000
2026-02-11,493,Udupi,Coastal Karnataka,13.340,74.740,0.000,0.000,-100.000,2026/DAILY CUM STATISTICS_FEB 2026/daily dated 11.02.2026.xls,0.000,0.000,0.000
2026-02-11,494,Uttara Kannada,Coastal Karnataka,14.790,74.690,0.000,0.000,-100.000,2026/DAILY CUM STATISTICS_FEB 2026/daily dated 11.02.2026.xls,0.000,0.000,0.000
2026-02-12,492,Dakshina Kannada,Coastal Karnataka,12.840,74.860,0.000,0.100,-100.000,2026/DAILY CUM STATISTICS_FEB 2026/daily dated 12.02.2026.xls,0.000,0.000,0.000
2026-02-12,493,Udupi,Coastal Karnataka,13.340,74.740,0.000,0.100,-100.000,2026/DAILY CUM STATISTICS_FEB 2026/daily dated 12.02.2026.xls,0.000,0.000,0.000
2026-02-12,494,Uttara Kannada,Coastal Karnataka,14.790,74.690,0.000,0.000,-100.000,2026/DAILY CUM STATISTICS_FEB 2026/daily dated 12.02.2026.xls,0.000,0.000,0.000
2026-02-13,492,Dakshina Kannada,Coastal Karnataka,12.840,74.860,0.000,0.000,-100.000,2026/DAILY CUM STATISTICS_FEB 2026/daily dated 13.02.2026.xls,0.000,0.000,0.000
2026-02-13,493,Udupi,Coastal Karnataka,13.340,74.740,0.000,0.100,-100.000,2026/DAILY CUM STATISTICS_FEB 2026/daily dated 13.02.2026.xls,0.000,0.000,0.000
2026-02-13,494,Uttara Kannada,Coastal Karnataka,14.790,74.690,0.000,0.000,-100.000,2026/DAILY CUM STATISTICS_FEB 2026/daily dated 13.02.2026.xls,0.000,0.000,0.000
2026-02-14,492,Dakshina Kannada,Coastal Karnataka,12.840,74.860,0.000,0.200,-100.000,2026/DAILY CUM STATISTICS_FEB 2026/daily dated 14.02.2026.xls,0.000,0.000,0.000
2026-02-14,493,Udupi,Coastal Karnataka,13.340,74.740,0.000,0.000,-100.000,2026/DAILY CUM STATISTICS_FEB 2026/daily dated 14.02.2026.xls,0.000,0.000,0.000
2026-02-14,494,Uttara Kannada,Coastal Karnataka,14.790,74.690,0.000,0.000,-100.000,2026/DAILY CUM STATISTICS_FEB 2026/daily dated 14.02.2026.xls,0.000,0.000,0.000
2026-02-15,492,Dakshina Kannada,Coastal Karnataka,12.840,74.860,0.000,0.500,-100.000,2026/DAILY CUM STATISTICS_FEB 2026/daily dated 15.02.2026.xls,0.000,0.000,0.000
2026-02-15,493,Udupi,Coastal Karnataka,13.340,74.740,0.000,0.200,-100.000,2026/DAILY CUM STATISTICS_FEB 2026/daily dated 15.02.2026.xls,0.000,0.000,0.000
2026-02-15,494,Uttara Kannada,Coastal Karnataka,14.790,74.690,0.000,,-100.000,2026/DAILY CUM STATISTICS_FEB 2026/daily dated 15.02.2026.xls,0.000,0.000,0.000
2026-02-16,492,Dakshina Kannada,Coastal Karnataka,12.840,74.860,0.000,0.100,-100.000,2026/DAILY CUM STATISTICS_FEB 2026/daily dated 16.02.2026.xls,0.000,0.000,0.000
2026-02-16,493,Udupi,Coastal Karnataka,13.340,74.740,0.000,0.100,-100.000,2026/DAILY CUM STATISTICS_FEB 2026/daily dated 16.02.2026.xls,0.000,0.000,0.000
2026-02-16,494,Uttara Kannada,Coastal Karnataka,14.790,74.690,0.000,0.100,-100.000,2026/DAILY CUM STATISTICS_FEB 2026/daily dated 16.02.2026.xls,0.000,0.000,0.000
2026-02-17,492,Dakshina Kannada,Coastal Karnataka,12.840,74.860,0.000,0.400,-100.000,2026/DAILY CUM STATISTICS_FEB 2026/daily dated 17.02.2026.xls,0.000,0.000,0.000
2026-02-17,493,Udupi,Coastal Karnataka,13.340,74.740,0.000,0.100,-100.000,2026/DAILY CUM STATISTICS_FEB 2026/daily dated 17.02.2026.xls,0.000,0.000,0.000
2026-02-17,494,Uttara Kannada,Coastal Karnataka,14.790,74.690,0.000,0.200,-100.000,2026/DAILY CUM STATISTICS_FEB 2026/daily dated 17.02.2026.xls,0.000,0.000,0.000
2026-02-18,492,Dakshina Kannada,Coastal Karnataka,12.840,74.860,0.000,0.100,-100.000,2026/DAILY CUM STATISTICS_FEB 2026/daily dated 18.02.2026.xls,0.000,0.000,0.000
2026-02-18,493,Udupi,Coastal Karnataka,13.340,74.740,0.000,0.000,-100.000,2026/DAILY CUM STATISTICS_FEB 2026/daily dated 18.02.2026.xls,0.000,0.000,0.000
2026-02-18,494,Uttara Kannada,Coastal Karnataka,14.790,74.690,0.000,0.000,-100.000,2026/DAILY CUM STATISTICS_FEB 2026/daily dated 18.02.2026.xls,0.000,0.000,0.000
2026-02-19,492,Dakshina Kannada,Coastal Karnataka,12.840,74.860,0.000,0.000,-100.000,2026/DAILY CUM STATISTICS_FEB 2026/daily dated 19.02.2026.xls,0.000,0.000,0.000
2026-02-19,493,Udupi,Coastal Karnataka,13.340,74.740,0.000,0.000,-100.000,2026/DAILY CUM STATISTICS_FEB 2026/daily dated 19.02.2026.xls,0.000,0.000,0.000
2026-02-19,494,Uttara Kannada,Coastal Karnataka,14.790,74.690,0.000,0.000,-100.000,2026/DAILY CUM STATISTICS_FEB 2026/daily dated 19.02.2026.xls,0.000,0.000,0.000
2026-02-21,492,Dakshina Kannada,Coastal Karnataka,12.840,74.860,0.000,0.000,-100.000,2026/DAILY CUM STATISTICS_FEB 2026/daily dated 21.02.2026.xls,0.800,3.400,0.000
2026-02-21,493,Udupi,Coastal Karnataka,13.340,74.740,0.000,0.000,-100.000,2026/DAILY CUM STATISTICS_FEB 2026/daily dated 21.02.2026.xls,0.000,4.200,0.000
2026-02-21,494,Uttara Kannada,Coastal Karnataka,14.790,74.690,0.000,0.000,-100.000,2026/DAILY CUM STATISTICS_FEB 2026/daily dated 21.02.2026.xls,0.000,0.000,0.000
2026-02-22,492,Dakshina Kannada,Coastal Karnataka,12.840,74.860,0.500,0.000,200.000,2026/DAILY CUM STATISTICS_FEB 2026/daily dated 22.02.2026.xls,5.500,0.000,0.000
2026-02-22,493,Udupi,Coastal Karnataka,13.340,74.740,0.000,0.000,-100.000,2026/DAILY CUM STATISTICS_FEB 2026/daily dated 22.02.2026.xls,5.600,0.700,0.000
2026-02-22,494,Uttara Kannada,Coastal Karnataka,14.790,74.690,0.000,0.100,-100.000,2026/DAILY CUM STATISTICS_FEB 2026/daily dated 22.02.2026.xls,0.000,0.200,0.000
2026-02-23,492,Dakshina Kannada,Coastal Karnataka,12.840,74.860,0.000,0.100,-100.000,2026/DAILY CUM STATISTICS_FEB 2026/daily dated 23.02.2026.xls,0.300,1.500,2.400
2026-02-23,493,Udupi,Coastal Karnataka,13.340,74.740,0.000,0.000,-100.000,2026/DAILY CUM STATISTICS_FEB 2026/daily dated 23.02.2026.xls,0.000,0.200,0.600
2026-02-23,494,Uttara Kannada,Coastal Karnataka,14.790,74.690,0.000,0.000,-100.000,2026/DAILY CUM STATISTICS_FEB 2026/daily dated 23.02.2026.xls,0.000,0.100,0.600
2026-02-24,492,Dakshina Kannada,Coastal Karnataka,12.840,74.860,0.000,0.000,-100.000,2026/DAILY CUM STATISTICS_FEB 2026/daily dated 24.02.2026.xls,0.000,0.600,0.600
2026-02-24,493,Udupi,Coastal Karnataka,13.340,74.740,0.000,0.000,-100.000,2026/DAILY CUM STATISTICS_FEB 2026/daily dated 24.02.2026.xls,0.000,1.000,0.000
2026-02-24,494,Uttara Kannada,Coastal Karnataka,14.790,74.690,0.000,0.000,-100.000,2026/DAILY CUM STATISTICS_FEB 2026/daily dated 24.02.2026.xls,0.000,0.000,0.000
2026-02-25,492,Dakshina Kannada,Coastal Karnataka,12.840,74.860,0.000,0.000,-100.000,2026/DAILY CUM STATISTICS_FEB 2026/daily dated 25.02.2026.xls,0.000,0.000,2.400
2026-02-25,493,Udupi,Coastal Karnataka,13.340,74.740,0.000,0.000,-100.000,2026/DAILY CUM STATISTICS_FEB 2026/daily dated 25.02.2026.xls,0.000,0.300,1.200
2026-02-25,494,Uttara Kannada,Coastal Karnataka,14.790,74.690,1.500,0.000,200.000,2026/DAILY CUM STATISTICS_FEB 2026/daily dated 25.02.2026.xls,0.000,0.700,0.600
2026-02-26,492,Dakshina Kannada,Coastal Karnataka,12.840,74.860,2.800,0.000,200.000,2026/DAILY CUM STATISTICS_FEB 2026/daily dated 26.02.2026.xls,0.000,0.000,0.000
2026-02-26,493,Udupi,Coastal Karnataka,13.340,74.740,0.000,0.000,-100.000,2026/DAILY CUM STATISTICS_FEB 2026/daily dated 26.02.2026.xls,0.000,0.000,0.000
2026-02-26,494,Uttara Kannada,Coastal Karnataka,14.790,74.690,0.400,0.000,200.000,2026/DAILY CUM STATISTICS_FEB 2026/daily dated 26.02.2026.xls,0.000,0.000,0.000
2026-02-27,492,Dakshina Kannada,Coastal Karnataka,12.840,74.860,0.000,0.000,-100.000,2026/DAILY CUM STATISTICS_FEB 2026/daily dated 27.02.2026u.xls,0.000,0.000,0.000
2026-02-27,493,Udupi,Coastal Karnataka,13.340,74.740,0.000,0.000,-100.000,2026/DAILY CUM STATISTICS_FEB 2026/daily dated 27.02.2026u.xls,0.000,0.000,0.000
2026-02-27,494,Uttara Kannada,Coastal Karnataka,14.790,74.690,0.000,0.000,-100.000,2026/DAILY CUM STATISTICS_FEB 2026/daily dated 27.02.2026u.xls,0.000,0.000,0.000
2026-02-28,492,Dakshina Kannada,Coastal Karnataka,12.840,74.860,0.000,0.000,-100.000,2026/DAILY CUM STATISTICS_FEB 2026/daily dated 28.02.2026.xls,0.000,0.000,0.000
2026-02-28,493,Udupi,Coastal Karnataka,13.340,74.740,0.000,0.000,-100.000,2026/DAILY CUM STATISTICS_FEB 2026/daily dated 28.02.2026.xls,0.000,0.000,0.000
2026-02-28,494,Uttara Kannada,Coastal Karnataka,14.790,74.690,0.000,0.000,-100.000,2026/DAILY CUM STATISTICS_FEB 2026/daily dated 28.02.2026.xls,0.000,0.000,0.000
2026-03-01,492,Dakshina Kannada,Coastal Karnataka,12.840,74.860,0.000,0.000,-100.000,2026/DAILY CUM STATISTICS_MAR 2026/daily dated 01.03.2026.xls,0.000,0.000,0.000
2026-03-01,493,Udupi,Coastal Karnataka,13.340,74.740,0.000,0.000,-100.000,2026/DAILY CUM STATISTICS_MAR 2026/daily dated 01.03.2026.xls,0.000,0.000,0.000
2026-03-01,494,Uttara Kannada,Coastal Karnataka,14.790,74.690,0.000,0.200,-100.000,2026/DAILY CUM STATISTICS_MAR 2026/daily dated 01.03.2026.xls,0.000,0.000,0.000
2026-03-02,492,Dakshina Kannada,Coastal Karnataka,12.840,74.860,0.000,0.200,-100.000,2026/DAILY CUM STATISTICS_MAR 2026/daily dated 02.03.2026.xls,0.000,0.100,0.000
2026-03-02,493,Udupi,Coastal Karnataka,13.340,74.740,0.000,0.300,-100.000,2026/DAILY CUM STATISTICS_MAR 2026/daily dated 02.03.2026.xls,0.000,0.000,0.000
2026-03-02,494,Uttara Kannada,Coastal Karnataka,14.790,74.690,0.000,0.100,-100.000,2026/DAILY CUM STATISTICS_MAR 2026/daily dated 02.03.2026.xls,0.000,0.000,0.000
2026-03-03,492,Dakshina Kannada,Coastal Karnataka,12.840,74.860,0.000,0.000,-100.000,2026/DAILY CUM STATISTICS_MAR 2026/daily dated 03.03.2026.xls,0.000,0.000,0.000
2026-03-03,493,Udupi,Coastal Karnataka,13.340,74.740,0.000,0.000,-100.000,2026/DAILY CUM STATISTICS_MAR 2026/daily dated 03.03.2026.xls,0.000,0.000,0.000
2026-03-03,494,Uttara Kannada,Coastal Karnataka,14.790,74.690,0.000,0.000,-100.000,2026/DAILY CUM STATISTICS_MAR 2026/daily dated 03.03.2026.xls,0.000,0.000,0.000
2026-03-04,492,Dakshina Kannada,Coastal Karnataka,12.840,74.860,0.000,0.100,-100.000,2026/DAILY CUM STATISTICS_MAR 2026/daily dated 04.03.2026.xls,0.000,0.000,0.000
2026-03-04,493,Udupi,Coastal Karnataka,13.340,74.740,0.000,0.000,-100.000,2026/DAILY CUM STATISTICS_MAR 2026/daily dated 04.03.2026.xls,0.000,0.000,0.000
2026-03-04,494,Uttara Kannada,Coastal Karnataka,14.790,74.690,0.000,0.000,-100.000,2026/DAILY CUM STATISTICS_MAR 2026/daily dated 04.03.2026.xls,0.000,0.000,0.000
2026-03-05,492,Dakshina Kannada,Coastal Karnataka,12.840,74.860,0.000,0.600,-100.000,2026/DAILY CUM STATISTICS_MAR 2026/daily dated 05.03.2026.xls,0.000,0.100,0.000
2026-03-05,493,Udupi,Coastal Karnataka,13.340,74.740,0.000,0.100,-100.000,2026/DAILY CUM STATISTICS_MAR 2026/daily dated 05.03.2026.xls,0.000,0.000,0.000
2026-03-05,494,Uttara Kannada,Coastal Karnataka,14.790,74.690,0.000,0.000,-100.000,2026/DAILY CUM STATISTICS_MAR 2026/daily dated 05.03.2026.xls,0.000,0.000,0.000
2026-03-06,492,Dakshina Kannada,Coastal Karnataka,12.840,74.860,0.000,0.300,-100.000,2026/DAILY CUM STATISTICS_MAR 2026/daily dated 06.03.2026.xls,0.000,0.100,0.000
2026-03-06,493,Udupi,Coastal Karnataka,13.340,74.740,0.000,0.000,-100.000,2026/DAILY CUM STATISTICS_MAR 2026/daily dated 06.03.2026.xls,0.000,0.000,0.000
2026-03-06,494,Uttara Kannada,Coastal Karnataka,14.790,74.690,0.000,0.000,-100.000,2026/DAILY CUM STATISTICS_MAR 2026/daily dated 06.03.2026.xls,0.000,0.000,0.000
2026-03-07,492,Dakshina Kannada,Coastal Karnataka,12.840,74.860,0.000,0.300,-100.000,2026/DAILY CUM STATISTICS_MAR 2026/daily dated 07.03.2026.xls,0.000,0.300,0.000
2026-03-07,493,Udupi,Coastal Karnataka,13.340,74.740,0.000,0.100,-100.000,2026/DAILY CUM STATISTICS_MAR 2026/daily dated 07.03.2026.xls,0.000,0.100,0.000
2026-03-07,494,Uttara Kannada,Coastal Karnataka,14.790,74.690,0.000,0.000,-100.000,2026/DAILY CUM STATISTICS_MAR 2026/daily dated 07.03.2026.xls,0.000,0.000,0.000
2026-03-08,492,Dakshina Kannada,Coastal Karnataka,12.840,74.860,0.000,0.800,-100.000,2026/DAILY CUM STATISTICS_MAR 2026/daily dated 08.03.2026.xls,0.000,0.000,0.000
2026-03-08,493,Udupi,Coastal Karnataka,13.340,74.740,0.000,0.300,-100.000,2026/DAILY CUM STATISTICS_MAR 2026/daily dated 08.03.2026.xls,0.000,0.000,0.000
2026-03-08,494,Uttara Kannada,Coastal Karnataka,14.790,74.690,0.000,0.200,-100.000,2026/DAILY CUM STATISTICS_MAR 2026/daily dated 08.03.2026.xls,0.000,0.000,0.000
2026-03-09,492,Dakshina Kannada,Coastal Karnataka,12.840,74.860,0.000,0.700,-100.000,2026/DAILY CUM STATISTICS_MAR 2026/daily dated 09.03.2026.xls,0.000,1.000,0.000
2026-03-09,493,Udupi,Coastal Karnataka,13.340,74.740,0.000,0.200,-100.000,2026/DAILY CUM STATISTICS_MAR 2026/daily dated 09.03.2026.xls,0.000,0.000,0.000
2026-03-09,494,Uttara Kannada,Coastal Karnataka,14.790,74.690,0.000,0.100,-100.000,2026/DAILY CUM STATISTICS_MAR 2026/daily dated 09.03.2026.xls,0.000,0.000,0.000
2026-03-10,492,Dakshina Kannada,Coastal Karnataka,12.840,74.860,0.000,0.400,-100.000,2026/DAILY CUM STATISTICS_MAR 2026/daily dated 10.03.2026.xls,0.000,0.600,0.000
2026-03-10,493,Udupi,Coastal Karnataka,13.340,74.740,0.000,0.100,-100.000,2026/DAILY CUM STATISTICS_MAR 2026/daily dated 10.03.2026.xls,0.000,0.600,0.000
2026-03-10,494,Uttara Kannada,Coastal Karnataka,14.790,74.690,0.000,0.100,-100.000,2026/DAILY CUM STATISTICS_MAR 2026/daily dated 10.03.2026.xls,0.000,0.000,0.000
2026-03-11,492,Dakshina Kannada,Coastal Karnataka,12.840,74.860,0.000,0.300,-100.000,2026/DAILY CUM STATISTICS_MAR 2026/daily dated 11.03.2026.xls,0.100,0.000,0.000
2026-03-11,493,Udupi,Coastal Karnataka,13.340,74.740,0.000,0.000,-100.000,2026/DAILY CUM STATISTICS_MAR 2026/daily dated 11.03.2026.xls,0.000,0.000,0.000
2026-03-11,494,Uttara Kannada,Coastal Karnataka,14.790,74.690,0.000,0.200,-100.000,2026/DAILY CUM STATISTICS_MAR 2026/daily dated 11.03.2026.xls,0.000,0.000,0.000
2026-03-12,492,Dakshina Kannada,Coastal Karnataka,12.840,74.860,0.000,0.700,-100.000,2026/DAILY CUM STATISTICS_MAR 2026/daily dated 12.03.2026.xls,0.300,0.000,0.000
2026-03-12,493,Udupi,Coastal Karnataka,13.340,74.740,0.000,0.200,-100.000,2026/DAILY CUM STATISTICS_MAR 2026/daily dated 12.03.2026.xls,0.000,0.000,0.000
2026-03-12,494,Uttara Kannada,Coastal Karnataka,14.790,74.690,0.000,0.000,-100.000,2026/DAILY CUM STATISTICS_MAR 2026/daily dated 12.03.2026.xls,0.000,0.000,0.000
2026-03-13,492,Dakshina Kannada,Coastal Karnataka,12.840,74.860,0.000,0.500,-100.000,2026/DAILY CUM STATISTICS_MAR 2026/daily dated 13.03.2026.xls,0.000,0.900,0.000
2026-03-13,493,Udupi,Coastal Karnataka,13.340,74.740,0.000,0.200,-100.000,2026/DAILY CUM STATISTICS_MAR 2026/daily dated 13.03.2026.xls,0.000,0.000,0.000
2026-03-13,494,Uttara Kannada,Coastal Karnataka,14.790,74.690,0.000,0.100,-100.000,2026/DAILY CUM STATISTICS_MAR 2026/daily dated 13.03.2026.xls,0.000,0.000,0.000
2026-03-14,492,Dakshina Kannada,Coastal Karnataka,12.840,74.860,0.000,0.400,-100.000,2026/DAILY CUM STATISTICS_MAR 2026/daily dated 14.03.2026.xls,0.000,0.400,0.600
2026-03-14,493,Udupi,Coastal Karnataka,13.340,74.740,0.000,0.500,-100.000,2026/DAILY CUM STATISTICS_MAR 2026/daily dated 14.03.2026.xls,0.000,0.000,0.000
2026-03-14,494,Uttara Kannada,Coastal Karnataka,14.790,74.690,0.000,0.200,-100.000,2026/DAILY CUM STATISTICS_MAR 2026/daily dated 14.03.2026.xls,0.000,0.400,0.000
2026-03-15,492,Dakshina Kannada,Coastal Karnataka,12.840,74.860,1.800,0.800,122.000,2026/DAILY CUM STATISTICS_MAR 2026/daily dated 15.03.2026.xls,0.000,0.200,1.800
2026-03-15,493,Udupi,Coastal Karnataka,13.340,74.740,0.000,0.900,-100.000,2026/DAILY CUM STATISTICS_MAR 2026/daily dated 15.03.2026.xls,0.000,0.200,0.600
2026-03-15,494,Uttara Kannada,Coastal Karnataka,14.790,74.690,0.000,0.100,-100.000,2026/DAILY CUM STATISTICS_MAR 2026/daily dated 15.03.2026.xls,0.000,1.100,0.600
2026-03-16,492,Dakshina Kannada,Coastal Karnataka,12.840,74.860,0.300,0.500,-43.000,2026/DAILY CUM STATISTICS_MAR 2026/daily dated 16.03.2026.xls,0.000,0.100,3.600
2026-03-16,493,Udupi,Coastal Karnataka,13.340,74.740,0.000,0.400,-100.000,2026/DAILY CUM STATISTICS_MAR 2026/daily dated 16.03.2026.xls,0.000,0.000,1.800
2026-03-16,494,Uttara Kannada,Coastal Karnataka,14.790,74.690,1.100,0.200,430.000,2026/DAILY CUM STATISTICS_MAR 2026/daily dated 16.03.2026.xls,0.000,0.100,1.200
2026-03-17,492,Dakshina Kannada,Coastal Karnataka,12.840,74.860,7.600,0.600,1165.000,2026/DAILY CUM STATISTICS_MAR 2026/daily dated 17.03.2026.xls,0.000,0.600,3.600
2026-03-17,493,Udupi,Coastal Karnataka,13.340,74.740,0.000,0.200,-100.000,2026/DAILY CUM STATISTICS_MAR 2026/daily dated 17.03.2026.xls,0.900,1.000,0.600
2026-03-17,494,Uttara Kannada,Coastal Karnataka,14.790,74.690,0.000,0.200,-100.000,2026/DAILY CUM STATISTICS_MAR 2026/daily dated 17.03.2026.xls,0.000,0.000,1.200
2026-03-18,492,Dakshina Kannada,Coastal Karnataka,12.840,74.860,0.300,0.300,-11.000,2026/DAILY CUM STATISTICS_MAR 2026/daily dated 18.03.2026.xls,0.300,8.500,3.000
2026-03-18,493,Udupi,Coastal Karnataka,13.340,74.740,0.000,0.100,-100.000,2026/DAILY CUM STATISTICS_MAR 2026/daily dated 18.03.2026.xls,1.300,7.200,2.400
2026-03-18,494,Uttara Kannada,Coastal Karnataka,14.790,74.690,1.400,0.200,620.000,2026/DAILY CUM STATISTICS_MAR 2026/daily dated 18.03.2026.xls,3.000,1.300,1.800
2026-03-19,492,Dakshina Kannada,Coastal Karnataka,12.840,74.860,2.500,0.400,517.000,2026/DAILY CUM STATISTICS_MAR 2026/daily dated 19.03.2026.xls,0.800,4.300,2.400
2026-03-19,493,Udupi,Coastal Karnataka,13.340,74.740,0.000,0.000,-100.000,2026/DAILY CUM STATISTICS_MAR 2026/daily dated 19.03.2026.xls,0.000,3.100,1.800
2026-03-19,494,Uttara Kannada,Coastal Karnataka,14.790,74.690,0.900,0.100,760.000,2026/DAILY CUM STATISTICS_MAR 2026/daily dated 19.03.2026.xls,0.300,0.400,1.200
2026-03-20,492,Dakshina Kannada,Coastal Karnataka,12.840,74.860,12.300,8.200,49.000,2026/DAILY CUM STATISTICS_MAR 2026/daily dated 20.03.2026.xls,0.000,0.400,0.000
2026-03-20,493,Udupi,Coastal Karnataka,13.340,74.740,0.000,3.600,-100.000,2026/DAILY CUM STATISTICS_MAR 2026/daily dated 20.03.2026.xls,0.000,0.000,0.000
2026-03-20,494,Uttara Kannada,Coastal Karnataka,14.790,74.690,3.400,2.200,53.000,2026/DAILY CUM STATISTICS_MAR 2026/daily dated 20.03.2026.xls,0.000,0.100,0.000
2026-03-21,492,Dakshina Kannada,Coastal Karnataka,12.840,74.860,0.000,1.000,-100.000,2026/DAILY CUM STATISTICS_MAR 2026/daily dated 21.03.2026.xls,0.000,0.000,0.000
2026-03-21,493,Udupi,Coastal Karnataka,13.340,74.740,0.000,0.700,-100.000,2026/DAILY CUM STATISTICS_MAR 2026/daily dated 21.03.2026.xls,0.000,0.000,0.000
2026-03-21,494,Uttara Kannada,Coastal Karnataka,14.790,74.690,0.000,0.100,-100.000,2026/DAILY CUM STATISTICS_MAR 2026/daily dated 21.03.2026.xls,0.000,0.000,0.000
2026-03-22,492,Dakshina Kannada,Coastal Karnataka,12.840,74.860,0.000,0.900,-100.000,2026/DAILY CUM STATISTICS_MAR 2026/daily dated 22.03.2026.xls,0.000,0.000,0.000
2026-03-22,493,Udupi,Coastal Karnataka,13.340,74.740,0.000,1.000,-100.000,2026/DAILY CUM STATISTICS_MAR 2026/daily dated 22.03.2026.xls,0.000,0.000,0.000
2026-03-22,494,Uttara Kannada,Coastal Karnataka,14.790,74.690,0.000,0.500,-100.000,2026/DAILY CUM STATISTICS_MAR 2026/daily dated 22.03.2026.xls,0.000,0.000,0.000
2026-03-23,492,Dakshina Kannada,Coastal Karnataka,12.840,74.860,0.000,2.000,-100.000,2026/DAILY CUM STATISTICS_MAR 2026/daily dated 23.03.2026.xls,0.000,0.000,0.000
2026-03-23,493,Udupi,Coastal Karnataka,13.340,74.740,0.000,1.900,-100.000,2026/DAILY CUM STATISTICS_MAR 2026/daily dated 23.03.2026.xls,0.000,0.000,0.000
2026-03-23,494,Uttara Kannada,Coastal Karnataka,14.790,74.690,0.000,0.800,-100.000,2026/DAILY CUM STATISTICS_MAR 2026/daily dated 23.03.2026.xls,0.000,0.000,0.000
2026-03-24,492,Dakshina Kannada,Coastal Karnataka,12.840,74.860,0.000,1.200,-100.000,2026/DAILY CUM STATISTICS_MAR 2026/daily dated 24.03.2026.xls,3.000,0.100,1.200
2026-03-24,493,Udupi,Coastal Karnataka,13.340,74.740,1.200,0.700,71.000,2026/DAILY CUM STATISTICS_MAR 2026/daily dated 24.03.2026.xls,1.400,0.000,0.600
2026-03-24,494,Uttara Kannada,Coastal Karnataka,14.790,74.690,2.600,0.300,772.000,2026/DAILY CUM STATISTICS_MAR 2026/daily dated 24.03.2026.xls,0.300,0.900,1.800
2026-03-25,492,Dakshina Kannada,Coastal Karnataka,12.840,74.860,0.000,0.700,-100.000,2026/DAILY CUM STATISTICS_MAR 2026/daily dated 25.03.2026.xls,0.100,0.600,1.800
2026-03-25,493,Udupi,Coastal Karnataka,13.340,74.740,0.000,1.000,-100.000,2026/DAILY CUM STATISTICS_MAR 2026/daily dated 25.03.2026.xls,0.000,1.000,2.400
2026-03-25,494,Uttara Kannada,Coastal Karnataka,14.790,74.690,2.100,0.600,250.000,2026/DAILY CUM STATISTICS_MAR 2026/daily dated 25.03.2026.xls,0.300,0.600,3.000
2026-03-26,492,Dakshina Kannada,Coastal Karnataka,12.840,74.860,0.000,0.400,-100.000,2026/DAILY CUM STATISTICS_MAR 2026/daily dated 26.03.2026.xls,0.000,0.100,0.000
2026-03-26,493,Udupi,Coastal Karnataka,13.340,74.740,0.000,0.100,-100.000,2026/DAILY CUM STATISTICS_MAR 2026/daily dated 26.03.2026.xls,0.000,0.100,0.000
2026-03-26,494,Uttara Kannada,Coastal Karnataka,14.790,74.690,4.400,0.200,2092.000,2026/DAILY CUM STATISTICS_MAR 2026/daily dated 26.03.2026.xls,0.300,0.500,0.000
2026-03-27,492,Dakshina Kannada,Coastal Karnataka,12.840,74.860,0.000,0.400,-100.000,2026/DAILY CUM STATISTICS_MAR 2026/daily dated 27.03.2026.xls,0.200,1.700,0.600
2026-03-27,493,Udupi,Coastal Karnataka,13.340,74.740,0.000,0.100,-100.000,2026/DAILY CUM STATISTICS_MAR 2026/daily dated 27.03.2026.xls,0.000,0.000,0.000
2026-03-27,494,Uttara Kannada,Coastal Karnataka,14.790,74.690,0.000,0.200,-100.000,2026/DAILY CUM STATISTICS_MAR 2026/daily dated 27.03.2026.xls,0.000,1.500,0.600
2026-03-28,492,Dakshina Kannada,Coastal Karnataka,12.840,74.860,0.000,0.400,-100.000,2026/DAILY CUM STATISTICS_MAR 2026/daily dated 28.03.2026.xls,0.900,3.100,8.400
2026-03-28,493,Udupi,Coastal Karnataka,13.340,74.740,0.000,0.000,-100.000,2026/DAILY CUM STATISTICS_MAR 2026/daily dated 28.03.2026.xls,0.100,2.600,4.800
2026-03-28,494,Uttara Kannada,Coastal Karnataka,14.790,74.690,1.000,0.000,200.000,2026/DAILY CUM STATISTICS_MAR 2026/daily dated 28.03.2026.xls,0.100,1.800,2.400
2026-03-29,492,Dakshina Kannada,Coastal Karnataka,12.840,74.860,10.800,0.400,2600.000,2026/DAILY CUM STATISTICS_MAR 2026/daily dated 29.03.2026.xls,0.400,0.000,1.200
2026-03-29,493,Udupi,Coastal Karnataka,13.340,74.740,14.700,0.300,4794.000,2026/DAILY CUM STATISTICS_MAR 2026/daily dated 29.03.2026.xls,0.100,0.000,0.600
2026-03-29,494,Uttara Kannada,Coastal Karnataka,14.790,74.690,8.300,0.100,8209.000,2026/DAILY CUM STATISTICS_MAR 2026/daily dated 29.03.2026.xls,0.000,0.000,0.000
2026-03-30,492,Dakshina Kannada,Coastal Karnataka,12.840,74.860,0.000,0.300,-100.000,2026/DAILY CUM STATISTICS_MAR 2026/daily dated 30.03.2026.xls,0.000,0.500,2.400
2026-03-30,493,Udupi,Coastal Karnataka,13.340,74.740,0.000,0.100,-100.000,2026/DAILY CUM STATISTICS_MAR 2026/daily dated 30.03.2026.xls,0.000,0.000,1.200
2026-03-30,494,Uttara Kannada,Coastal Karnataka,14.790,74.690,0.000,0.300,-100.000,2026/DAILY CUM STATISTICS_MAR 2026/daily dated 30.03.2026.xls,0.000,1.500,0.600
2026-03-31,492,Dakshina Kannada,Coastal Karnataka,12.840,74.860,0.000,0.500,-100.000,2026/DAILY CUM STATISTICS_MAR 2026/daily dated 31.03.2026.xls,0.300,0.300,0.600
2026-03-31,493,Udupi,Coastal Karnataka,13.340,74.740,0.000,0.900,-100.000,2026/DAILY CUM STATISTICS_MAR 2026/daily dated 31.03.2026.xls,0.500,0.000,0.000
2026-03-31,494,Uttara Kannada,Coastal Karnataka,14.790,74.690,0.000,0.300,-100.000,2026/DAILY CUM STATISTICS_MAR 2026/daily dated 31.03.2026.xls,0.200,0.200,0.600
2026-04-01,492,Dakshina Kannada,Coastal Karnataka,12.840,74.860,1.300,1.100,17.000,2026/DAILY CUM STATISTICS_APR 2026/daily dated 01.04.2026.xls,6.300,0.300,1.800
2026-04-01,493,Udupi,Coastal Karnataka,13.340,74.740,1.500,0.700,114.000,2026/DAILY CUM STATISTICS_APR 2026/daily dated 01.04.2026.xls,1.800,0.200,2.400
2026-04-01,494,Uttara Kannada,Coastal Karnataka,14.790,74.690,2.600,0.100,2467.000,2026/DAILY CUM STATISTICS_APR 2026/daily dated 01.04.2026.xls,0.400,0.900,1.800
2026-04-02,492,Dakshina Kannada,Coastal Karnataka,12.840,74.860,0.000,0.700,-100.000,2026/DAILY CUM STATISTICS_APR 2026/daily dated 02.04.2026.xls,2.300,3.000,4.800
2026-04-02,493,Udupi,Coastal Karnataka,13.340,74.740,0.900,0.200,333.000,2026/DAILY CUM STATISTICS_APR 2026/daily dated 02.04.2026.xls,0.300,5.400,3.600
2026-04-02,494,Uttara Kannada,Coastal Karnataka,14.790,74.690,0.000,0.200,-100.000,2026/DAILY CUM STATISTICS_APR 2026/daily dated 02.04.2026.xls,2.900,0.400,1.200
2026-04-03,492,Dakshina Kannada,Coastal Karnataka,12.840,74.860,0.700,0.900,-23.000,2026/DAILY CUM STATISTICS_APR 2026/daily dated 03.04.2026.xls,1.200,0.100,2.400
2026-04-03,493,Udupi,Coastal Karnataka,13.340,74.740,9.800,0.500,1868.000,2026/DAILY CUM STATISTICS_APR 2026/daily dated 03.04.2026.xls,0.000,0.700,1.800
2026-04-03,494,Uttara Kannada,Coastal Karnataka,14.790,74.690,1.600,0.200,721.000,2026/DAILY CUM STATISTICS_APR 2026/daily dated 03.04.2026.xls,0.000,1.300,1.200
2026-04-04,492,Dakshina Kannada,Coastal Karnataka,12.840,74.860,0.000,2.000,-100.000,2026/DAILY CUM STATISTICS_APR 2026/daily dated 04.04.2026.xls,0.600,6.100,3.600
2026-04-04,493,Udupi,Coastal Karnataka,13.340,74.740,0.000,1.000,-100.000,2026/DAILY CUM STATISTICS_APR 2026/daily dated 04.04.2026.xls,1.600,6.500,1.200
2026-04-04,494,Uttara Kannada,Coastal Karnataka,14.790,74.690,2.200,0.200,975.000,2026/DAILY CUM STATISTICS_APR 2026/daily dated 04.04.2026.xls,0.000,0.400,0.000
2026-04-05,492,Dakshina Kannada,Coastal Karnataka,12.840,74.860,0.100,1.600,-94.000,2026/DAILY CUM STATISTICS_APR 2026/daily dated 05.04.2026.xls,0.100,0.400,0.000
2026-04-05,493,Udupi,Coastal Karnataka,13.340,74.740,0.000,0.700,-100.000,2026/DAILY CUM STATISTICS_APR 2026/daily dated 05.04.2026.xls,0.000,0.700,0.000
2026-04-05,494,Uttara Kannada,Coastal Karnataka,14.790,74.690,0.400,0.700,-46.000,2026/DAILY CUM STATISTICS_APR 2026/daily dated 05.04.2026.xls,0.000,0.000,0.000
2026-04-06,492,Dakshina Kannada,Coastal Karnataka,12.840,74.860,0.000,0.900,-100.000,2026/DAILY CUM STATISTICS_APR 2026/daily dated 06.04.2026.xls,0.000,0.000,0.000
2026-04-06,493,Udupi,Coastal Karnataka,13.340,74.740,0.000,0.300,-100.000,2026/DAILY CUM STATISTICS_APR 2026/daily dated 06.04.2026.xls,0.000,0.000,0.000
2026-04-06,494,Uttara Kannada,Coastal Karnataka,14.790,74.690,0.000,0.400,-100.000,2026/DAILY CUM STATISTICS_APR 2026/daily dated 06.04.2026.xls,0.000,0.000,0.000
2026-04-07,492,Dakshina Kannada,Coastal Karnataka,12.840,74.860,0.000,1.300,-100.000,2026/DAILY CUM STATISTICS_APR 2026/daily dated 07.04.2026.xls,0.000,0.000,0.000
2026-04-07,493,Udupi,Coastal Karnataka,13.340,74.740,0.000,0.400,-100.000,2026/DAILY CUM STATISTICS_APR 2026/daily dated 07.04.2026.xls,0.000,0.000,0.000
2026-04-07,494,Uttara Kannada,Coastal Karnataka,14.790,74.690,0.000,0.400,-100.000,2026/DAILY CUM STATISTICS_APR 2026/daily dated 07.04.2026.xls,0.000,0.000,0.000
2026-04-08,492,Dakshina Kannada,Coastal Karnataka,12.840,74.860,0.000,0.900,-100.000,2026/DAILY CUM STATISTICS_APR 2026/daily dated 08.04.2026.xls,0.000,0.000,0.000
2026-04-08,493,Udupi,Coastal Karnataka,13.340,74.740,0.000,0.500,-100.000,2026/DAILY CUM STATISTICS_APR 2026/daily dated 08.04.2026.xls,0.000,0.000,0.000
2026-04-08,494,Uttara Kannada,Coastal Karnataka,14.790,74.690,0.000,0.400,-100.000,2026/DAILY CUM STATISTICS_APR 2026/daily dated 08.04.2026.xls,0.000,0.000,0.000
2026-04-09,492,Dakshina Kannada,Coastal Karnataka,12.840,74.860,0.000,1.900,-100.000,2026/DAILY CUM STATISTICS_APR 2026/daily dated 09.04.2026.xls,0.000,1.800,1.200
2026-04-09,493,Udupi,Coastal Karnataka,13.340,74.740,0.000,0.400,-100.000,2026/DAILY CUM STATISTICS_APR 2026/daily dated 09.04.2026.xls,0.000,1.600,0.000
2026-04-09,494,Uttara Kannada,Coastal Karnataka,14.790,74.690,0.000,0.400,-100.000,2026/DAILY CUM STATISTICS_APR 2026/daily dated 09.04.2026.xls,0.000,0.100,0.000
2026-04-10,492,Dakshina Kannada,Coastal Karnataka,12.840,74.860,0.000,0.600,-100.000,2026/DAILY CUM STATISTICS_APR 2026/daily dated 10.04.2026.xls,0.000,0.000,0.000
2026-04-10,493,Udupi,Coastal Karnataka,13.340,74.740,0.000,0.400,-100.000,2026/DAILY CUM STATISTICS_APR 2026/daily dated 10.04.2026.xls,0.000,0.000,0.000
2026-04-10,494,Uttara Kannada,Coastal Karnataka,14.790,74.690,0.000,0.700,-100.000,2026/DAILY CUM STATISTICS_APR 2026/daily dated 10.04.2026.xls,0.000,0.000,0.000
2026-04-11,492,Dakshina Kannada,Coastal Karnataka,12.840,74.860,0.500,2.100,-76.000,2026/DAILY CUM STATISTICS_APR 2026/daily dated 11.04.2026.xls,0.300,1.000,1.200
2026-04-11,493,Udupi,Coastal Karnataka,13.340,74.740,0.000,1.000,-100.000,2026/DAILY CUM STATISTICS_APR 2026/daily dated 11.04.2026.xls,0.000,0.500,0.600
2026-04-11,494,Uttara Kannada,Coastal Karnataka,14.790,74.690,0.000,0.800,-100.000,2026/DAILY CUM STATISTICS_APR 2026/daily dated 11.04.2026.xls,0.000,0.100,0.000
2026-04-12,492,Dakshina Kannada,Coastal Karnataka,12.840,74.860,0.200,2.900,-94.000,2026/DAILY CUM STATISTICS_APR 2026/daily dated 12.04.2026.xls,0.000,0.000,0.600
2026-04-12,493,Udupi,Coastal Karnataka,13.340,74.740,0.000,2.300,-100.000,2026/DAILY CUM STATISTICS_APR 2026/daily dated 12.04.2026.xls,0.000,0.000,0.000
2026-04-12,494,Uttara Kannada,Coastal Karnataka,14.790,74.690,0.000,1.200,-100.000,2026/DAILY CUM STATISTICS_APR 2026/daily dated 12.04.2026.xls,0.000,0.000,0.000
2026-04-13,492,Dakshina Kannada,Coastal Karnataka,12.840,74.860,0.000,1.700,-100.000,2026/DAILY CUM STATISTICS_APR 2026/daily dated 13.04.2026.xls,0.000,0.000,0.600
2026-04-13,493,Udupi,Coastal Karnataka,13.340,74.740,0.400,0.800,-54.000,2026/DAILY CUM STATISTICS_APR 2026/daily dated 13.04.2026.xls,0.100,0.000,0.000
2026-04-13,494,Uttara Kannada,Coastal Karnataka,14.790,74.690,5.600,0.500,1029.000,2026/DAILY CUM STATISTICS_APR 2026/daily dated 13.04.2026.xls,0.000,0.200,0.600
2026-04-14,492,Dakshina Kannada,Coastal Karnataka,12.840,74.860,0.000,1.800,-100.000,2026/DAILY CUM STATISTICS_APR 2026/daily dated 14.04.2026.xls,0.000,0.000,0.000
2026-04-14,493,Udupi,Coastal Karnataka,13.340,74.740,0.000,0.200,-100.000,2026/DAILY CUM STATISTICS_APR 2026/daily dated 14.04.2026.xls,0.000,0.400,0.000
2026-04-14,494,Uttara Kannada,Coastal Karnataka,14.790,74.690,0.100,0.800,-92.000,2026/DAILY CUM STATISTICS_APR 2026/daily dated 14.04.2026.xls,0.000,0.100,0.000
2026-04-15,492,Dakshina Kannada,Coastal Karnataka,12.840,74.860,0.000,2.400,-100.000,2026/DAILY CUM STATISTICS_APR 2026/daily dated 15.04.2026.xls,0.000,0.200,0.600
2026-04-15,493,Udupi,Coastal Karnataka,13.340,74.740,0.000,0.900,-100.000,2026/DAILY CUM STATISTICS_APR 2026/daily dated 15.04.2026.xls,0.000,0.400,0.000
2026-04-15,494,Uttara Kannada,Coastal Karnataka,14.790,74.690,0.000,0.900,-100.000,2026/DAILY CUM STATISTICS_APR 2026/daily dated 15.04.2026.xls,0.000,0.000,0.600
2026-04-16,492,Dakshina Kannada,Coastal Karnataka,12.840,74.860,0.000,1.800,-100.000,2026/DAILY CUM STATISTICS_APR 2026/daily dated 16.04.2026.xls,0.000,0.000,0.600
2026-04-16,493,Udupi,Coastal Karnataka,13.340,74.740,0.000,0.800,-100.000,2026/DAILY CUM STATISTICS_APR 2026/daily dated 16.04.2026.xls,0.000,0.700,0.600
2026-04-16,494,Uttara Kannada,Coastal Karnataka,14.790,74.690,0.000,1.100,-100.000,2026/DAILY CUM STATISTICS_APR 2026/daily dated 16.04.2026.xls,0.000,0.200,0.600
2026-04-17,492,Dakshina Kannada,Coastal Karnataka,12.840,74.860,3.200,1.500,115.000,2026/DAILY CUM STATISTICS_APR 2026/daily dated 17.04.2026.xls,0.000,0.300,0.000
2026-04-17,493,Udupi,Coastal Karnataka,13.340,74.740,2.300,0.700,224.000,2026/DAILY CUM STATISTICS_APR 2026/daily dated 17.04.2026.xls,0.000,0.700,0.000
2026-04-17,494,Uttara Kannada,Coastal Karnataka,14.790,74.690,0.000,1.100,-100.000,2026/DAILY CUM STATISTICS_APR 2026/daily dated 17.04.2026.xls,0.000,0.200,0.600
2026-04-18,492,Dakshina Kannada,Coastal Karnataka,12.840,74.860,0.000,1.300,-100.000,2026/DAILY CUM STATISTICS_APR 2026/daily dated 18.04.2026.xls,0.000,0.000,0.000
2026-04-18,493,Udupi,Coastal Karnataka,13.340,74.740,0.000,0.400,-100.000,2026/DAILY CUM STATISTICS_APR 2026/daily dated 18.04.2026.xls,0.000,0.000,0.000
2026-04-18,494,Uttara Kannada,Coastal Karnataka,14.790,74.690,0.000,0.600,-100.000,2026/DAILY CUM STATISTICS_APR 2026/daily dated 18.04.2026.xls,0.000,0.800,0.000
2026-04-19,492,Dakshina Kannada,Coastal Karnataka,12.840,74.860,0.000,2.000,-100.000,2026/DAILY CUM STATISTICS_APR 2026/daily dated 19.04.2026.xls,0.000,0.000,0.600
2026-04-19,493,Udupi,Coastal Karnataka,13.340,74.740,0.000,0.700,-100.000,2026/DAILY CUM STATISTICS_APR 2026/daily dated 19.04.2026.xls,0.000,0.000,0.000
2026-04-19,494,Uttara Kannada,Coastal Karnataka,14.790,74.690,0.000,1.000,-100.000,2026/DAILY CUM STATISTICS_APR 2026/daily dated 19.04.2026.xls,0.000,6.000,1.200
2026-04-20,492,Dakshina Kannada,Coastal Karnataka,12.840,74.860,0.000,2.200,-100.000,2026/DAILY CUM STATISTICS_APR 2026/daily dated 20.04.2026.xls,0.000,0.000,1.800
2026-04-20,493,Udupi,Coastal Karnataka,13.340,74.740,0.000,0.600,-100.000,2026/DAILY CUM STATISTICS_APR 2026/daily dated 20.04.2026.xls,0.000,0.000,0.600
2026-04-20,494,Uttara Kannada,Coastal Karnataka,14.790,74.690,0.000,0.400,-100.000,2026/DAILY CUM STATISTICS_APR 2026/daily dated 20.04.2026.xls,0.000,1.800,0.600
2026-04-21,492,Dakshina Kannada,Coastal Karnataka,12.840,74.860,3.200,2.200,46.000,2026/DAILY CUM STATISTICS_APR 2026/daily dated 21.04.2026.xls,0.100,1.200,3.600
2026-04-21,493,Udupi,Coastal Karnataka,13.340,74.740,3.800,0.900,325.000,2026/DAILY CUM STATISTICS_APR 2026/daily dated 21.04.2026.xls,0.000,2.400,1.800
2026-04-21,494,Uttara Kannada,Coastal Karnataka,14.790,74.690,0.100,0.500,-77.000,2026/DAILY CUM STATISTICS_APR 2026/daily dated 21.04.2026.xls,1.000,0.500,0.600
2026-04-22,492,Dakshina Kannada,Coastal Karnataka,12.840,74.860,7.900,1.800,341.000,2026/DAILY CUM STATISTICS_APR 2026/daily dated 22.04.2026.xls,0.000,0.700,0.600
2026-04-22,493,Udupi,Coastal Karnataka,13.340,74.740,2.100,0.800,163.000,2026/DAILY CUM STATISTICS_APR 2026/daily dated 22.04.2026.xls,0.000,0.400,0.000
2026-04-22,494,Uttara Kannada,Coastal Karnataka,14.790,74.690,1.100,0.800,33.000,2026/DAILY CUM STATISTICS_APR 2026/daily dated 22.04.2026.xls,0.000,0.400,0.000
2026-04-23,492,Dakshina Kannada,Coastal Karnataka,12.840,74.860,0.000,3.100,-100.000,2026/DAILY CUM STATISTICS_APR 2026/daily dated 23.04.2026.xls,0.000,0.000,0.000
2026-04-23,493,Udupi,Coastal Karnataka,13.340,74.740,0.000,0.300,-100.000,2026/DAILY CUM STATISTICS_APR 2026/daily dated 23.04.2026.xls,0.000,0.000,0.000
2026-04-23,494,Uttara Kannada,Coastal Karnataka,14.790,74.690,0.000,0.900,-100.000,2026/DAILY CUM STATISTICS_APR 2026/daily dated 23.04.2026.xls,0.000,1.500,0.600
2026-04-24,492,Dakshina Kannada,Coastal Karnataka,12.840,74.860,0.700,3.300,-79.000,2026/DAILY CUM STATISTICS_APR 2026/daily dated 24.04.2026.xls,0.000,0.100,1.200
2026-04-24,493,Udupi,Coastal Karnataka,13.340,74.740,0.000,1.400,-100.000,2026/DAILY CUM STATISTICS_APR 2026/daily dated 24.04.2026.xls,0.000,0.400,0.600
2026-04-24,494,Uttara Kannada,Coastal Karnataka,14.790,74.690,2.700,0.700,288.000,2026/DAILY CUM STATISTICS_APR 2026/daily dated 24.04.2026.xls,0.400,0.600,1.200
2026-04-25,492,Dakshina Kannada,Coastal Karnataka,12.840,74.860,1.200,1.300,-6.000,2026/DAILY CUM STATISTICS_APR 2026/daily dated 25.04.2026.xls,0.000,0.100,0.000
2026-04-25,493,Udupi,Coastal Karnataka,13.340,74.740,0.000,1.000,-100.000,2026/DAILY CUM STATISTICS_APR 2026/daily dated 25.04.2026.xls,0.000,0.000,0.000
2026-04-25,494,Uttara Kannada,Coastal Karnataka,14.790,74.690,0.700,1.000,-31.000,2026/DAILY CUM STATISTICS_APR 2026/daily dated 25.04.2026.xls,0.000,0.300,0.600
2026-04-26,492,Dakshina Kannada,Coastal Karnataka,12.840,74.860,0.000,1.100,-100.000,2026/DAILY CUM STATISTICS_APR 2026/daily dated 26.04.2026.xls,0.300,1.100,1.200
2026-04-26,493,Udupi,Coastal Karnataka,13.340,74.740,0.000,0.700,-100.000,2026/DAILY CUM STATISTICS_APR 2026/daily dated 26.04.2026.xls,0.700,1.100,0.600
2026-04-26,494,Uttara Kannada,Coastal Karnataka,14.790,74.690,1.100,0.700,61.000,2026/DAILY CUM STATISTICS_APR 2026/daily dated 26.04.2026.xls,0.000,7.700,2.400
2026-04-27,492,Dakshina Kannada,Coastal Karnataka,12.840,74.860,0.000,3.000,-100.000,2026/DAILY CUM STATISTICS_APR 2026/daily dated 27.04.2026.xls,0.300,1.800,3.000
2026-04-27,493,Udupi,Coastal Karnataka,13.340,74.740,0.000,1.200,-100.000,2026/DAILY CUM STATISTICS_APR 2026/daily dated 27.04.2026.xls,0.800,2.000,1.800
2026-04-27,494,Uttara Kannada,Coastal Karnataka,14.790,74.690,0.000,1.100,-100.000,2026/DAILY CUM STATISTICS_APR 2026/daily dated 27.04.2026.xls,0.300,2.800,1.800
2026-04-28,492,Dakshina Kannada,Coastal Karnataka,12.840,74.860,4.800,1.700,185.000,2026/DAILY CUM STATISTICS_APR 2026/daily dated 28.04.2026.xls,0.600,1.000,1.800
2026-04-28,493,Udupi,Coastal Karnataka,13.340,74.740,0.600,1.200,-53.000,2026/DAILY CUM STATISTICS_APR 2026/daily dated 28.04.2026.xls,0.300,1.800,0.000
2026-04-28,494,Uttara Kannada,Coastal Karnataka,14.790,74.690,0.000,1.000,-100.000,2026/DAILY CUM STATISTICS_APR 2026/daily dated 28.04.2026.xls,2.300,0.200,1.800
2026-04-29,492,Dakshina Kannada,Coastal Karnataka,12.840,74.860,0.200,1.300,-87.000,2026/DAILY CUM STATISTICS_APR 2026/daily dated 29.04.2026.xls,0.100,0.400,3.000
2026-04-29,493,Udupi,Coastal Karnataka,13.340,74.740,0.000,0.800,-100.000,2026/DAILY CUM STATISTICS_APR 2026/daily dated 29.04.2026.xls,0.100,2.100,2.400
2026-04-29,494,Uttara Kannada,Coastal Karnataka,14.790,74.690,0.100,0.700,-84.000,2026/DAILY CUM STATISTICS_APR 2026/daily dated 29.04.2026.xls,0.000,2.900,2.400
2026-04-30,492,Dakshina Kannada,Coastal Karnataka,12.840,74.860,0.600,1.800,-65.000,2026/DAILY CUM STATISTICS_APR 2026/daily dated 30.04.2026.xls,0.100,2.300,2.400
2026-04-30,493,Udupi,Coastal Karnataka,13.340,74.740,0.000,1.200,-100.000,2026/DAILY CUM STATISTICS_APR 2026/daily dated 30.04.2026.xls,1.600,1.400,1.800
2026-04-30,494,Uttara Kannada,Coastal Karnataka,14.790,74.690,0.100,0.800,-85.000,2026/DAILY CUM STATISTICS_APR 2026/daily dated 30.04.2026.xls,0.000,1.500,1.800
2026-05-01,492,Dakshina Kannada,Coastal Karnataka,12.840,74.860,0.200,3.300,-93.000,2026/DAILY CUM STATISTICS_MAY 2026/daily dated 01.05.2026.xls,0.500,1.100,5.400
2026-05-01,493,Udupi,Coastal Karnataka,13.340,74.740,0.200,1.100,-82.000,2026/DAILY CUM STATISTICS_MAY 2026/daily dated 01.05.2026.xls,0.500,2.200,2.400
2026-05-01,494,Uttara Kannada,Coastal Karnataka,14.790,74.690,0.000,0.700,-100.000,2026/DAILY CUM STATISTICS_MAY 2026/daily dated 01.05.2026.xls,0.000,0.200,0.600
2026-05-02,492,Dakshina Kannada,Coastal Karnataka,12.840,74.860,0.000,2.400,-100.000,2026/DAILY CUM STATISTICS_MAY 2026/daily dated 02.05.2026.xls,0.000,0.200,0.000
2026-05-02,493,Udupi,Coastal Karnataka,13.340,74.740,0.000,0.300,-100.000,2026/DAILY CUM STATISTICS_MAY 2026/daily dated 02.05.2026.xls,0.000,0.500,0.000
2026-05-02,494,Uttara Kannada,Coastal Karnataka,14.790,74.690,0.000,0.900,-100.000,2026/DAILY CUM STATISTICS_MAY 2026/daily dated 02.05.2026.xls,0.000,0.000,0.000
2026-05-03,492,Dakshina Kannada,Coastal Karnataka,12.840,74.860,0.000,1.900,-100.000,2026/DAILY CUM STATISTICS_MAY 2026/daily dated 03.05.2026.xls,0.000,0.000,0.000
2026-05-03,493,Udupi,Coastal Karnataka,13.340,74.740,0.000,1.300,-100.000,2026/DAILY CUM STATISTICS_MAY 2026/daily dated 03.05.2026.xls,0.000,0.000,0.000
2026-05-03,494,Uttara Kannada,Coastal Karnataka,14.790,74.690,0.000,1.100,-100.000,2026/DAILY CUM STATISTICS_MAY 2026/daily dated 03.05.2026.xls,0.000,0.000,0.000
2026-05-04,492,Dakshina Kannada,Coastal Karnataka,12.840,74.860,0.000,3.200,-100.000,2026/DAILY CUM STATISTICS_MAY 2026/daily dated 04.05.2026.xls,0.300,0.300,1.200
2026-05-04,493,Udupi,Coastal Karnataka,13.340,74.740,0.000,2.300,-100.000,2026/DAILY CUM STATISTICS_MAY 2026/daily dated 04.05.2026.xls,0.200,0.100,0.600
2026-05-04,494,Uttara Kannada,Coastal Karnataka,14.790,74.690,0.000,1.000,-100.000,2026/DAILY CUM STATISTICS_MAY 2026/daily dated 04.05.2026.xls,0.000,0.000,0.000
2026-05-05,492,Dakshina Kannada,Coastal Karnataka,12.840,74.860,0.000,3.100,-100.000,2026/DAILY CUM STATISTICS_MAY 2026/daily dated 05.05.2026.xls,0.300,0.000,3.600
2026-05-05,493,Udupi,Coastal Karnataka,13.340,74.740,0.000,2.600,-100.000,2026/DAILY CUM STATISTICS_MAY 2026/daily dated 05.05.2026.xls,0.700,0.000,1.200
2026-05-05,494,Uttara Kannada,Coastal Karnataka,14.790,74.690,0.000,1.100,-100.000,2026/DAILY CUM STATISTICS_MAY 2026/daily dated 05.05.2026.xls,0.000,0.500,0.000
2026-05-06,492,Dakshina Kannada,Coastal Karnataka,12.840,74.860,8.600,3.700,133.000,2026/DAILY CUM STATISTICS_MAY 2026/daily dated 06.05.2026.xls,0.800,0.000,0.600
2026-05-06,493,Udupi,Coastal Karnataka,13.340,74.740,0.000,2.700,-100.000,2026/DAILY CUM STATISTICS_MAY 2026/daily dated 06.05.2026.xls,0.900,0.200,0.000
2026-05-06,494,Uttara Kannada,Coastal Karnataka,14.790,74.690,0.000,1.500,-100.000,2026/DAILY CUM STATISTICS_MAY 2026/daily dated 06.05.2026.xls,0.000,0.000,0.000
2026-05-07,492,Dakshina Kannada,Coastal Karnataka,12.840,74.860,0.000,3.700,-100.000,2026/DAILY CUM STATISTICS_MAY 2026/daily dated 07.05.2026.xls,0.100,3.500,6.600
2026-05-07,493,Udupi,Coastal Karnataka,13.340,74.740,0.000,2.500,-100.000,2026/DAILY CUM STATISTICS_MAY 2026/daily dated 07.05.2026.xls,2.000,1.300,3.000
2026-05-07,494,Uttara Kannada,Coastal Karnataka,14.790,74.690,0.000,1.600,-100.000,2026/DAILY CUM STATISTICS_MAY 2026/daily dated 07.05.2026.xls,5.500,0.300,3.000
2026-05-08,492,Dakshina Kannada,Coastal Karnataka,12.840,74.860,1.300,3.900,-68.000,2026/DAILY CUM STATISTICS_MAY 2026/daily dated 08.05.2026.xls,1.600,1.400,4.800
2026-05-08,493,Udupi,Coastal Karnataka,13.340,74.740,14.800,2.000,641.000,2026/DAILY CUM STATISTICS_MAY 2026/daily dated 08.05.2026.xls,1.800,1.300,1.800
2026-05-08,494,Uttara Kannada,Coastal Karnataka,14.790,74.690,0.900,2.100,-55.000,2026/DAILY CUM STATISTICS_MAY 2026/daily dated 08.05.2026.xls,0.400,0.700,1.200
2026-05-09,492,Dakshina Kannada,Coastal Karnataka,12.840,74.860,8.600,5.600,53.000,2026/DAILY CUM STATISTICS_MAY 2026/daily dated 09.05.2026.xls,13.400,2.100,13.200
2026-05-09,493,Udupi,Coastal Karnataka,13.340,74.740,3.400,3.700,-7.000,2026/DAILY CUM STATISTICS_MAY 2026/daily dated 09.05.2026.xls,9.300,1.200,6.600
2026-05-09,494,Uttara Kannada,Coastal Karnataka,14.790,74.690,0.000,2.100,-100.000,2026/DAILY CUM STATISTICS_MAY 2026/daily dated 09.05.2026.xls,1.200,0.100,0.000
2026-05-10,492,Dakshina Kannada,Coastal Karnataka,12.840,74.860,7.000,4.500,54.000,2026/DAILY CUM STATISTICS_MAY 2026/daily dated 10.05.2026.xls,1.900,0.400,3.600
2026-05-10,493,Udupi,Coastal Karnataka,13.340,74.740,1.300,3.300,-61.000,2026/DAILY CUM STATISTICS_MAY 2026/daily dated 10.05.2026.xls,0.100,3.800,3.000
2026-05-10,494,Uttara Kannada,Coastal Karnataka,14.790,74.690,0.500,1.000,-50.000,2026/DAILY CUM STATISTICS_MAY 2026/daily dated 10.05.2026.xls,0.200,0.000,0.000
2026-05-11,492,Dakshina Kannada,Coastal Karnataka,12.840,74.860,0.600,2.800,-79.000,2026/DAILY CUM STATISTICS_MAY 2026/daily dated 11.05.2026.xls,2.200,1.300,7.200
2026-05-11,493,Udupi,Coastal Karnataka,13.340,74.740,0.200,1.900,-89.000,2026/DAILY CUM STATISTICS_MAY 2026/daily dated 11.05.2026.xls,0.400,7.900,4.800
2026-05-11,494,Uttara Kannada,Coastal Karnataka,14.790,74.690,1.900,0.900,115.000,2026/DAILY CUM STATISTICS_MAY 2026/daily dated 11.05.2026.xls,0.000,2.700,1.200
2026-05-12,492,Dakshina Kannada,Coastal Karnataka,12.840,74.860,4.000,4.500,-12.000,2026/DAILY CUM STATISTICS_MAY 2026/daily dated 12.05.2026.xls,0.000,0.000,3.600
2026-05-12,493,Udupi,Coastal Karnataka,13.340,74.740,0.400,2.100,-83.000,2026/DAILY CUM STATISTICS_MAY 2026/daily dated 12.05.2026.xls,0.000,0.000,2.400
2026-05-12,494,Uttara Kannada,Coastal Karnataka,14.790,74.690,1.900,1.400,33.000,2026/DAILY CUM STATISTICS_MAY 2026/daily dated 12.05.2026.xls,0.000,0.000,1.200
2026-05-13,492,Dakshina Kannada,Coastal Karnataka,12.840,74.860,22.500,3.600,525.000,2026/DAILY CUM STATISTICS_MAY 2026/daily dated 13.05.2026.xls,0.900,3.100,7.800
2026-05-13,493,Udupi,Coastal Karnataka,13.340,74.740,2.200,2.000,10.000,2026/DAILY CUM STATISTICS_MAY 2026/daily dated 13.05.2026.xls,0.400,2.200,3.600
2026-05-13,494,Uttara Kannada,Coastal Karnataka,14.790,74.690,7.900,1.500,425.000,2026/DAILY CUM STATISTICS_MAY 2026/daily dated 13.05.2026.xls,2.700,2.800,3.000
2026-05-14,492,Dakshina Kannada,Coastal Karnataka,12.840,74.860,0.800,3.100,-75.000,2026/DAILY CUM STATISTICS_MAY 2026/daily dated 14.05.2026.xls,2.100,34.200,18.000
2026-05-14,493,Udupi,Coastal Karnataka,13.340,74.740,0.000,2.300,-100.000,2026/DAILY CUM STATISTICS_MAY 2026/daily dated 14.05.2026.xls,0.900,12.800,10.200
2026-05-14,494,Uttara Kannada,Coastal Karnataka,14.790,74.690,1.300,1.800,-29.000,2026/DAILY CUM STATISTICS_MAY 2026/daily dated 14.05.2026.xls,0.400,2.200,6.000
2026-05-15,492,Dakshina Kannada,Coastal Karnataka,12.840,74.860,11.700,7.300,60.000,2026/DAILY CUM STATISTICS_MAY 2026/daily dated 15.05.2026.xls,1.100,3.000,7.200
2026-05-15,493,Udupi,Coastal Karnataka,13.340,74.740,7.400,4.300,72.000,2026/DAILY CUM STATISTICS_MAY 2026/daily dated 15.05.2026.xls,0.900,2.200,6.000
2026-05-15,494,Uttara Kannada,Coastal Karnataka,14.790,74.690,28.600,3.600,695.000,2026/DAILY CUM STATISTICS_MAY 2026/daily dated 15.05.2026.xls,0.100,3.700,3.600
2026-05-16,492,Dakshina Kannada,Coastal Karnataka,12.840,74.860,0.000,4.900,-100.000,2026/DAILY CUM STATISTICS_MAY 2026/daily dated 16.05.2026.xls,20.500,12.700,19.800
2026-05-16,493,Udupi,Coastal Karnataka,13.340,74.740,0.000,4.200,-100.000,2026/DAILY CUM STATISTICS_MAY 2026/daily dated 16.05.2026.xls,6.900,9.400,12.000
2026-05-16,494,Uttara Kannada,Coastal Karnataka,14.790,74.690,0.000,1.700,-100.000,2026/DAILY CUM STATISTICS_MAY 2026/daily dated 16.05.2026.xls,0.000,0.800,5.400
2026-05-17,492,Dakshina Kannada,Coastal Karnataka,12.840,74.860,20.900,4.100,409.000,2026/DAILY CUM STATISTICS_MAY 2026/daily dated 17.05.2026.xls,0.600,19.100,25.800
2026-05-17,493,Udupi,Coastal Karnataka,13.340,74.740,1.600,3.500,-54.000,2026/DAILY CUM STATISTICS_MAY 2026/daily dated 17.05.2026.xls,1.200,29.300,18.600
2026-05-17,494,Uttara Kannada,Coastal Karnataka,14.790,74.690,5.900,2.900,102.000,2026/DAILY CUM STATISTICS_MAY 2026/daily dated 17.05.2026.xls,8.800,2.700,8.400
2026-05-18,492,Dakshina Kannada,Coastal Karnataka,12.840,74.860,2.100,5.000,-57.000,2026/DAILY CUM STATISTICS_MAY 2026/daily dated 18.05.2026.xls,14.300,25.400,28.200
2026-05-18,493,Udupi,Coastal Karnataka,13.340,74.740,4.100,6.200,-33.000,2026/DAILY CUM STATISTICS_MAY 2026/daily dated 18.05.2026.xls,8.800,25.500,27.600
2026-05-18,494,Uttara Kannada,Coastal Karnataka,14.790,74.690,14.300,3.300,332.000,2026/DAILY CUM STATISTICS_MAY 2026/daily dated 18.05.2026.xls,5.600,2.600,13.200
2026-05-19,492,Dakshina Kannada,Coastal Karnataka,12.840,74.860,2.100,6.100,-65.000,2026/DAILY CUM STATISTICS_MAY 2026/daily dated 19.05.2026.xls,10.700,26.200,19.800
2026-05-19,493,Udupi,Coastal Karnataka,13.340,74.740,10.200,6.000,70.000,2026/DAILY CUM STATISTICS_MAY 2026/daily dated 19.05.2026.xls,7.000,20.300,22.800
2026-05-19,494,Uttara Kannada,Coastal Karnataka,14.790,74.690,2.600,3.800,-31.000,2026/DAILY CUM STATISTICS_MAY 2026/daily dated 19.05.2026.xls,1.700,3.000,6.000
2026-05-20,492,Dakshina Kannada,Coastal Karnataka,12.840,74.860,3.300,6.700,-50.000,2026/DAILY CUM STATISTICS_MAY 2026/daily dated 20.05.2026.xls,16.500,8.900,10.800
2026-05-20,493,Udupi,Coastal Karnataka,13.340,74.740,0.300,6.300,-95.000,2026/DAILY CUM STATISTICS_MAY 2026/daily dated 20.05.2026.xls,13.700,9.000,9.000
2026-05-20,494,Uttara Kannada,Coastal Karnataka,14.790,74.690,0.400,3.200,-88.000,2026/DAILY CUM STATISTICS_MAY 2026/daily dated 20.05.2026.xls,1.000,4.200,4.200
2026-05-21,492,Dakshina Kannada,Coastal Karnataka,12.840,74.860,0.700,6.000,-89.000,2026/DAILY CUM STATISTICS_MAY 2026/daily dated 21.05.2026.xls,7.500,16.000,7.800
2026-05-21,493,Udupi,Coastal Karnataka,13.340,74.740,0.000,6.700,-99.000,2026/DAILY CUM STATISTICS_MAY 2026/daily dated 21.05.2026.xls,12.900,11.800,4.800
2026-05-21,494,Uttara Kannada,Coastal Karnataka,14.790,74.690,0.200,3.000,-95.000,2026/DAILY CUM STATISTICS_MAY 2026/daily dated 21.05.2026.xls,0.800,7.500,1.800
2026-05-22,492,Dakshina Kannada,Coastal Karnataka,12.840,74.860,7.100,4.900,45.000,2026/DAILY CUM STATISTICS_MAY 2026/daily dated 22.05.2026.xls,2.300,8.100,10.800
2026-05-22,493,Udupi,Coastal Karnataka,13.340,74.740,3.700,5.900,-37.000,2026/DAILY CUM STATISTICS_MAY 2026/daily dated 22.05.2026.xls,2.100,5.200,8.400
2026-05-22,494,Uttara Kannada,Coastal Karnataka,14.790,74.690,0.100,3.500,-98.000,2026/DAILY CUM STATISTICS_MAY 2026/daily dated 22.05.2026.xls,0.500,2.200,5.400
2026-05-23,492,Dakshina Kannada,Coastal Karnataka,12.840,74.860,1.700,3.700,-55.000,2026/DAILY CUM STATISTICS_MAY 2026/daily dated 23.05.2026.xls,1.400,8.700,3.600
2026-05-23,493,Udupi,Coastal Karnataka,13.340,74.740,0.100,3.600,-98.000,2026/DAILY CUM STATISTICS_MAY 2026/daily dated 23.05.2026.xls,1.500,4.600,4.200
2026-05-23,494,Uttara Kannada,Coastal Karnataka,14.790,74.690,0.200,2.100,-90.000,2026/DAILY CUM STATISTICS_MAY 2026/daily dated 23.05.2026.xls,0.700,5.400,3.000
2026-05-24,492,Dakshina Kannada,Coastal Karnataka,12.840,74.860,8.100,4.600,77.000,2026/DAILY CUM STATISTICS_MAY 2026/daily dated 24.05.2026.xls,1.800,4.200,11.400
2026-05-24,493,Udupi,Coastal Karnataka,13.340,74.740,49.000,5.100,861.000,2026/DAILY CUM STATISTICS_MAY 2026/daily dated 24.05.2026.xls,3.900,4.900,8.400
2026-05-24,494,Uttara Kannada,Coastal Karnataka,14.790,74.690,60.000,3.200,1775.000,2026/DAILY CUM STATISTICS_MAY 2026/daily dated 24.05.2026.xls,9.600,8.600,5.400
2026-05-25,492,Dakshina Kannada,Coastal Karnataka,12.840,74.860,0.000,6.300,-100.000,2026/DAILY CUM STATISTICS_MAY 2026/daily dated 25.05.2026.xls,2.900,9.700,4.800
2026-05-25,493,Udupi,Coastal Karnataka,13.340,74.740,0.100,7.300,-99.000,2026/DAILY CUM STATISTICS_MAY 2026/daily dated 25.05.2026.xls,1.400,10.700,4.800
2026-05-25,494,Uttara Kannada,Coastal Karnataka,14.790,74.690,0.100,3.200,-97.000,2026/DAILY CUM STATISTICS_MAY 2026/daily dated 25.05.2026.xls,0.000,0.900,3.000
2026-05-26,492,Dakshina Kannada,Coastal Karnataka,12.840,74.860,0.000,7.300,-100.000,2026/DAILY CUM STATISTICS_MAY 2026/daily dated 26.05.2026.xls,1.100,6.400,3.000
2026-05-26,493,Udupi,Coastal Karnataka,13.340,74.740,0.000,6.400,-100.000,2026/DAILY CUM STATISTICS_MAY 2026/daily dated 26.05.2026.xls,2.500,7.800,3.000
2026-05-26,494,Uttara Kannada,Coastal Karnataka,14.790,74.690,0.500,2.600,-81.000,2026/DAILY CUM STATISTICS_MAY 2026/daily dated 26.05.2026.xls,3.900,4.300,2.400
2026-05-27,492,Dakshina Kannada,Coastal Karnataka,12.840,74.860,0.200,7.100,-97.000,2026/DAILY CUM STATISTICS_MAY 2026/daily dated 27.05.2026.xls,1.200,3.700,3.600
2026-05-27,493,Udupi,Coastal Karnataka,13.340,74.740,5.200,5.900,-11.000,2026/DAILY CUM STATISTICS_MAY 2026/daily dated 27.05.2026.xls,1.700,3.600,2.400
2026-05-27,494,Uttara Kannada,Coastal Karnataka,14.790,74.690,3.800,3.900,-3.000,2026/DAILY CUM STATISTICS_MAY 2026/daily dated 27.05.2026.xls,0.300,4.500,1.800
2026-05-28,492,Dakshina Kannada,Coastal Karnataka,12.840,74.860,1.600,10.700,-85.000,2026/DAILY CUM STATISTICS_MAY 2026/daily dated 28.05.2026.xls,3.000,1.000,5.400
2026-05-28,493,Udupi,Coastal Karnataka,13.340,74.740,5.800,10.400,-45.000,2026/DAILY CUM STATISTICS_MAY 2026/daily dated 28.05.2026.xls,3.400,1.100,4.200
2026-05-28,494,Uttara Kannada,Coastal Karnataka,14.790,74.690,3.400,4.200,-20.000,2026/DAILY CUM STATISTICS_MAY 2026/daily dated 28.05.2026.xls,2.200,2.300,1.800
2026-05-29,492,Dakshina Kannada,Coastal Karnataka,12.840,74.860,0.000,11.200,-100.000,2026/DAILY CUM STATISTICS_MAY 2026/daily dated 29.05.2026.xls,3.600,6.300,5.400
2026-05-29,493,Udupi,Coastal Karnataka,13.340,74.740,0.200,9.100,-97.000,2026/DAILY CUM STATISTICS_MAY 2026/daily dated 29.05.2026.xls,1.900,7.000,4.200
2026-05-29,494,Uttara Kannada,Coastal Karnataka,14.790,74.690,0.700,4.900,-87.000,2026/DAILY CUM STATISTICS_MAY 2026/daily dated 29.05.2026.xls,0.300,2.300,1.200
2026-05-30,492,Dakshina Kannada,Coastal Karnataka,12.840,74.860,7.400,12.900,-42.000,2026/DAILY CUM STATISTICS_MAY 2026/daily dated 30.05.2026.xls,9.900,3.000,6.600
2026-05-30,493,Udupi,Coastal Karnataka,13.340,74.740,4.800,12.400,-61.000,2026/DAILY CUM STATISTICS_MAY 2026/daily dated 30.05.2026.xls,15.700,5.200,5.400
2026-05-30,494,Uttara Kannada,Coastal Karnataka,14.790,74.690,1.400,7.500,-82.000,2026/DAILY CUM STATISTICS_MAY 2026/daily dated 30.05.2026.xls,0.500,2.700,2.400
2026-05-31,492,Dakshina Kannada,Coastal Karnataka,12.840,74.860,7.400,11.800,-37.000,2026/DAILY CUM STATISTICS_MAY 2026/daily dated 31.05.2026.xls,3.000,9.400,6.600
2026-05-31,493,Udupi,Coastal Karnataka,13.340,74.740,4.800,10.900,-56.000,2026/DAILY CUM STATISTICS_MAY 2026/daily dated 31.05.2026.xls,1.000,12.400,4.200
2026-05-31,494,Uttara Kannada,Coastal Karnataka,14.790,74.690,0.000,6.900,-100.000,2026/DAILY CUM STATISTICS_MAY 2026/daily dated 31.05.2026.xls,4.900,5.900,2.400
2026-06-01,492,Dakshina Kannada,Coastal Karnataka,12.840,74.860,8.400,11.200,-25.000,2026/DAILY CUM STATISTICS_JUN 2026/daily dated 01.06.2026.xls,3.600,3.400,9.000
2026-06-01,493,Udupi,Coastal Karnataka,13.340,74.740,0.000,12.600,-100.000,2026/DAILY CUM STATISTICS_JUN 2026/daily dated 01.06.2026.xls,1.500,5.200,6.000
2026-06-01,494,Uttara Kannada,Coastal Karnataka,14.790,74.690,0.000,8.700,-100.000,2026/DAILY CUM STATISTICS_JUN 2026/daily dated 01.06.2026.xls,0.300,4.300,2.400
2026-06-02,492,Dakshina Kannada,Coastal Karnataka,12.840,74.860,5.800,12.700,-55.000,2026/DAILY CUM STATISTICS_JUN 2026/daily dated 02.06.2026.xls,3.000,2.200,16.200
2026-06-02,493,Udupi,Coastal Karnataka,13.340,74.740,0.100,13.000,-99.000,2026/DAILY CUM STATISTICS_JUN 2026/daily dated 02.06.2026.xls,1.100,2.600,10.200
2026-06-02,494,Uttara Kannada,Coastal Karnataka,14.790,74.690,3.700,7.400,-49.000,2026/DAILY CUM STATISTICS_JUN 2026/daily dated 02.06.2026.xls,9.000,1.800,3.000
2026-06-03,492,Dakshina Kannada,Coastal Karnataka,12.840,74.860,25.600,17.700,44.000,2026/DAILY CUM STATISTICS_JUN 2026/daily dated 03.06.2026.xls,15.400,14.800,34.200
2026-06-03,493,Udupi,Coastal Karnataka,13.340,74.740,37.400,20.100,86.000,2026/DAILY CUM STATISTICS_JUN 2026/daily dated 03.06.2026.xls,13.200,10.500,26.400
2026-06-03,494,Uttara Kannada,Coastal Karnataka,14.790,74.690,8.600,11.700,-26.000,2026/DAILY CUM STATISTICS_JUN 2026/daily dated 03.06.2026.xls,4.700,4.000,10.800
2026-06-04,492,Dakshina Kannada,Coastal Karnataka,12.840,74.860,3.100,13.600,-77.000,2026/DAILY CUM STATISTICS_JUN 2026/daily dated 04.06.2026.xls,8.500,19.600,22.200
2026-06-04,493,Udupi,Coastal Karnataka,13.340,74.740,3.400,18.900,-82.000,2026/DAILY CUM STATISTICS_JUN 2026/daily dated 04.06.2026.xls,10.900,22.000,19.800
2026-06-04,494,Uttara Kannada,Coastal Karnataka,14.790,74.690,5.900,11.100,-47.000,2026/DAILY CUM STATISTICS_JUN 2026/daily dated 04.06.2026.xls,0.400,5.000,7.800
2026-06-05,492,Dakshina Kannada,Coastal Karnataka,12.840,74.860,22.900,20.000,14.000,2026/DAILY CUM STATISTICS_JUN 2026/daily dated 05.06.2026.xls,31.600,34.600,43.200
2026-06-05,493,Udupi,Coastal Karnataka,13.340,74.740,15.700,20.800,-25.000,2026/DAILY CUM STATISTICS_JUN 2026/daily dated 05.06.2026.xls,33.900,38.600,43.200
2026-06-05,494,Uttara Kannada,Coastal Karnataka,14.790,74.690,32.500,13.000,150.000,2026/DAILY CUM STATISTICS_JUN 2026/daily dated 05.06.2026.xls,5.300,6.700,13.200
2026-06-06,492,Dakshina Kannada,Coastal Karnataka,12.840,74.860,37.500,26.600,41.000,2026/DAILY CUM STATISTICS_JUN 2026/daily dated 06.06.2026.xls,86.500,55.000,54.000
2026-06-06,493,Udupi,Coastal Karnataka,13.340,74.740,26.600,27.600,-4.000,2026/DAILY CUM STATISTICS_JUN 2026/daily dated 06.06.2026.xls,81.800,52.700,36.000
2026-06-06,494,Uttara Kannada,Coastal Karnataka,14.790,74.690,11.300,17.600,-36.000,2026/DAILY CUM STATISTICS_JUN 2026/daily dated 06.06.2026.xls,15.900,6.000,14.400
2026-06-07,492,Dakshina Kannada,Coastal Karnataka,12.840,74.860,29.700,22.400,33.000,2026/DAILY CUM STATISTICS_JUN 2026/daily dated 07.06.2026.xls,164.300,14.600,26.400
2026-06-07,493,Udupi,Coastal Karnataka,13.340,74.740,11.700,31.200,-63.000,2026/DAILY CUM STATISTICS_JUN 2026/daily dated 07.06.2026.xls,156.400,31.500,28.200
2026-06-07,494,Uttara Kannada,Coastal Karnataka,14.790,74.690,26.300,20.000,32.000,2026/DAILY CUM STATISTICS_JUN 2026/daily dated 07.06.2026.xls,17.800,8.000,16.200
2026-06-08,492,Dakshina Kannada,Coastal Karnataka,12.840,74.860,7.900,25.500,-69.000,2026/DAILY CUM STATISTICS_JUN 2026/daily dated 08.06.2026.xls,25.300,34.100,23.400
2026-06-08,493,Udupi,Coastal Karnataka,13.340,74.740,21.900,31.900,-31.000,2026/DAILY CUM STATISTICS_JUN 2026/daily dated 08.06.2026.xls,28.700,53.500,26.400
2026-06-08,494,Uttara Kannada,Coastal Karnataka,14.790,74.690,29.200,19.200,52.000,2026/DAILY CUM STATISTICS_JUN 2026/daily dated 08.06.2026.xls,7.100,18.200,18.000
2026-06-09,492,Dakshina Kannada,Coastal Karnataka,12.840,74.860,24.200,27.200,-11.000,2026/DAILY CUM STATISTICS_JUN 2026/daily dated 09.06.2026.xls,35.100,40.600,29.400
2026-06-09,493,Udupi,Coastal Karnataka,13.340,74.740,32.100,33.400,-4.000,2026/DAILY CUM STATISTICS_JUN 2026/daily dated 09.06.2026.xls,30.500,57.400,33.600
2026-06-09,494,Uttara Kannada,Coastal Karnataka,14.790,74.690,25.900,18.100,43.000,2026/DAILY CUM STATISTICS_JUN 2026/daily dated 09.06.2026.xls,5.700,10.000,17.400
2026-06-10,492,Dakshina Kannada,Coastal Karnataka,12.840,74.860,16.500,25.100,-34.000,2026/DAILY CUM STATISTICS_JUN 2026/daily dated 10.06.2026.xls,32.800,41.300,33.000
2026-06-10,493,Udupi,Coastal Karnataka,13.340,74.740,13.800,34.300,-60.000,2026/DAILY CUM STATISTICS_JUN 2026/daily dated 10.06.2026.xls,48.300,62.100,43.200
2026-06-10,494,Uttara Kannada,Coastal Karnataka,14.790,74.690,17.500,21.800,-20.000,2026/DAILY CUM STATISTICS_JUN 2026/daily dated 10.06.2026.xls,4.000,10.100,16.200
2026-06-11,492,Dakshina Kannada,Coastal Karnataka,12.840,74.860,23.900,31.500,-24.000,2026/DAILY CUM STATISTICS_JUN 2026/daily dated 11.06.2026.xls,6.400,13.700,18.600
2026-06-11,493,Udupi,Coastal Karnataka,13.340,74.740,21.500,38.200,-44.000,2026/DAILY CUM STATISTICS_JUN 2026/daily dated 11.06.2026.xls,8.500,7.500,15.600
2026-06-11,494,Uttara Kannada,Coastal Karnataka,14.790,74.690,15.500,23.700,-35.000,2026/DAILY CUM STATISTICS_JUN 2026/daily dated 11.06.2026.xls,0.400,2.400,4.200
2026-06-12,492,Dakshina Kannada,Coastal Karnataka,12.840,74.860,8.400,33.000,-74.000,2026/DAILY CUM STATISTICS_JUN 2026/daily dated 12.06.2026.xls,1.300,8.500,15.600
2026-06-12,493,Udupi,Coastal Karnataka,13.340,74.740,18.100,42.500,-57.000,2026/DAILY CUM STATISTICS_JUN 2026/daily dated 12.06.2026.xls,2.400,5.700,13.200
2026-06-12,494,Uttara Kannada,Coastal Karnataka,14.790,74.690,13.100,28.200,-54.000,2026/DAILY CUM STATISTICS_JUN 2026/daily dated 12.06.2026.xls,0.200,3.500,5.400
2026-06-13,492,Dakshina Kannada,Coastal Karnataka,12.840,74.860,23.400,33.700,-31.000,2026/DAILY CUM STATISTICS_JUN 2026/daily dated 13.06.2026.xls,4.700,5.200,13.200
2026-06-13,493,Udupi,Coastal Karnataka,13.340,74.740,13.800,46.100,-70.000,2026/DAILY CUM STATISTICS_JUN 2026/daily dated 13.06.2026.xls,6.000,5.200,12.000
2026-06-13,494,Uttara Kannada,Coastal Karnataka,14.790,74.690,4.200,25.600,-84.000,2026/DAILY CUM STATISTICS_JUN 2026/daily dated 13.06.2026.xls,0.600,8.400,6.000
2026-06-14,492,Dakshina Kannada,Coastal Karnataka,12.840,74.860,17.100,41.500,-59.000,2026/DAILY CUM STATISTICS_JUN 2026/daily dated 14.06.2026.xls,3.800,1.400,9.000
2026-06-14,493,Udupi,Coastal Karnataka,13.340,74.740,47.500,44.600,7.000,2026/DAILY CUM STATISTICS_JUN 2026/daily dated 14.06.2026.xls,4.600,4.600,9.000
2026-06-14,494,Uttara Kannada,Coastal Karnataka,14.790,74.690,13.700,27.200,-49.000,2026/DAILY CUM STATISTICS_JUN 2026/daily dated 14.06.2026.xls,1.600,3.500,4.200
2026-06-15,492,Dakshina Kannada,Coastal Karnataka,12.840,74.860,4.600,35.200,-87.000,2026/DAILY CUM STATISTICS_JUN 2026/daily dated 15.06.2026.xls,2.200,5.300,4.200
2026-06-15,493,Udupi,Coastal Karnataka,13.340,74.740,43.800,40.600,8.000,2026/DAILY CUM STATISTICS_JUN 2026/daily dated 15.06.2026.xls,3.400,2.400,3.600
2026-06-15,494,Uttara Kannada,Coastal Karnataka,14.790,74.690,0.400,27.100,-98.000,2026/DAILY CUM STATISTICS_JUN 2026/daily dated 15.06.2026.xls,0.000,3.700,1.800
2026-06-16,492,Dakshina Kannada,Coastal Karnataka,12.840,74.860,0.100,34.400,-99.000,2026/DAILY CUM STATISTICS_JUN 2026/daily dated 16.06.2026.xls,1.400,2.100,2.400
2026-06-16,493,Udupi,Coastal Karnataka,13.340,74.740,0.200,43.600,-99.000,2026/DAILY CUM STATISTICS_JUN 2026/daily dated 16.06.2026.xls,1.800,2.800,1.800
2026-06-16,494,Uttara Kannada,Coastal Karnataka,14.790,74.690,0.100,33.200,-99.000,2026/DAILY CUM STATISTICS_JUN 2026/daily dated 16.06.2026.xls,0.100,0.900,1.200
2026-06-17,492,Dakshina Kannada,Coastal Karnataka,12.840,74.860,2.800,36.700,-92.000,2026/DAILY CUM STATISTICS_JUN 2026/daily dated 17.06.2026.xls,2.000,5.000,4.800
2026-06-17,493,Udupi,Coastal Karnataka,13.340,74.740,0.800,43.600,-98.000,2026/DAILY CUM STATISTICS_JUN 2026/daily dated 17.06.2026.xls,2.300,5.600,3.600
2026-06-17,494,Uttara Kannada,Coastal Karnataka,14.790,74.690,0.200,33.900,-99.000,2026/DAILY CUM STATISTICS_JUN 2026/daily dated 17.06.2026.xls,0.100,4.700,1.200
2026-06-18,492,Dakshina Kannada,Coastal Karnataka,12.840,74.860,16.900,41.900,-60.000,2026/DAILY CUM STATISTICS_JUN 2026/daily dated 18.06.2026.xls,9.900,2.000,6.600
2026-06-18,493,Udupi,Coastal Karnataka,13.340,74.740,7.100,47.500,-85.000,2026/DAILY CUM STATISTICS_JUN 2026/daily dated 18.06.2026.xls,6.500,7.700,2.400
2026-06-18,494,Uttara Kannada,Coastal Karnataka,14.790,74.690,0.300,32.600,-99.000,2026/DAILY CUM STATISTICS_JUN 2026/daily dated 18.06.2026.xls,0.000,0.200,0.000
2026-06-19,492,Dakshina Kannada,Coastal Karnataka,12.840,74.860,4.800,39.000,-88.000,2026/DAILY CUM STATISTICS_JUN 2026/daily dated 19.06.2026.xls,9.500,1.400,2.400
2026-06-19,493,Udupi,Coastal Karnataka,13.340,74.740,7.700,48.000,-84.000,2026/DAILY CUM STATISTICS_JUN 2026/daily dated 19.06.2026.xls,14.100,1.200,1.200
2026-06-19,494,Uttara Kannada,Coastal Karnataka,14.790,74.690,7.000,34.200,-80.000,2026/DAILY CUM STATISTICS_JUN 2026/daily dated 19.06.2026.xls,0.700,1.100,0.600
2026-06-20,492,Dakshina Kannada,Coastal Karnataka,12.840,74.860,1.200,36.700,-97.000,2026/DAILY CUM STATISTICS_JUN 2026/daily dated 20.06.2026.xls,0.100,1.900,1.800
2026-06-20,493,Udupi,Coastal Karnataka,13.340,74.740,3.700,43.500,-91.000,2026/DAILY CUM STATISTICS_JUN 2026/daily dated 20.06.2026.xls,0.000,0.800,1.200
2026-06-20,494,Uttara Kannada,Coastal Karnataka,14.790,74.690,0.000,30.800,-100.000,2026/DAILY CUM STATISTICS_JUN 2026/daily dated 20.06.2026.xls,0.000,0.100,0.000
2026-06-21,492,Dakshina Kannada,Coastal Karnataka,12.840,74.860,0.000,35.800,-99.000,2026/DAILY CUM STATISTICS_JUN 2026/daily dated 21.06.2026.xls,3.800,17.800,19.800
2026-06-21,493,Udupi,Coastal Karnataka,13.340,74.740,0.000,39.000,-100.000,2026/DAILY CUM STATISTICS_JUN 2026/daily dated 21.06.2026.xls,3.600,19.200,17.400
2026-06-21,494,Uttara Kannada,Coastal Karnataka,14.790,74.690,0.000,26.400,-100.000,2026/DAILY CUM STATISTICS_JUN 2026/daily dated 21.06.2026.xls,0.000,5.200,6.600
2026-06-22,492,Dakshina Kannada,Coastal Karnataka,12.840,74.860,10.300,35.900,-71.000,2026/DAILY CUM STATISTICS_JUN 2026/daily dated 22.06.2026.xls,13.600,28.700,40.200
2026-06-22,493,Udupi,Coastal Karnataka,13.340,74.740,23.800,39.300,-40.000,2026/DAILY CUM STATISTICS_JUN 2026/daily dated 22.06.2026.xls,20.300,37.100,45.000
2026-06-22,494,Uttara Kannada,Coastal Karnataka,14.790,74.690,34.100,28.700,19.000,2026/DAILY CUM STATISTICS_JUN 2026/daily dated 22.06.2026.xls,2.300,12.400,18.000
2026-06-23,492,Dakshina Kannada,Coastal Karnataka,12.840,74.860,22.300,35.800,-38.000,2026/DAILY CUM STATISTICS_JUN 2026/daily dated 23.06.2026.xls,19.900,46.900,37.800
2026-06-23,493,Udupi,Coastal Karnataka,13.340,74.740,40.600,40.400,0.000,2026/DAILY CUM STATISTICS_JUN 2026/daily dated 23.06.2026.xls,29.300,58.600,49.800
2026-06-23,494,Uttara Kannada,Coastal Karnataka,14.790,74.690,45.800,28.800,59.000,2026/DAILY CUM STATISTICS_JUN 2026/daily dated 23.06.2026.xls,15.900,22.400,36.000
2026-06-24,492,Dakshina Kannada,Coastal Karnataka,12.840,74.860,11.800,37.400,-69.000,2026/DAILY CUM STATISTICS_JUN 2026/daily dated 24.06.2026.xls,16.400,34.500,23.400
2026-06-24,493,Udupi,Coastal Karnataka,13.340,74.740,27.500,41.100,-33.000,2026/DAILY CUM STATISTICS_JUN 2026/daily dated 24.06.2026.xls,32.600,28.100,28.800
2026-06-24,494,Uttara Kannada,Coastal Karnataka,14.790,74.690,28.100,27.900,1.000,2026/DAILY CUM STATISTICS_JUN 2026/daily dated 24.06.2026.xls,8.200,18.600,20.400
2026-06-25,492,Dakshina Kannada,Coastal Karnataka,12.840,74.860,11.300,34.800,-68.000,2026/DAILY CUM STATISTICS_JUN 2026/daily dated 25.06.2026.xls,16.600,8.900,16.800
2026-06-25,493,Udupi,Coastal Karnataka,13.340,74.740,31.700,40.400,-21.000,2026/DAILY CUM STATISTICS_JUN 2026/daily dated 25.06.2026.xls,25.700,8.500,19.800
2026-06-25,494,Uttara Kannada,Coastal Karnataka,14.790,74.690,31.800,26.900,18.000,2026/DAILY CUM STATISTICS_JUN 2026/daily dated 25.06.2026.xls,1.700,10.100,12.600
2026-06-26,492,Dakshina Kannada,Coastal Karnataka,12.840,74.860,24.900,39.300,-37.000,2026/DAILY CUM STATISTICS_JUN 2026/daily dated 26.06.2026.xls,21.600,4.800,11.400
2026-06-26,493,Udupi,Coastal Karnataka,13.340,74.740,21.400,42.600,-50.000,2026/DAILY CUM STATISTICS_JUN 2026/daily dated 26.06.2026.xls,20.900,6.900,13.200
2026-06-26,494,Uttara Kannada,Coastal Karnataka,14.790,74.690,14.400,30.400,-53.000,2026/DAILY CUM STATISTICS_JUN 2026/daily dated 26.06.2026.xls,0.300,7.100,7.800
2026-06-27,492,Dakshina Kannada,Coastal Karnataka,12.840,74.860,9.300,36.400,-75.000,2026/DAILY CUM STATISTICS_JUN 2026/daily dated 27.06.2026.xls,31.700,22.700,15.600
2026-06-27,493,Udupi,Coastal Karnataka,13.340,74.740,22.000,39.400,-44.000,2026/DAILY CUM STATISTICS_JUN 2026/daily dated 27.06.2026.xls,39.400,24.000,19.200
2026-06-27,494,Uttara Kannada,Coastal Karnataka,14.790,74.690,9.500,30.400,-69.000,2026/DAILY CUM STATISTICS_JUN 2026/daily dated 27.06.2026.xls,1.400,12.800,10.200
2026-06-28,492,Dakshina Kannada,Coastal Karnataka,12.840,74.860,4.100,38.600,-89.000,2026/DAILY CUM STATISTICS_JUN 2026/daily dated 28.06.2026.xls,40.800,66.900,43.800
2026-06-28,493,Udupi,Coastal Karnataka,13.340,74.740,13.800,44.500,-69.000,2026/DAILY CUM STATISTICS_JUN 2026/daily dated 28.06.2026.xls,45.100,75.500,49.800
2026-06-28,494,Uttara Kannada,Coastal Karnataka,14.790,74.690,18.000,28.200,-36.000,2026/DAILY CUM STATISTICS_JUN 2026/daily dated 28.06.2026.xls,1.800,18.900,23.400
2026-06-29,492,Dakshina Kannada,Coastal Karnataka,12.840,74.860,36.800,42.500,-13.000,2026/DAILY CUM STATISTICS_JUN 2026/daily dated 29.06.2026.xls,19.500,61.100,51.600
2026-06-29,493,Udupi,Coastal Karnataka,13.340,74.740,21.500,46.000,-53.000,2026/DAILY CUM STATISTICS_JUN 2026/daily dated 29.06.2026.xls,16.300,91.700,62.400
2026-06-29,494,Uttara Kannada,Coastal Karnataka,14.790,74.690,54.400,34.900,56.000,2026/DAILY CUM STATISTICS_JUN 2026/daily dated 29.06.2026.xls,2.300,22.400,30.000
2026-06-30,492,Dakshina Kannada,Coastal Karnataka,12.840,74.860,49.600,41.900,18.000,2026/DAILY CUM STATISTICS_JUN 2026/daily dated 30.06.2026.xls,37.400,74.200,47.400
2026-06-30,493,Udupi,Coastal Karnataka,13.340,74.740,81.100,45.400,79.000,2026/DAILY CUM STATISTICS_JUN 2026/daily dated 30.06.2026.xls,48.200,57.200,66.600
2026-06-30,494,Uttara Kannada,Coastal Karnataka,14.790,74.690,59.900,35.300,70.000,2026/DAILY CUM STATISTICS_JUN 2026/daily dated 30.06.2026.xls,15.000,38.000,40.800
2026-07-01,492,Dakshina Kannada,Coastal Karnataka,12.840,74.860,103.600,36.000,188.000,2026/DAILY CUM STATISTICS_JUL 2026/daily dated 01.07.2026.xls,27.600,63.100,61.200
2026-07-01,493,Udupi,Coastal Karnataka,13.340,74.740,75.600,43.100,75.000,2026/DAILY CUM STATISTICS_JUL 2026/daily dated 01.07.2026.xls,30.400,88.900,80.400
2026-07-01,494,Uttara Kannada,Coastal Karnataka,14.790,74.690,57.700,35.600,62.000,2026/DAILY CUM STATISTICS_JUL 2026/daily dated 01.07.2026.xls,8.500,44.200,51.600
2026-07-02,492,Dakshina Kannada,Coastal Karnataka,12.840,74.860,57.600,39.600,45.000,2026/DAILY CUM STATISTICS_JUL 2026/daily dated 02.07.2026.xls,20.600,46.500,44.400
2026-07-02,493,Udupi,Coastal Karnataka,13.340,74.740,31.200,47.800,-35.000,2026/DAILY CUM STATISTICS_JUL 2026/daily dated 02.07.2026.xls,27.900,59.200,54.000
2026-07-02,494,Uttara Kannada,Coastal Karnataka,14.790,74.690,43.100,34.900,23.000,2026/DAILY CUM STATISTICS_JUL 2026/daily dated 02.07.2026.xls,4.100,31.300,32.400
2026-07-03,492,Dakshina Kannada,Coastal Karnataka,12.840,74.860,27.800,37.400,-26.000,2026/DAILY CUM STATISTICS_JUL 2026/daily dated 03.07.2026.xls,30.900,51.100,52.200
2026-07-03,493,Udupi,Coastal Karnataka,13.340,74.740,28.900,45.500,-36.000,2026/DAILY CUM STATISTICS_JUL 2026/daily dated 03.07.2026.xls,35.200,51.200,46.200
2026-07-03,494,Uttara Kannada,Coastal Karnataka,14.790,74.690,29.600,35.700,-17.000,2026/DAILY CUM STATISTICS_JUL 2026/daily dated 03.07.2026.xls,9.900,15.400,17.400
2026-07-04,492,Dakshina Kannada,Coastal Karnataka,12.840,74.860,83.800,40.400,107.000,2026/DAILY CUM STATISTICS_JUL 2026/daily dated 04.07.2026.xls,34.600,33.500,30.000
2026-07-04,493,Udupi,Coastal Karnataka,13.340,74.740,73.100,41.500,76.000,2026/DAILY CUM STATISTICS_JUL 2026/daily dated 04.07.2026.xls,34.900,55.600,47.400
2026-07-04,494,Uttara Kannada,Coastal Karnataka,14.790,74.690,21.000,27.100,-23.000,2026/DAILY CUM STATISTICS_JUL 2026/daily dated 04.07.2026.xls,14.700,59.300,41.400
2026-07-05,492,Dakshina Kannada,Coastal Karnataka,12.840,74.860,13.200,33.300,-60.000,2026/DAILY CUM STATISTICS_JUL 2026/daily dated 05.07.2026.xls,14.700,25.300,15.600
2026-07-05,493,Udupi,Coastal Karnataka,13.340,74.740,33.200,43.700,-24.000,2026/DAILY CUM STATISTICS_JUL 2026/daily dated 05.07.2026.xls,24.600,43.300,40.800
2026-07-05,494,Uttara Kannada,Coastal Karnataka,14.790,74.690,58.200,31.500,85.000,2026/DAILY CUM STATISTICS_JUL 2026/daily dated 05.07.2026.xls,23.900,81.000,43.800
2026-07-06,492,Dakshina Kannada,Coastal Karnataka,12.840,74.860,30.500,30.400,0.000,2026/DAILY CUM STATISTICS_JUL 2026/daily dated 06.07.2026.xls,29.000,61.700,27.600
2026-07-06,493,Udupi,Coastal Karnataka,13.340,74.740,51.900,38.300,35.000,2026/DAILY CUM STATISTICS_JUL 2026/daily dated 06.07.2026.xls,37.900,64.900,49.800
2026-07-06,494,Uttara Kannada,Coastal Karnataka,14.790,74.690,35.500,25.600,39.000,2026/DAILY CUM STATISTICS_JUL 2026/daily dated 06.07.2026.xls,16.800,58.000,45.600
2026-07-07,492,Dakshina Kannada,Coastal Karnataka,12.840,74.860,45.900,35.800,28.000,2026/DAILY CUM STATISTICS_JUL 2026/daily dated 07.07.2026.xls,35.000,33.100,23.400
2026-07-07,493,Udupi,Coastal Karnataka,13.340,74.740,40.700,35.100,16.000,2026/DAILY CUM STATISTICS_JUL 2026/daily dated 07.07.2026.xls,41.700,54.400,42.000
2026-07-07,494,Uttara Kannada,Coastal Karnataka,14.790,74.690,52.800,26.700,98.000,2026/DAILY CUM STATISTICS_JUL 2026/daily dated 07.07.2026.xls,18.100,60.400,48.600
2026-07-08,492,Dakshina Kannada,Coastal Karnataka,12.840,74.860,42.800,36.800,16.000,2026/DAILY CUM STATISTICS_JUL 2026/daily dated 08.07.2026.xls,33.300,40.000,22.800
2026-07-08,493,Udupi,Coastal Karnataka,13.340,74.740,40.400,41.600,-3.000,2026/DAILY CUM STATISTICS_JUL 2026/daily dated 08.07.2026.xls,48.300,51.200,37.200
2026-07-08,494,Uttara Kannada,Coastal Karnataka,14.790,74.690,56.500,31.300,81.000,2026/DAILY CUM STATISTICS_JUL 2026/daily dated 08.07.2026.xls,13.900,35.000,34.200
2026-07-09,492,Dakshina Kannada,Coastal Karnataka,12.840,74.860,19.300,33.900,-43.000,2026/DAILY CUM STATISTICS_JUL 2026/daily dated 09.07.2026.xls,26.200,12.600,17.400
2026-07-09,493,Udupi,Coastal Karnataka,13.340,74.740,11.200,38.800,-71.000,2026/DAILY CUM STATISTICS_JUL 2026/daily dated 09.07.2026.xls,33.800,15.000,20.400
2026-07-09,494,Uttara Kannada,Coastal Karnataka,14.790,74.690,14.200,30.600,-54.000,2026/DAILY CUM STATISTICS_JUL 2026/daily dated 09.07.2026.xls,2.600,7.200,10.800
2026-07-10,492,Dakshina Kannada,Coastal Karnataka,12.840,74.860,10.500,38.700,-73.000,2026/DAILY CUM STATISTICS_JUL 2026/daily dated 10.07.2026.xls,12.300,8.600,12.600
2026-07-10,493,Udupi,Coastal Karnataka,13.340,74.740,6.700,42.700,-84.000,2026/DAILY CUM STATISTICS_JUL 2026/daily dated 10.07.2026.xls,13.200,11.000,10.800
2026-07-10,494,Uttara Kannada,Coastal Karnataka,14.790,74.690,8.200,28.300,-71.000,2026/DAILY CUM STATISTICS_JUL 2026/daily dated 10.07.2026.xls,1.000,7.000,5.400
2026-07-11,492,Dakshina Kannada,Coastal Karnataka,12.840,74.860,9.800,41.200,-76.000,2026/DAILY CUM STATISTICS_JUL 2026/daily dated 11.07.2026.xls,5.700,9.200,6.000
2026-07-11,493,Udupi,Coastal Karnataka,13.340,74.740,6.200,44.700,-86.000,2026/DAILY CUM STATISTICS_JUL 2026/daily dated 11.07.2026.xls,7.800,13.100,6.000
2026-07-11,494,Uttara Kannada,Coastal Karnataka,14.790,74.690,2.900,30.300,-91.000,2026/DAILY CUM STATISTICS_JUL 2026/daily dated 11.07.2026.xls,0.100,6.000,4.200
2026-07-12,492,Dakshina Kannada,Coastal Karnataka,12.840,74.860,3.000,39.400,-92.000,2026/DAILY CUM STATISTICS_JUL 2026/daily dated 12.07.2026.xls,3.200,6.900,3.600
2026-07-12,493,Udupi,Coastal Karnataka,13.340,74.740,6.000,39.400,-85.000,2026/DAILY CUM STATISTICS_JUL 2026/daily dated 12.07.2026.xls,2.900,7.000,4.800
2026-07-12,494,Uttara Kannada,Coastal Karnataka,14.790,74.690,0.800,30.100,-97.000,2026/DAILY CUM STATISTICS_JUL 2026/daily dated 12.07.2026.xls,0.400,3.400,3.600
2026-07-13,492,Dakshina Kannada,Coastal Karnataka,12.840,74.860,1.100,34.300,-97.000,2026/DAILY CUM STATISTICS_JUL 2026/daily dated 13.07.2026.xls,1.400,7.900,2.400
2026-07-13,493,Udupi,Coastal Karnataka,13.340,74.740,0.900,45.300,-98.000,2026/DAILY CUM STATISTICS_JUL 2026/daily dated 13.07.2026.xls,1.600,8.600,3.000
2026-07-13,494,Uttara Kannada,Coastal Karnataka,14.790,74.690,0.100,31.500,-99.000,2026/DAILY CUM STATISTICS_JUL 2026/daily dated 13.07.2026.xls,0.100,1.700,1.800
2026-07-14,492,Dakshina Kannada,Coastal Karnataka,12.840,74.860,0.200,40.700,-99.000,2026/DAILY CUM STATISTICS_JUL 2026/daily dated 14.07.2026.xls,0.400,1.800,1.800
2026-07-14,493,Udupi,Coastal Karnataka,13.340,74.740,0.200,46.100,-99.000,2026/DAILY CUM STATISTICS_JUL 2026/daily dated 14.07.2026.xls,0.400,3.200,2.400
2026-07-14,494,Uttara Kannada,Coastal Karnataka,14.790,74.690,0.000,34.000,-100.000,2026/DAILY CUM STATISTICS_JUL 2026/daily dated 14.07.2026.xls,0.000,1.900,1.200
2026-07-15,492,Dakshina Kannada,Coastal Karnataka,12.840,74.860,0.000,38.200,-99.000,2026/DAILY CUM STATISTICS_JUL 2026/daily dated 15.07.2026.xls,0.900,2.800,1.800
2026-07-15,493,Udupi,Coastal Karnataka,13.340,74.740,0.000,43.700,-100.000,2026/DAILY CUM STATISTICS_JUL 2026/daily dated 15.07.2026.xls,1.200,3.700,2.400
2026-07-15,494,Uttara Kannada,Coastal Karnataka,14.790,74.690,0.000,31.400,-100.000,2026/DAILY CUM STATISTICS_JUL 2026/daily dated 15.07.2026.xls,0.000,4.700,2.400
2026-07-16,492,Dakshina Kannada,Coastal Karnataka,12.840,74.860,0.300,37.700,-99.000,2026/DAILY CUM STATISTICS_JUL 2026/daily dated 16.07.2026.xls,5.200,19.400,9.600
2026-07-16,493,Udupi,Coastal Karnataka,13.340,74.740,0.700,44.100,-99.000,2026/DAILY CUM STATISTICS_JUL 2026/daily dated 16.07.2026.xls,3.900,9.400,12.000
2026-07-16,494,Uttara Kannada,Coastal Karnataka,14.790,74.690,0.000,35.000,-99.000,2026/DAILY CUM STATISTICS_JUL 2026/daily dated 16.07.2026.xls,0.800,8.700,7.800
2026-07-17,492,Dakshina Kannada,Coastal Karnataka,12.840,74.860,86.200,43.000,100.000,2026/DAILY CUM STATISTICS_JUL 2026/daily dated 17.07.2026.xls,5.300,13.700,24.000
2026-07-17,493,Udupi,Coastal Karnataka,13.340,74.740,86.500,47.200,83.000,2026/DAILY CUM STATISTICS_JUL 2026/daily dated 17.07.2026.xls,12.500,15.400,30.600
2026-07-17,494,Uttara Kannada,Coastal Karnataka,14.790,74.690,85.300,39.000,119.000,2026/DAILY CUM STATISTICS_JUL 2026/daily dated 17.07.2026.xls,1.000,8.200,15.600
2026-07-18,492,Dakshina Kannada,Coastal Karnataka,12.840,74.860,48.600,38.800,25.000,2026/DAILY CUM STATISTICS_JUL 2026/daily dated 18.07.2026.xls,15.000,8.800,19.200
2026-07-18,493,Udupi,Coastal Karnataka,13.340,74.740,58.000,45.500,27.000,2026/DAILY CUM STATISTICS_JUL 2026/daily dated 18.07.2026.xls,23.700,11.400,25.200
2026-07-18,494,Uttara Kannada,Coastal Karnataka,14.790,74.690,31.800,38.800,-18.000,2026/DAILY CUM STATISTICS_JUL 2026/daily dated 18.07.2026.xls,1.700,8.300,15.600
2026-07-19,492,Dakshina Kannada,Coastal Karnataka,12.840,74.860,26.900,36.300,-26.000,2026/DAILY CUM STATISTICS_JUL 2026/daily dated 19.07.2026.xls,4.200,4.400,17.400
2026-07-19,493,Udupi,Coastal Karnataka,13.340,74.740,18.800,41.500,-55.000,2026/DAILY CUM STATISTICS_JUL 2026/daily dated 19.07.2026.xls,5.300,13.400,22.800
2026-07-19,494,Uttara Kannada,Coastal Karnataka,14.790,74.690,11.200,33.300,-67.000,2026/DAILY CUM STATISTICS_JUL 2026/daily dated 19.07.2026.xls,0.600,5.500,13.800
2026-07-20,492,Dakshina Kannada,Coastal Karnataka,12.840,74.860,59.300,40.500,46.000,2026/DAILY CUM STATISTICS_JUL 2026/daily dated 20.07.2026.xls,5.000,12.700,22.800
2026-07-20,493,Udupi,Coastal Karnataka,13.340,74.740,57.200,45.600,25.000,2026/DAILY CUM STATISTICS_JUL 2026/daily dated 20.07.2026.xls,15.400,19.400,28.200
2026-07-20,494,Uttara Kannada,Coastal Karnataka,14.790,74.690,17.300,34.700,-50.000,2026/DAILY CUM STATISTICS_JUL 2026/daily dated 20.07.2026.xls,2.800,7.200,16.800
2026-07-21,492,Dakshina Kannada,Coastal Karnataka,12.840,74.860,40.800,38.300,7.000,2026/DAILY CUM STATISTICS_JUL 2026/daily dated 21.07.2026.xls,1.600,9.600,9.000
2026-07-21,493,Udupi,Coastal Karnataka,13.340,74.740,40.500,38.100,6.000,2026/DAILY CUM STATISTICS_JUL 2026/daily dated 21.07.2026.xls,5.200,12.800,14.400
2026-07-21,494,Uttara Kannada,Coastal Karnataka,14.790,74.690,46.100,33.800,36.000,2026/DAILY CUM STATISTICS_JUL 2026/daily dated 21.07.2026.xls,0.400,5.400,10.800
2026-07-22,492,Dakshina Kannada,Coastal Karnataka,12.840,74.860,28.900,39.600,-27.000,2026/DAILY CUM STATISTICS_JUL 2026/daily dated 22.07.2026.xls,13.300,29.000,23.400
2026-07-22,493,Udupi,Coastal Karnataka,13.340,74.740,15.400,41.300,-63.000,2026/DAILY CUM STATISTICS_JUL 2026/daily dated 22.07.2026.xls,17.200,33.600,27.000
2026-07-22,494,Uttara Kannada,Coastal Karnataka,14.790,74.690,25.600,36.000,-29.000,2026/DAILY CUM STATISTICS_JUL 2026/daily dated 22.07.2026.xls,2.200,10.100,21.000
2026-07-23,492,Dakshina Kannada,Coastal Karnataka,12.840,74.860,42.700,35.200,21.000,2026/DAILY CUM STATISTICS_JUL 2026/daily dated 23.07.2026.xls,9.600,12.300,15.600
2026-07-23,493,Udupi,Coastal Karnataka,13.340,74.740,38.700,43.000,-10.000,2026/DAILY CUM STATISTICS_JUL 2026/daily dated 23.07.2026.xls,22.500,30.700,24.600
2026-07-23,494,Uttara Kannada,Coastal Karnataka,14.790,74.690,33.500,35.300,-5.000,2026/DAILY CUM STATISTICS_JUL 2026/daily dated 23.07.2026.xls,2.300,15.900,21.600
2026-07-24,492,Dakshina Kannada,Coastal Karnataka,12.840,74.860,34.400,36.800,-7.000,2026/DAILY CUM STATISTICS_JUL 2026/daily dated 24.07.2026.xls,0.100,15.600,18.600
2026-07-24,493,Udupi,Coastal Karnataka,13.340,74.740,60.100,41.400,45.000,2026/DAILY CUM STATISTICS_JUL 2026/daily dated 24.07.2026.xls,0.600,23.600,25.200
2026-07-24,494,Uttara Kannada,Coastal Karnataka,14.790,74.690,27.200,31.700,-14.000,2026/DAILY CUM STATISTICS_JUL 2026/daily dated 24.07.2026.xls,1.700,9.400,16.800
2026-07-25,492,Dakshina Kannada,Coastal Karnataka,12.840,74.860,22.500,39.000,-42.000,2026/DAILY CUM STATISTICS_JUL 2026/daily dated 25.07.2026.xls,5.700,10.100,14.400
2026-07-25,493,Udupi,Coastal Karnataka,13.340,74.740,30.900,47.500,-35.000,2026/DAILY CUM STATISTICS_JUL 2026/daily dated 25.07.2026.xls,12.100,15.000,19.200
2026-07-25,494,Uttara Kannada,Coastal Karnataka,14.790,74.690,36.500,32.000,14.000,2026/DAILY CUM STATISTICS_JUL 2026/daily dated 25.07.2026.xls,3.300,7.600,12.000
2026-07-26,492,Dakshina Kannada,Coastal Karnataka,12.840,74.860,53.200,35.800,49.000,2026/DAILY CUM STATISTICS_JUL 2026/daily dated 26.07.2026.xls,3.000,11.400,18.600
2026-07-26,493,Udupi,Coastal Karnataka,13.340,74.740,49.200,37.400,32.000,2026/DAILY CUM STATISTICS_JUL 2026/daily dated 26.07.2026.xls,6.700,15.500,26.400
2026-07-26,494,Uttara Kannada,Coastal Karnataka,14.790,74.690,21.400,30.400,-30.000,2026/DAILY CUM STATISTICS_JUL 2026/daily dated 26.07.2026.xls,2.300,8.600,15.000
2026-07-27,492,Dakshina Kannada,Coastal Karnataka,12.840,74.860,26.300,37.800,-30.000,2026/DAILY CUM STATISTICS_JUL 2026/daily dated 27.07.2026.xls,12.000,35.700,23.400
2026-07-27,493,Udupi,Coastal Karnataka,13.340,74.740,24.100,38.700,-38.000,2026/DAILY CUM STATISTICS_JUL 2026/daily dated 27.07.2026.xls,16.700,43.300,28.200
2026-07-27,494,Uttara Kannada,Coastal Karnataka,14.790,74.690,13.700,30.200,-54.000,2026/DAILY CUM STATISTICS_JUL 2026/daily dated 27.07.2026.xls,2.700,13.500,16.800
2026-07-28,492,Dakshina Kannada,Coastal Karnataka,12.840,74.860,28.500,35.200,-19.000,2026/DAILY CUM STATISTICS_JUL 2026/daily dated 28.07.2026.xls,26.400,22.000,24.600
2026-07-28,493,Udupi,Coastal Karnataka,13.340,74.740,44.800,35.400,27.000,2026/DAILY CUM STATISTICS_JUL 2026/daily dated 28.07.2026.xls,26.000,34.700,30.600
2026-07-28,494,Uttara Kannada,Coastal Karnataka,14.790,74.690,34.000,28.800,18.000,2026/DAILY CUM STATISTICS_JUL 2026/daily dated 28.07.2026.xls,3.000,16.000,18.600
2026-07-29,492,Dakshina Kannada,Coastal Karnataka,12.840,74.860,35.600,33.300,7.000,2026/DAILY CUM STATISTICS_JUL 2026/daily dated 29.07.2026.xls,15.600,19.100,21.000
2026-07-29,493,Udupi,Coastal Karnataka,13.340,74.740,16.900,38.500,-56.000,2026/DAILY CUM STATISTICS_JUL 2026/daily dated 29.07.2026.xls,18.800,25.500,31.800
2026-07-29,494,Uttara Kannada,Coastal Karnataka,14.790,74.690,20.400,28.600,-29.000,2026/DAILY CUM STATISTICS_JUL 2026/daily dated 29.07.2026.xls,2.200,17.700,20.400
2026-07-30,492,Dakshina Kannada,Coastal Karnataka,12.840,74.860,22.800,32.700,-30.000,2026/DAILY CUM STATISTICS_JUL 2026/daily dated 30.07.2026.xls,23.400,24.600,22.200
2026-07-30,493,Udupi,Coastal Karnataka,13.340,74.740,18.900,36.600,-48.000,2026/DAILY CUM STATISTICS_JUL 2026/daily dated 30.07.2026.xls,27.400,40.100,34.200
2026-07-30,494,Uttara Kannada,Coastal Karnataka,14.790,74.690,6.700,28.200,-76.000,2026/DAILY CUM STATISTICS_JUL 2026/daily dated 30.07.2026.xls,3.200,17.200,19.800
2026-07-31,492,Dakshina Kannada,Coastal Karnataka,12.840,74.860,22.400,32.500,-31.000,2026/DAILY CUM STATISTICS_JUL 2026/daily dated 31.07.2026.xls,23.100,43.200,39.000
2026-07-31,493,Udupi,Coastal Karnataka,13.340,74.740,28.500,32.600,-13.000,2026/DAILY CUM STATISTICS_JUL 2026/daily dated 31.07.2026.xls,36.800,66.400,56.400
2026-07-31,494,Uttara Kannada,Coastal Karnataka,14.790,74.690,19.800,29.600,-33.000,2026/DAILY CUM STATISTICS_JUL 2026/daily dated 31.07.2026.xls,7.600,39.700,38.400
2026-08-01,492,Dakshina Kannada,Coastal Karnataka,12.840,74.860,58.300,34.300,70.000,2026/DAILY CUM STATISTICS_AUG 2026/daily dated 01.08.2026.xls,36.200,41.600,60.600
2026-08-01,493,Udupi,Coastal Karnataka,13.340,74.740,43.900,40.100,10.000,2026/DAILY CUM STATISTICS_AUG 2026/daily dated 01.08.2026.xls,40.000,42.600,61.800
2026-08-01,494,Uttara Kannada,Coastal Karnataka,14.790,74.690,31.300,30.100,4.000,2026/DAILY CUM STATISTICS_AUG 2026/daily dated 01.08.2026.xls,4.000,16.100,27.000
2026-08-02,492,Dakshina Kannada,Coastal Karnataka,12.840,74.860,110.300,40.000,176.000,2026/DAILY CUM STATISTICS_AUG 2026/daily dated 02.08.2026.xls,28.100,27.300,31.200
2026-08-02,493,Udupi,Coastal Karnataka,13.340,74.740,95.300,42.100,126.000,2026/DAILY CUM STATISTICS_AUG 2026/daily dated 02.08.2026.xls,30.200,14.700,31.800
2026-08-02,494,Uttara Kannada,Coastal Karnataka,14.790,74.690,51.700,30.900,67.000,2026/DAILY CUM STATISTICS_AUG 2026/daily dated 02.08.2026.xls,1.600,6.000,16.800
2026-08-03,492,Dakshina Kannada,Coastal Karnataka,12.840,74.860,50.800,32.700,55.000,2026/DAILY CUM STATISTICS_AUG 2026/daily dated 03.08.2026.xls,17.100,15.400,26.400
2026-08-03,493,Udupi,Coastal Karnataka,13.340,74.740,31.000,35.800,-14.000,2026/DAILY CUM STATISTICS_AUG 2026/daily dated 03.08.2026.xls,12.800,27.200,28.800
2026-08-03,494,Uttara Kannada,Coastal Karnataka,14.790,74.690,31.500,33.000,-5.000,2026/DAILY CUM STATISTICS_AUG 2026/daily dated 03.08.2026.xls,0.900,17.200,14.400
2026-08-04,492,Dakshina Kannada,Coastal Karnataka,12.840,74.860,84.600,36.100,134.000,2026/DAILY CUM STATISTICS_AUG 2026/daily dated 04.08.2026.xls,17.900,15.400,32.400
2026-08-04,493,Udupi,Coastal Karnataka,13.340,74.740,99.500,38.800,157.000,2026/DAILY CUM STATISTICS_AUG 2026/daily dated 04.08.2026.xls,18.700,29.100,36.000
2026-08-04,494,Uttara Kannada,Coastal Karnataka,14.790,74.690,37.100,34.100,9.000,2026/DAILY CUM STATISTICS_AUG 2026/daily dated 04.08.2026.xls,2.000,14.900,17.400
2026-08-05,492,Dakshina Kannada,Coastal Karnataka,12.840,74.860,40.400,35.100,15.000,2026/DAILY CUM STATISTICS_AUG 2026/daily dated 05.08.2026.xls,19.800,13.500,22.800
2026-08-05,493,Udupi,Coastal Karnataka,13.340,74.740,63.700,35.300,81.000,2026/DAILY CUM STATISTICS_AUG 2026/daily dated 05.08.2026.xls,18.800,18.200,27.600
2026-08-05,494,Uttara Kannada,Coastal Karnataka,14.790,74.690,33.900,31.200,9.000,2026/DAILY CUM STATISTICS_AUG 2026/daily dated 05.08.2026.xls,0.600,5.800,15.000
2026-08-06,492,Dakshina Kannada,Coastal Karnataka,12.840,74.860,30.200,33.100,-9.000,2026/DAILY CUM STATISTICS_AUG 2026/daily dated 06.08.2026.xls,16.500,15.600,19.200
2026-08-06,493,Udupi,Coastal Karnataka,13.340,74.740,24.900,33.200,-25.000,2026/DAILY CUM STATISTICS_AUG 2026/daily dated 06.08.2026.xls,22.400,17.600,24.000
2026-08-06,494,Uttara Kannada,Coastal Karnataka,14.790,74.690,10.800,28.400,-62.000,2026/DAILY CUM STATISTICS_AUG 2026/daily dated 06.08.2026.xls,3.300,10.200,15.000
2026-08-07,492,Dakshina Kannada,Coastal Karnataka,12.840,74.860,39.500,30.500,30.000,2026/DAILY CUM STATISTICS_AUG 2026/daily dated 07.08.2026.xls,26.700,22.900,45.600
2026-08-07,493,Udupi,Coastal Karnataka,13.340,74.740,30.600,32.100,-5.000,2026/DAILY CUM STATISTICS_AUG 2026/daily dated 07.08.2026.xls,44.400,28.500,46.200
2026-08-07,494,Uttara Kannada,Coastal Karnataka,14.790,74.690,28.200,29.300,-4.000,2026/DAILY CUM STATISTICS_AUG 2026/daily dated 07.08.2026.xls,2.300,9.300,15.600
2026-08-08,492,Dakshina Kannada,Coastal Karnataka,12.840,74.860,43.800,32.300,36.000,2026/DAILY CUM STATISTICS_AUG 2026/daily dated 08.08.2026.xls,33.600,13.300,21.600
2026-08-08,493,Udupi,Coastal Karnataka,13.340,74.740,17.300,39.700,-56.000,2026/DAILY CUM STATISTICS_AUG 2026/daily dated 08.08.2026.xls,32.000,26.300,25.200
2026-08-08,494,Uttara Kannada,Coastal Karnataka,14.790,74.690,19.000,30.600,-38.000,2026/DAILY CUM STATISTICS_AUG 2026/daily dated 08.08.2026.xls,1.900,9.300,10.200
2026-08-09,492,Dakshina Kannada,Coastal Karnataka,12.840,74.860,19.000,31.700,-40.000,2026/DAILY CUM STATISTICS_AUG 2026/daily dated 09.08.2026.xls,9.500,7.400,13.800
2026-08-09,493,Udupi,Coastal Karnataka,13.340,74.740,23.700,37.600,-37.000,2026/DAILY CUM STATISTICS_AUG 2026/daily dated 09.08.2026.xls,11.800,10.800,15.600
2026-08-09,494,Uttara Kannada,Coastal Karnataka,14.790,74.690,17.900,31.900,-44.000,2026/DAILY CUM STATISTICS_AUG 2026/daily dated 09.08.2026.xls,1.100,5.700,6.000
2026-08-10,492,Dakshina Kannada,Coastal Karnataka,12.840,74.860,17.400,34.000,-49.000,2026/DAILY CUM STATISTICS_AUG 2026/daily dated 10.08.2026.xls,1.600,9.800,11.400
2026-08-10,493,Udupi,Coastal Karnataka,13.340,74.740,13.900,38.300,-64.000,2026/DAILY CUM STATISTICS_AUG 2026/daily dated 10.08.2026.xls,4.200,19.600,16.200
2026-08-10,494,Uttara Kannada,Coastal Karnataka,14.790,74.690,6.600,29.600,-78.000,2026/DAILY CUM STATISTICS_AUG 2026/daily dated 10.08.2026.xls,2.400,3.100,8.400
2026-08-11,492,Dakshina Kannada,Coastal Karnataka,12.840,74.860,15.900,36.200,-56.000,2026/DAILY CUM STATISTICS_AUG 2026/daily dated 11.08.2026.xls,6.800,8.500,10.800
2026-08-11,493,Udupi,Coastal Karnataka,13.340,74.740,25.100,41.200,-39.000,2026/DAILY CUM STATISTICS_AUG 2026/daily dated 11.08.2026.xls,11.100,18.700,16.800
2026-08-11,494,Uttara Kannada,Coastal Karnataka,14.790,74.690,12.800,31.100,-59.000,2026/DAILY CUM STATISTICS_AUG 2026/daily dated 11.08.2026.xls,1.200,8.800,9.000
2026-08-12,492,Dakshina Kannada,Coastal Karnataka,12.840,74.860,15.100,38.800,-61.000,2026/DAILY CUM STATISTICS_AUG 2026/daily dated 12.08.2026.xls,9.500,9.400,9.600
2026-08-12,493,Udupi,Coastal Karnataka,13.340,74.740,21.500,44.000,-51.000,2026/DAILY CUM STATISTICS_AUG 2026/daily dated 12.08.2026.xls,13.000,11.300,14.400
2026-08-12,494,Uttara Kannada,Coastal Karnataka,14.790,74.690,16.500,31.300,-47.000,2026/DAILY CUM STATISTICS_AUG 2026/daily dated 12.08.2026.xls,1.500,6.100,10.800
2026-08-13,492,Dakshina Kannada,Coastal Karnataka,12.840,74.860,22.900,33.400,-31.000,2026/DAILY CUM STATISTICS_AUG 2026/daily dated 13.08.2026.xls,5.500,8.800,12.000
2026-08-13,493,Udupi,Coastal Karnataka,13.340,74.740,37.800,35.100,8.000,2026/DAILY CUM STATISTICS_AUG 2026/daily dated 13.08.2026.xls,8.600,10.100,15.000
2026-08-13,494,Uttara Kannada,Coastal Karnataka,14.790,74.690,22.100,29.600,-25.000,2026/DAILY CUM STATISTICS_AUG 2026/daily dated 13.08.2026.xls,1.800,10.300,10.800
2026-08-14,492,Dakshina Kannada,Coastal Karnataka,12.840,74.860,21.000,31.600,-34.000,2026/DAILY CUM STATISTICS_AUG 2026/daily dated 14.08.2026.xls,15.500,8.200,16.200
2026-08-14,493,Udupi,Coastal Karnataka,13.340,74.740,11.000,35.000,-69.000,2026/DAILY CUM STATISTICS_AUG 2026/daily dated 14.08.2026.xls,20.900,10.200,19.800
2026-08-14,494,Uttara Kannada,Coastal Karnataka,14.790,74.690,19.400,26.300,-26.000,2026/DAILY CUM STATISTICS_AUG 2026/daily dated 14.08.2026.xls,1.600,7.900,10.200
2026-08-15,492,Dakshina Kannada,Coastal Karnataka,12.840,74.860,23.600,28.500,-17.000,2026/DAILY CUM STATISTICS_AUG 2026/daily dated 15.08.2026.xls,32.300,6.400,14.400
2026-08-15,493,Udupi,Coastal Karnataka,13.340,74.740,29.600,30.600,-3.000,2026/DAILY CUM STATISTICS_AUG 2026/daily dated 15.08.2026.xls,31.200,6.400,16.200
2026-08-15,494,Uttara Kannada,Coastal Karnataka,14.790,74.690,13.700,24.400,-44.000,2026/DAILY CUM STATISTICS_AUG 2026/daily dated 15.08.2026.xls,0.600,7.100,9.600
2026-08-16,492,Dakshina Kannada,Coastal Karnataka,12.840,74.860,6.100,28.800,-79.000,2026/DAILY CUM STATISTICS_AUG 2026/daily dated 16.08.2026.xls,4.300,4.800,6.600
2026-08-16,493,Udupi,Coastal Karnataka,13.340,74.740,18.100,30.500,-41.000,2026/DAILY CUM STATISTICS_AUG 2026/daily dated 16.08.2026.xls,8.200,12.000,9.000
2026-08-16,494,Uttara Kannada,Coastal Karnataka,14.790,74.690,17.100,23.300,-27.000,2026/DAILY CUM STATISTICS_AUG 2026/daily dated 16.08.2026.xls,1.200,6.600,6.600
2026-08-17,492,Dakshina Kannada,Coastal Karnataka,12.840,74.860,18.700,32.100,-42.000,2026/DAILY CUM STATISTICS_AUG 2026/daily dated 17.08.2026.xls,9.100,5.200,7.200
2026-08-17,493,Udupi,Coastal Karnataka,13.340,74.740,20.000,33.700,-41.000,2026/DAILY CUM STATISTICS_AUG 2026/daily dated 17.08.2026.xls,11.000,8.900,9.000
2026-08-17,494,Uttara Kannada,Coastal Karnataka,14.790,74.690,13.200,25.900,-49.000,2026/DAILY CUM STATISTICS_AUG 2026/daily dated 17.08.2026.xls,0.300,8.100,5.400
2026-08-18,492,Dakshina Kannada,Coastal Karnataka,12.840,74.860,16.100,30.700,-48.000,2026/DAILY CUM STATISTICS_AUG 2026/daily dated 18.08.2026.xls,4.400,6.500,15.000
2026-08-18,493,Udupi,Coastal Karnataka,13.340,74.740,22.700,34.500,-34.000,2026/DAILY CUM STATISTICS_AUG 2026/daily dated 18.08.2026.xls,5.600,11.300,19.200
2026-08-18,494,Uttara Kannada,Coastal Karnataka,14.790,74.690,9.600,22.500,-57.000,2026/DAILY CUM STATISTICS_AUG 2026/daily dated 18.08.2026.xls,3.100,21.400,10.200
2026-08-19,492,Dakshina Kannada,Coastal Karnataka,12.840,74.860,31.800,24.800,28.000,2026/DAILY CUM STATISTICS_AUG 2026/daily dated 19.08.2026.xls,2.000,4.600,12.600
2026-08-19,493,Udupi,Coastal Karnataka,13.340,74.740,45.100,31.800,42.000,2026/DAILY CUM STATISTICS_AUG 2026/daily dated 19.08.2026.xls,6.800,5.400,18.600
2026-08-19,494,Uttara Kannada,Coastal Karnataka,14.790,74.690,13.900,21.000,-34.000,2026/DAILY CUM STATISTICS_AUG 2026/daily dated 19.08.2026.xls,1.300,4.400,7.200
2026-08-20,492,Dakshina Kannada,Coastal Karnataka,12.840,74.860,25.800,24.000,8.000,2026/DAILY CUM STATISTICS_AUG 2026/daily dated 20.08.2026.xls,2.800,4.300,8.400
2026-08-20,493,Udupi,Coastal Karnataka,13.340,74.740,37.200,25.400,47.000,2026/DAILY CUM STATISTICS_AUG 2026/daily dated 20.08.2026.xls,5.400,10.300,10.800
2026-08-20,494,Uttara Kannada,Coastal Karnataka,14.790,74.690,10.800,15.900,-32.000,2026/DAILY CUM STATISTICS_AUG 2026/daily dated 20.08.2026.xls,1.000,6.200,5.400
2026-08-21,492,Dakshina Kannada,Coastal Karnataka,12.840,74.860,3.900,21.300,-82.000,2026/DAILY CUM STATISTICS_AUG 2026/daily dated 21.08.2026.xls,3.600,5.200,6.000
2026-08-21,493,Udupi,Coastal Karnataka,13.340,74.740,2.800,24.600,-89.000,2026/DAILY CUM STATISTICS_AUG 2026/daily dated 21.08.2026.xls,5.200,11.300,7.800
2026-08-21,494,Uttara Kannada,Coastal Karnataka,14.790,74.690,6.300,17.500,-64.000,2026/DAILY CUM STATISTICS_AUG 2026/daily dated 21.08.2026.xls,1.000,3.600,5.400
2026-08-22,492,Dakshina Kannada,Coastal Karnataka,12.840,74.860,15.000,26.300,-43.000,2026/DAILY CUM STATISTICS_AUG 2026/daily dated 22.08.2026.xls,2.600,12.100,13.800
2026-08-22,493,Udupi,Coastal Karnataka,13.340,74.740,19.500,24.500,-21.000,2026/DAILY CUM STATISTICS_AUG 2026/daily dated 22.08.2026.xls,5.400,14.900,18.600
2026-08-22,494,Uttara Kannada,Coastal Karnataka,14.790,74.690,7.700,15.200,-50.000,2026/DAILY CUM STATISTICS_AUG 2026/daily dated 22.08.2026.xls,0.600,12.500,8.400
2026-08-23,492,Dakshina Kannada,Coastal Karnataka,12.840,74.860,16.600,20.800,-20.000,2026/DAILY CUM STATISTICS_AUG 2026/daily dated 23.08.2026.xls,11.000,6.700,16.200
2026-08-23,493,Udupi,Coastal Karnataka,13.340,74.740,23.100,24.400,-5.000,2026/DAILY CUM STATISTICS_AUG 2026/daily dated 23.08.2026.xls,13.300,10.900,21.600
2026-08-23,494,Uttara Kannada,Coastal Karnataka,14.790,74.690,12.600,15.300,-17.000,2026/DAILY CUM STATISTICS_AUG 2026/daily dated 23.08.2026.xls,1.100,6.800,10.800
2026-08-24,492,Dakshina Kannada,Coastal Karnataka,12.840,74.860,43.500,20.500,112.000,2026/DAILY CUM STATISTICS_AUG 2026/daily dated 24.08.2026.xls,26.100,16.100,28.200
2026-08-24,493,Udupi,Coastal Karnataka,13.340,74.740,26.700,20.800,28.000,2026/DAILY CUM STATISTICS_AUG 2026/daily dated 24.08.2026.xls,30.600,13.100,30.000
2026-08-24,494,Uttara Kannada,Coastal Karnataka,14.790,74.690,16.200,15.400,5.000,2026/DAILY CUM STATISTICS_AUG 2026/daily dated 24.08.2026.xls,1.600,8.000,10.200
2026-08-25,492,Dakshina Kannada,Coastal Karnataka,12.840,74.860,46.300,26.100,77.000,2026/DAILY CUM STATISTICS_AUG 2026/daily dated 25.08.2026.xls,26.100,13.200,25.200
2026-08-25,493,Udupi,Coastal Karnataka,13.340,74.740,19.500,28.700,-32.000,2026/DAILY CUM STATISTICS_AUG 2026/daily dated 25.08.2026.xls,29.000,26.700,25.200
2026-08-25,494,Uttara Kannada,Coastal Karnataka,14.790,74.690,10.000,17.100,-41.000,2026/DAILY CUM STATISTICS_AUG 2026/daily dated 25.08.2026.xls,1.200,6.100,9.000
2026-08-26,492,Dakshina Kannada,Coastal Karnataka,12.840,74.860,31.100,22.700,37.000,2026/DAILY CUM STATISTICS_AUG 2026/daily dated 26.08.2026.xls,10.700,13.400,14.400
2026-08-26,493,Udupi,Coastal Karnataka,13.340,74.740,10.300,27.100,-62.000,2026/DAILY CUM STATISTICS_AUG 2026/daily dated 26.08.2026.xls,14.000,18.500,15.600
2026-08-26,494,Uttara Kannada,Coastal Karnataka,14.790,74.690,18.300,18.100,1.000,2026/DAILY CUM STATISTICS_AUG 2026/daily dated 26.08.2026.xls,1.000,6.200,7.200
2026-08-27,492,Dakshina Kannada,Coastal Karnataka,12.840,74.860,15.700,20.700,-24.000,2026/DAILY CUM STATISTICS_AUG 2026/daily dated 27.08.2026.xls,2.700,7.000,9.600
2026-08-27,493,Udupi,Coastal Karnataka,13.340,74.740,8.900,21.700,-59.000,2026/DAILY CUM STATISTICS_AUG 2026/daily dated 27.08.2026.xls,3.000,7.800,10.800
2026-08-27,494,Uttara Kannada,Coastal Karnataka,14.790,74.690,3.100,13.800,-77.000,2026/DAILY CUM STATISTICS_AUG 2026/daily dated 27.08.2026.xls,1.100,5.200,6.600
2026-08-28,492,Dakshina Kannada,Coastal Karnataka,12.840,74.860,18.800,18.500,2.000,2026/DAILY CUM STATISTICS_AUG 2026/daily dated 28.08.2026.xls,0.100,4.900,9.000
2026-08-28,493,Udupi,Coastal Karnataka,13.340,74.740,12.800,20.000,-36.000,2026/DAILY CUM STATISTICS_AUG 2026/daily dated 28.08.2026.xls,0.900,3.700,10.800
2026-08-28,494,Uttara Kannada,Coastal Karnataka,14.790,74.690,8.700,13.900,-37.000,2026/DAILY CUM STATISTICS_AUG 2026/daily dated 28.08.2026.xls,0.000,4.800,6.600
2026-08-29,492,Dakshina Kannada,Coastal Karnataka,12.840,74.860,19.500,20.100,-3.000,2026/DAILY CUM STATISTICS_AUG 2026/daily dated 29.08.2026.xls,0.500,3.400,5.400
2026-08-29,493,Udupi,Coastal Karnataka,13.340,74.740,20.200,22.100,-9.000,2026/DAILY CUM STATISTICS_AUG 2026/daily dated 29.08.2026.xls,2.400,4.000,7.200
2026-08-29,494,Uttara Kannada,Coastal Karnataka,14.790,74.690,9.800,16.700,-42.000,2026/DAILY CUM STATISTICS_AUG 2026/daily dated 29.08.2026.xls,0.100,4.500,6.000
2026-08-30,492,Dakshina Kannada,Coastal Karnataka,12.840,74.860,8.600,17.100,-50.000,2026/DAILY CUM STATISTICS_AUG 2026/daily dated 30.08.2026.xls,0.200,4.300,4.800
2026-08-30,493,Udupi,Coastal Karnataka,13.340,74.740,13.700,23.100,-41.000,2026/DAILY CUM STATISTICS_AUG 2026/daily dated 30.08.2026.xls,2.000,7.200,9.000
2026-08-30,494,Uttara Kannada,Coastal Karnataka,14.790,74.690,9.800,16.500,-41.000,2026/DAILY CUM STATISTICS_AUG 2026/daily dated 30.08.2026.xls,0.200,6.000,5.400
2026-08-31,492,Dakshina Kannada,Coastal Karnataka,12.840,74.860,17.300,21.100,-18.000,2026/DAILY CUM STATISTICS_AUG 2026/daily dated 31.08.2026.xls,0.600,2.800,5.400
2026-08-31,493,Udupi,Coastal Karnataka,13.340,74.740,16.700,24.500,-32.000,2026/DAILY CUM STATISTICS_AUG 2026/daily dated 31.08.2026.xls,2.600,3.900,7.200
2026-08-31,494,Uttara Kannada,Coastal Karnataka,14.790,74.690,4.600,17.800,-74.000,2026/DAILY CUM STATISTICS_AUG 2026/daily dated 31.08.2026.xls,0.700,4.500,4.800
